UM;67;Johnston Atoll (ISO reserved code = JT);Islands/Groups of Islands
UM;71;Midway Islands (ISO reserved code = I);Islands/Groups of Islands
UM;76;Navassa Island (ISO reserved code = NV);Islands/Groups of Islands
UM;79;Wake Island (ISO reserved code = WK);Islands/Groups of Islands
UM;81;Baker Island;Islands/Groups of Islands
UM;84;Howland Island;Islands/Groups of Islands
UM;86;Jarvis Island;Islands/Groups of Islands
UM;89;Kingman Reef;Islands/Groups of Islands
UM;95;Palmyra Atoll;Islands/Groups of Islands
