RS;;.SERBIA;;;;;;;;
RS;ADA;Ada;Ada;;-23-----;RL;0607;;4547N 02009E;
RS;APT;Apatin;Apatin;;123-----;RL;0607;;4540N 01859E;
RS;ALC;Arandjelovac;Arandjelovac;;--3-----;RQ;0607;;4418N 02034E;
RS;ARJ;Arilje;Arilje;;--3-----;RL;0607;;4345N 02005E;
RS;BPA;Backa Palanka;Backa Palanka;;123-----;RL;0607;;4515N 01923E;
RS;BTO;Backa Topola;Backa Topola;;-23-----;RL;0607;;4548N 01938E;
RS;BSA;Baracka;Baracka;;--3-----;RL;0607;;4581N 01851E;
RS;BRC;Baric;Baric;;--3-----;RQ;0607;;4439N 02015E;
RS;BEC;Becej;Becej;;-23-----;RL;0607;;4537N 02002E;
RS;BEG;Belgrade (Beograd);Belgrade (Beograd);;-2345---;RL;0607;;4450N 02031E;
RS;BCN;Beocin;Beocin;;--3-----;RL;0607;;4512N 01943E;
RS;BZD;Bezdam;Bezdam;;1-3-----;RL;0607;;4551N 01855E;
RS;BVO;Bogojevo;Bogojevo;;-23-----;RL;0607;;4531N 01907E;
RS;BVC;Boljevac;Boljevac;;--3-----;RL;0701;;4350N 02158E;
RS;BOR;Bor;Bor;;--3-----;RL;0607;;4407N 02206E;
RS;BUJ;Bujanovac;Bujanovac;;-23-----;RL;0607;;4227N 02146E;
RS;CAC;Cacak;Cacak;;-23-----;RL;0607;;4353N 02020E;
RS;CBO;Camp Bondsteel;Camp Bondsteel;;--3-----;RQ;0607;;4220N 02117E;
RS;CMI;Camp Montieth;Camp Montieth;;--3-----;RQ;0607;;4228N 02128E;
RS;CVC;Cerevic;Cerevic;;--3-----;RL;0607;;4513N 01939E;
RS;CUP;Cuprija;Cuprija;;-23-----;RL;0607;;4356N 02123E;
RS;CRG;Curug;Curug;;-23-----;RL;0607;;4528N 02004E;
RS;DIM;Dimitrovgrad;Dimitrovgrad;;1-3-----;RL;0607;;4300N 02246E;
RS;DVC;Doljevac;Doljevac;;--3-----;RL;0701;;4312N 02150E;
RS;DZC;Drazevac;Drazevac;;--3-----;RL;0607;;4434N 02013E;
RS;GMI;Gornji Milanovac;Gornji Milanovac;;-23-----;RL;0607;;4402N 02027E;
RS;GRU;Gruza;Gruza;;--3-----;RL;0607;;4354N 02046E;
RS;HRT;Hrtkovci;Hrtkovci;;--3-----;RL;0701;;4453N 01946E;
RS;IVA;Ivanjica;Ivanjica;;--3-----;RL;0607;;4334N 02013E;
RS;JAG;Jagodina;Jagodina;;-23-----;RL;0607;;4358N 02115E;
RS;KJA;Kanjiza;Kanjiza;;--3-----;RL;0607;;4604N 02003E;
RS;KAY;Kikinda;Kikinda;;-23-----;RL;0607;;4549N 02027E;
RS;KDV;Kladovo;Kladovo;;--3-----;RL;0607;;4437N 02237E;
RS;KNC;Knic;Knic;;-23-----;RL;0607;;4355N 02043E;
RS;KVC;Knjazevac;Knjazevac;;-23-----;RL;0607;;4334N 02215E;
RS;KPJ;Kosovo Polje (Fush� Kosove);Kosovo Polje (Fushe Kosove);;--3-----;RL;0607;;4238N 02105E;
RS;KTC;Kostolac;Kostolac;;--3-----;RL;0607;;4441N 02109E;
RS;KOV;Kovin;Kovin;;-23-----;RL;0701;;4445N 02059E;
RS;KGV;Kragujevac;Kragujevac;;-23-----;RL;0607;;4401N 02055E;
RS;KRA;Kraljevo;Kraljevo;;-23-----;RL;0607;;4344N 02041E;
RS;KRU;Krusevac;Krusevac;;-23-----;RL;0607;;4334N 02120E;
RS;KMA;Kursumlija;Kursumlija;;123-----;RL;0607;;4308N 02116E;
RS;LAC;Lacarak;Lacarak;;-23-----;RL;0701;;4500N 01934E;
RS;LPO;Lapovo;Lapovo;;--3-----;RL;0607;;4411N 02105E;
RS;LBE;Lebane;Lebane;;--3-----;RL;0607;;4255N 02144E;
RS;LVC;Leskovac;Leskovac;;-23-----;RL;0607;;4259N 02157E;
RS;LTE;Lestane;Lestane;;--3-----;RQ;0607;;4443N 02034E;
RS;LJG;Ljig;Ljig;;--3-----;RQ;0607;;4413N 02014E;
RS;LOZ;Loznica;Loznica;;-23-----;RL;0607;;4432N 01913E;
RS;LZO;Lozovik;Lozovik;;-23-----;RL;0701;;4428N 02106E;
RS;MLI;Melenci;Melenci;;--3-----;RL;0607;;4531N 02019E;
RS;MSA;Merosina;Merosina;;--3-----;RL;0607;;4316N 02143E;
RS;MNC;Mladenovac;Mladenovac;;--3-----;RL;0607;;4426N 02041E;
RS;MJI;Mrcajevci;Mrcajevci;;--3-----;RL;0607;;4353N 02032E;
RS;NEG;Negotin;Negotin;;-23-----;RL;0607;;4413N 02231E;
RS;INI;Nis;Nis;;-234----;AI;0607;;4319N 02154E;
RS;NPA;Nova Pazova;Nova Pazova;;-23-----;RL;0701;;4456N 02014E;
RS;NVP;Novi Pazar;Novi Pazar;;--3-----;RL;0607;;4308N 02030E;
RS;NVS;Novi Sad;Novi Sad;;-23-----;RL;0607;;4516N 01950E;
RS;NSL;Novi Slankamen;Novi Slankamen;;--3-----;RL;0607;;4507N 02014E;
RS;NOS;Novo Selo;Novo Selo;;--3-5---;RL;0607;;4243N 02019E;
RS;ONC;Obrenovac;Obrenovac;;--3-----;RL;0607;;4439N 02012E;
RS;PLC;Palic;Palic;;-23-----;RL;0607;;4607N 01945E;
RS;PYJ;Pancevo;Pancevo;;-23-----;RL;0607;;4452N 02040E;
RS;PCN;Parain;Parain;;-23-----;RL;0607;;4352N 02124E;
RS;PIR;Pirot;Pirot;;-23-----;RL;0607;;4309N 02235E;
RS;ZZP;Pozarevac;Pozarevac;;-234----;AI;0607;;4436N 02110E;
RS;POZ;Pozega;Pozega;;-23-----;RL;0607;;4350N 02002E;
RS;PHO;Prahovo;Prahovo;;123-----;RL;0607;;4417N 02235E;
RS;PRI;Prijepolje;Prijepolje;;-23-----;RL;0607;;4323N 01938E;
RS;PRN;Pristina;Pristina;;-234----;RL;0607;;4240N 02110E;
RS;PRZ;Prizren;Prizren;;-23-----;RL;0607;;4212N 02045E;
RS;PRO;Prokuplje;Prokuplje;;-23-----;RL;0607;;4314N 02135E;
RS;RAS;Raska;Raska;;-23-----;RL;0701;;4317N 02036E;
RS;RPJ;Ripanj;Ripanj;;--3-----;RL;0607;;4438N 02031E;
RS;RUM;Ruma;Ruma;;-23-----;RL;0607;;4500N 01949E;
RS;SAB;Sabac;Sabac;;-23-----;RL;0607;;4445N 01941E;
RS;SEV;Sevojno;Sevojno;;-23-----;RL;0607;;4350N 01953E;
RS;SID;Sid;Sid;;-23-----;RL;0607;;4507N 01913E;
RS;SRG;Sirig;Sirig;;--3-----;RL;0607;;4526N 01948E;
RS;SMO;Smederevo;Smederevo;;-23-----;RL;0607;;4439N 02055E;
RS;SOM;Sombor;Sombor;;-23-----;RL;0607;;4546N 01906E;
RS;SCA;Sremcica;Sremcica;;--3-----;RL;0607;;4440N 02023E;
RS;SRM;Sremska Mitrovica;Sremska Mitrovica;;-23-----;RL;0607;;4458N 01936E;
RS;SKA;Sremski Karlovci;Sremski Karlovci;;123-----;RL;0607;;4512N 01956E;
RS;SPA;Stara Pazova;Stara Pazova;;-23-----;RL;0607;;4459N 02009E;
RS;STZ;Strezimirovci;Strezimirovci;;--3-----;RL;0607;;4247N 02226E;
RS;SUB;Subotica;Subotica;;-23-----;RL;0607;;4606N 01940E;
RS;SNC;Svilajnac;Svilajnac;;--3-----;RL;0607;;4414N 02110E;
RS;TJV;Tresnjevac;Tresnjevac;;--3-----;RL;0607;;4405N 01854E;
RS;UZC;Uzice;Uzice;;-234----;RL;0607;;4351N 01950E;
RS;VLJ;Valjevo;Valjevo;;-23-----;RL;0607;;4416N 01953E;
RS;VGS;Veliko Gradiste;Veliko Gradiste;;1-3-----;RL;0607;;4445N 02130E;
RS;VLA;Vlasotince;Vlasotince;;--3-----;RL;0607;;4257N 02207E;
RS;VOG;Voganj;Voganj;;-23-----;RL;0701;;4500N 01945E;
RS;VRA;Vranje;Vranje;;123-----;RL;0607;;4233N 02154E;
RS;VRB;Vrbas;Vrbas;;-23-----;RL;0607;;4534N 01939E;
RS;VRS;Vrsac;Vrsac;;-23-----;RL;0607;;4507N 02118E;
RS;ZAJ;Zajecar;Zajecar;;-23-----;RL;0607;;4354N 02217E;
RS;ZEM;Zemun;Zemun;;-23-----;RL;0607;;4450N 02024E;
RS;ZRN;Zrenjanin;Zrenjanin;;-23-----;RL;0607;;4523N 02022E;
