IR;;.IRAN; ISLAMIC REPUBLIC OF;;;;;;;;
IR;ABD;Abadan;Abadan;;1--45---;AI;9601;;;
IR;AWZ;Ahwaz;Ahwaz;;---4----;AI;9601;;;
IR;UZA;Al Uzsayr;Al Uzsayr;;0-------;RQ;9012;;;
IR;AMR;Amara;Amara;;0-------;RQ;9012;;;
IR;ARA;Arak;Arak;;--3-----;RL;0401;;3405N 04941E;
IR;ADU;Ardabil;Ardabil;;---4----;AI;0001;;;
IR;ASA;Asaluyeh;Asaluyeh;;1-3-----;RL;0307;;2728N 05236E;
IR;ASR;Astara;Astara;;0-------;RQ;9506;;;
IR;BBL;Babolsar;Babolsar;;---4----;AI;0001;;;
IR;IAQ;Bahregan;Bahregan;;---4----;AI;0001;;;
IR;BAJ;Bajgiran;Bajgiran;;----5---;AI;9805;;;
IR;BXR;Bam;Bam;;---4----;AI;0001;;;
IR;BND;Bandar Abbas;Bandar Abbas;;1--4----;AI;9601;;;
IR;BAH;Bandar Assaluyeh;Bandar Assaluyeh;;1-------;RQ;0401;;;
IR;BKM;Bandar Khomeini;Bandar Khomeini;;1-34----;RL;0307;QBR;3026N 04906E;
IR;BMR;Bandar Mashur;Bandar Mashur;;1-----7-;RL;0307;;3033N 04911E;cf IR MRX
IR;BSR;Bandar Shahid Rajaee;Bandar Shahid Rajaee;;1-------;RQ;0401;;;
IR;BAZ;Bandar-e Anzali;Bandar-e Anzali;;1-------;RL;0212;;3728N 04928E;
IR;BRG;Bandar-e Gaz;Bandar-e Gaz;;1-------;RL;0212;;3647N 05357E;
IR;BDH;Bandar-e Lengeh;Bandar-e Lengeh;;---4----;AI;0212;;2633N 05453E;
IR;MRX;Bandar-e M�h Shahr;Bandar-e Mah Shahr;;1234----;RL;0507;;3032N 04910E;
IR;DGN;Basargan;Basargan;;0-------;RQ;9012;;;
IR;XBJ;Birjand;Birjand;;---4----;AI;0001;;;
IR;BJB;Bojnurd;Bojnurd;;---4----;AI;0212;;3729N 05719E;
IR;BUZ;Bushehr;Bushehr;;1--4----;AI;9601;;;
IR;ZBR;Chah Bahar;Chah Bahar;;1--4----;AI;0212;;;
IR;DAM;Damavand;Damavand;;--3-----;RL;0212;;3544N 05203E;
IR;DOG;Do Gharun;Do Gharun;;--3-----;RL;0201;;3443N 06056E;
IR;ESF;Esfahan;Esfahan;;--3-----;RQ;9501;;;
IR;GHA;Ghazvin (Qazwin);Ghazvin (Qazwin);;0-------;RQ;9601;;;
IR;GSM;Gheshm;Gheshm;;---4----;AI;0001;;;
IR;HDM;Hamadan;Hamadan;;---4----;AI;0001;;;
IR;HEJ;Henjam;Henjam;;0-------;RQ;9506;;;
IR;HOR;Hormuz;Hormuz;;0-------;RQ;9506;;;
IR;IMH;Imam Hasan;Imam Hasan;;1-------;RQ;9506;;;
IR;IFN;Isfahan;Isfahan;;12-4----;AI;9601;;;
IR;IQH;Islam Qal'eh;Islam Qal'eh;;--3-----;RQ;0207;;;
IR;JAK;Jask;Jask;;0-------;RQ;9506;;;
IR;DJU;Jolfa;Jolfa;;--3-----;RQ;0212;;;
IR;KNR;Kangan;Kangan;;---4----;AI;0001;;;
IR;QKC;Karaj;Karaj;;---4----;AI;0001;;;
IR;KAS;Kashan;Kashan;;1-------;QQ;8103;;;
IR;KER;Kerman;Kerman;;---4----;AI;9601;;;
IR;KMS;Kermanshah;Kermanshah;;--3-----;RL;0501;;3118N 05452E;
IR;KSH;Kermanshah (Bakhtaran);Kermanshah (Bakhtaran);;123-----;RL;0501;;3418N 04703E;
IR;KHA;Khaneh;Khaneh;;---4----;AI;0001;;;
IR;KHK;Khark Island;Khark Island;;1--4----;AI;9601;;;
IR;KHD;Khorramabad;Khorramabad;;---4----;AI;0001;;;
IR;KHO;Khorramshahr;Khorramshahr;;1-------;QQ;8103;;;
IR;KHS;Khosravi;Khosravi;;----5---;AI;9805;;;
IR;KHY;Khvoy;Khvoy;;--3-----;RL;0501;;3833N 04456E;
IR;KIH;Kish Island;Kish Island;;---4----;AI;0001;;2632N 05400E;
IR;LRR;Lar;Lar;;---4----;AI;0001;;;
IR;LVP;Lavan;Lavan;;1--4----;AI;9601;;;
IR;LIN;Lingah;Lingah;;1-------;RQ;9506;;;
IR;MHD;Mashad;Mashad;;---4----;AI;9601;;;
IR;OSM;Mosul;Mosul;;0-------;RQ;9012;;;
IR;NKW;Nakhjav�n Tappeh;Nakhjavan Tappeh;;--3-----;RL;0307;;3743N 04506E;
IR;NSH;Now Shahr;Now Shahr;;1-------;RQ;9506;;;
IR;PYK;Payam Apt;Payam Apt;;--345---;RL;0601;;3547N 05049E;
IR;WPS;Persepolis;Persepolis;;---4----;AI;0001;;;
IR;QAZ;Qazvin;Qazvin;;--3-----;RL;0401;;3616N 05000E;
IR;QSM;Qeshm;Qeshm;;--3-----;RL;9805;;;
IR;QSH;Qeshm island;Qeshm island;;--3-----;RQ;9705;;;
IR;QUM;Qum;Qum;;--34----;AI;0401;;3438N 05053E;
IR;RJN;Rafsanjan;Rafsanjan;;---4----;AI;0001;;;
IR;RZR;Ramsar;Ramsar;;---4----;AI;0001;;;
IR;RBA;Ras Bahrgan;Ras Bahrgan;;1-------;QQ;8103;;;
IR;RAS;Rasht;Rasht;;---4----;AI;0001;;;
IR;RTM;Ratawi;Ratawi;;0-------;RQ;9012;;;
IR;SAN;Sahlan;Sahlan;;--3-----;RQ;0006;;;
IR;SMW;Samawa;Samawa;;0-------;RQ;9012;;;
IR;SDG;Sanandaj;Sanandaj;;---4----;AI;0001;;;
IR;CKT;Sarakhs;Sarakhs;;---4----;AI;0001;;;
IR;SIX;Sari;Sari;;1-------;QQ;8103;;;
IR;SRA;Sarooj Anchorage;Sarooj Anchorage;;1-------;RQ;0401;;2744N 05209E;
IR;SRY;Sary;Sary;;---4----;AI;0001;;;
IR;SVH;Saveh;Saveh;;--3-----;RQ;9806;;;
IR;SEM;Semnan;Semnan;;--3-----;RL;0401;;3534N 05323E;
IR;SEK;Shahr-e Kord;Shahr-e Kord;;--3-----;RL;0501;QHK;3219N 05051E;
IR;SYZ;Shiraz;Shiraz;;1--4----;AI;9601;;;
IR;SRJ;Sirjan;Sirjan;;--3-----;RQ;9705;SYJ;;
IR;SXI;Sirri Island;Sirri Island;;1--4----;AI;9601;;;
IR;TCX;Tabas;Tabas;;---4----;AI;0001;;;
IR;TBZ;Tabriz;Tabriz;;1--4----;AI;9601;;;
IR;TAJ;Tajabad;Tajabad;;----5---;AI;9805;;;
IR;THR;Tehran;Tehran;;---45---;AI;9601;;;
IR;TMB;Tombak;Tombak;;1-3-----;RL;0401;;2743N 05210E;
IR;OMH;Urmieh;Urmieh;;---4----;AI;0607;;3733N 04506E;
IR;YAS;Yasuj;Yasuj;;--3-----;RL;0601;;3039N 05135E;
IR;AZD;Yazd;Yazd;;1--4----;AI;9601;;;
IR;ACZ;Zabol;Zabol;;---4----;AI;0001;;;
IR;ZAH;Zahedan;Zahedan;;---4----;AI;9601;;;
IR;ZAN;Zanjan;Zanjan;;-2345-7-;RL;0307;;3640N 04828E;
