JP;;.JAPAN;;;;;;;;
JP;ABA;Abashiri;Abashiri;01;1-------;AF;9907;;;
JP;ABS;Abohshita;Abohshita;42;1-------;AF;9907;;;
JP;ABO;Aboshi/Himeji;Aboshi/Himeji;28;1-------;AF;9907;;;
JP;ABU;Aburatsu;Aburatsu;45;1-------;AF;9907;;;
JP;ABT;Abuto;Abuto;34;1-------;AF;9907;;;
JP;ADE;Ade;Ade;28;1-------;AF;9907;;;
JP;ADO;Ado;Ado;37;1-------;AF;9907;;;
JP;AGN;Agenosho;Agenosho;35;1-------;AF;9907;;;
JP;AGS;Ageshima;Ageshima;37;1-------;AF;9907;;;
JP;AGR;Agonoura;Agonoura;47;1-------;AF;9907;;;
JP;AGJ;Aguni;Aguni;47;1--4----;AI;9907;;;
JP;AKZ;Aika;Aika;32;1-------;AF;9907;;;
JP;AKI;Aikakita;Aikakita;32;1-------;AF;9907;;;
JP;AIW;Aikawa; Nagasaki;Aikawa; Nagasaki;42;1-------;AF;9907;;;
JP;AIK;Aikawa; Niigata;Aikawa; Niigata;15;1-------;AF;9907;;;
JP;AIN;Ainoura/Sasebo;Ainoura/Sasebo;42;1-------;AF;9907;;;
JP;AIA;Ainouraaoki/Naru;Ainouraaoki/Naru;42;1-------;AF;9907;;;
JP;AII;Aio;Aio;35;1-------;AF;9907;;;
JP;AIO;Aioi;Aioi;28;1-------;AF;9907;;3447N 13428E;
JP;AIM;Aishima;Aishima;35;1-------;AF;9907;;;
JP;AIZ;Aizu; Kumamoto;Aizu; Kumamoto;43;1-------;AF;9907;;;
JP;AJX;Aja;Aja;47;1-------;AF;9907;;;
JP;AJI;Aji;Aji;37;1-------;AF;9907;;;
JP;AJK;Ajigasawa;Ajigasawa;02;1-------;AF;9907;;;
JP;AJN;Ajino;Ajino;33;1-------;AF;9907;;;
JP;AZR;Ajiro; Okayama;Ajiro; Okayama;33;1-------;AF;9907;;;
JP;AJR;Ajiro; Shizuoka;Ajiro; Shizuoka;22;1-------;AF;9907;;;
JP;AZJ;Ajiro; Tottori;Ajiro; Tottori;31;1-------;AF;9907;;;
JP;ACH;Ajisu;Ajisu;35;1-------;AF;9907;;;
JP;AKD;Akadomari;Akadomari;15;1-------;AF;9907;;;
JP;AKG;Akakina;Akakina;46;1-------;AF;9907;;;
JP;AKM;Akamizu;Akamizu;46;1-------;AF;9907;;;
JP;AKK;Akasaki; Kumamoto;Akasaki; Kumamoto;43;1-------;AF;9907;;;
JP;ASK;Akasaki; Tottori;Akasaki; Tottori;31;1-------;AF;9907;;;
JP;AKA;Akashi;Akashi;28;1-------;AF;9907;;;
JP;AKH;Akehama;Akehama;38;1-------;AF;9907;;;
JP;AXT;Akita;Akita;05;1--4----;AF;9907;;;
JP;AKT;Akitsu;Akitsu;34;1-------;AF;9907;;;
JP;AKE;Akkeshi;Akkeshi;01;1-------;AF;9907;;;
JP;AKO;Akoh;Akoh;28;1-------;AF;9907;;;
JP;AKB;Akohbaru;Akohbaru;46;1-------;AF;9907;;;
JP;AKN;Akune;Akune;46;1-------;AF;9907;;;
JP;AMM;Ama; Hyogo;Ama; Hyogo;28;1-------;AF;9907;;;
JP;AAM;Ama; Shimane;Ama; Shimane;32;1-------;AF;9907;;;
JP;AMA;Amagasaki;Amagasaki;28;1-------;AF;9907;;;
JP;AMX;AmagasakiNishinomiyaAshiya;AmagasakiNishinomiyaAshiya;28;1-------;AF;0401;;3443N 13525E;
JP;AMJ;Amaji;Amaji;39;1-------;AF;9907;;;
JP;ASJ;Amamioshima;Amamioshima;46;1--4----;AF;9907;;;
JP;AMS;Amasaki;Amasaki;38;1-------;AF;9907;;;
JP;AMT;Amatsuke;Amatsuke;43;1-------;AF;9907;;;
JP;AMY;Amiya;Amiya;32;1-------;AF;9907;;;
JP;AMU;Amura;Amura;43;1-------;AF;9907;;;
JP;ARG;Amurogama;Amurogama;46;1-------;AF;9907;;;
JP;ANM;Anamizu;Anamizu;17;1-------;AF;9907;;;
JP;ANA;Anan;Anan;36;1-------;AF;9907;;;
JP;ANB;Anbo;Anbo;46;1-------;AF;9907;;;
JP;ANE;Anegasaki;Anegasaki;12;1-------;AF;9907;;;
JP;AJO;Anjo;Anjo;23;--3-----;AF;9907;;;
JP;AOE;Aoe;Aoe;35;1-------;AF;9907;;;
JP;AOG;Aogashima;Aogashima;13;1-------;AF;9907;;;
JP;AOK;Aokata;Aokata;42;1-------;AF;9907;;;
JP;AOI;Aoki;Aoki;37;1-------;AF;9907;;;
JP;AOJ;Aomori;Aomori;02;1--4----;AF;9907;;;
JP;AON;Aonae;Aonae;01;1-------;AF;9907;;;
JP;AOS;Aoshima;Aoshima;42;1-------;AF;9907;;;
JP;ARO;Arao;Arao;43;1-------;AF;9907;;;
JP;ARA;Arari;Arari;22;1-------;AF;9907;;;
JP;ARK;Arikawa;Arikawa;42;1-------;AF;9907;;;
JP;AMR;Arimura;Arimura;46;1-------;AF;9907;;;
JP;ARZ;Arouzu;Arouzu;38;1-------;AF;9907;;;
JP;ASA;Asa;Asa;35;1-------;AF;9907;;;
JP;AKJ;Asahikawa;Asahikawa;01;---4----;AF;9907;;;
JP;ASI;Asahimachi;Asahimachi;14;1-3-----;RL;0601;;3532N 13942E;
JP;ASW;Asakawa;Asakawa;36;1-------;AF;9907;;;
JP;ASM;Asami;Asami;43;1-------;AF;9907;;;
JP;AMG;Asamogawa;Asamogawa;26;1-------;AF;9907;;;
JP;ASB;Ashibe;Ashibe;42;1-------;AF;9907;;;
JP;ASH;Ashinoura;Ashinoura;42;1-------;AF;9907;;;
JP;AST;Ashitoku;Ashitoku;46;1-------;AF;9907;;;
JP;ASZ;Ashiya; Fukuoka;Ashiya; Fukuoka;40;1-------;AF;9907;;;
JP;ASR;Ashizuri;Ashizuri;39;1-------;AF;9907;;;
JP;ATA;Ataka;Ataka;17;1-3-----;RL;0601;;3625N 13625E;
JP;AMI;Atami;Atami;22;1-------;AF;9907;;;
JP;ATT;Atatajima;Atatajima;34;1-------;AF;9907;;;
JP;NJA;Atsugi;Atsugi;14;---4----;AF;9907;;;
JP;ATK;Atsuki;Atsuki;35;1-------;AF;9907;;;
JP;ATM;Atsumi;Atsumi;23;1-------;AF;9907;;;
JP;AWA;Awa;Awa;47;1-------;AF;9907;;;
JP;TBS;Awajikoryunotsubasa;Awajikoryunotsubasa;28;1-------;AF;9907;;;
JP;YYA;Awano;Awano;35;1-------;AF;9907;;;
JP;AWS;Awashima;Awashima;37;1-------;AF;9907;;;
JP;AWM;Awashimanishi;Awashimanishi;37;1-------;AF;9907;;;
JP;AWZ;Awazu;Awazu;36;1-------;AF;9907;;;
JP;AYS;Ayase-Shi;Ayase-Shi;14;--3-----;RL;0207;;3525N 13926E;
JP;AYU;Ayukawa;Ayukawa;04;1-------;AF;9907;;;
JP;AKW;Azako;Azako;46;1-------;AF;9907;;;
JP;AZU;Azu;Azu;42;1-------;AF;9907;;;
JP;BPU;Beppu; Oita;Beppu; Oita;44;1--4----;AF;9907;;;
JP;BEP;Beppu; Shimane;Beppu; Shimane;32;1-------;AF;9907;;;
JP;BFS;Beppushinko;Beppushinko;44;1-------;AF;9907;;;
JP;BDM;Bohdomari;Bohdomari;46;1-------;AF;9907;;;
JP;BOM;Boma;Boma;46;1-------;AF;9907;;;
JP;BYO;Byobu;Byobu;37;1-------;AF;9907;;;
JP;CHB;Chiba;Chiba;12;1-------;AF;9907;;;
JP;CHH;Chichii;Chichii;32;1-------;AF;9907;;;
JP;CHG;Chigasaki;Chigasaki;14;123-----;RL;0212;;3519N 13924E;
JP;CJU;Chiju;Chiju;43;1-------;AF;9907;;;
JP;CHK;Chikubushima;Chikubushima;25;1-------;AF;0207;;;
JP;CKM;Chikumi;Chikumi;32;1-------;AF;9907;;;
JP;CHI;China;China;46;1-------;AF;9907;;;
JP;CNS;Chinase;Chinase;46;1-------;AF;9907;;;
JP;CIO;Chio;Chio;33;1-------;AF;9907;;;
JP;CTA;Chita;Chita;23;1-------;AF;9907;;;
JP;CTS;Chitose Apt/Sapporo;Chitose Apt/Sapporo;01;---4----;AF;9907;;;
JP;CHT;Chitose; Hiroshima;Chitose; Hiroshima;34;1-------;AF;9907;;;
JP;CHY;Chiyoda;Chiyoda;08;-23-----;RL;0401;;3609N 14013E;
JP;CAU;Chiyoda-ku;Chiyoda-ku;13;-23-----;RL;0507;;3541N 13945E;
JP;CYZ;Chiyozaki;Chiyozaki;24;1-------;AF;9907;;;
JP;CHF;Chofu;Chofu;35;1-------;AF;9907;;;
JP;CHO;Choshi;Choshi;12;1-------;AF;9907;;;
JP;CHU;Churui;Churui;01;1-------;AF;9907;;;
JP;DKI;Daikoku Island;Daikoku Island;14;--3-----;RL;0307;;4257N 14452E;
JP;DTU;Daito;Daito;42;1-------;AF;9907;;;
JP;DAT;Date;Date;01;1-------;AF;9907;;;
JP;DSR;Dohshiro;Dohshiro;42;1-------;AF;9907;;;
JP;DZK;Dohzaki;Dohzaki;42;1-------;AF;9907;;;
JP;EBI;Ebito;Ebito;43;1-------;AF;9907;;;
JP;EGO;Ego;Ego;43;1-------;AF;9907;;;
JP;EII;Ei;Ei;28;1-------;AF;9907;;;
JP;EGS;Eigashima;Eigashima;28;1-------;AF;9907;;;
JP;EIS;Eishi;Eishi;46;1-------;AF;9907;;;
JP;EJM;Ejima;Ejima;37;1-------;AF;9907;;;
JP;EMU;Emukae;Emukae;42;1-------;AF;9907;;;
JP;ENN;En;En;46;1-------;AF;9907;;;
JP;ENA;Ena;Ena;07;1-------;AF;9907;;;
JP;ENH;Enohama;Enohama;33;1-------;AF;9907;;;
JP;EKZ;Enokizu;Enokizu;42;1-------;AF;9907;;;
JP;ENR;Enoura; Kagawa;Enoura; Kagawa;37;1-------;AF;9907;;;
JP;ENO;Enoura; Shizuoka;Enoura; Shizuoka;22;1-------;AF;9907;;;
JP;EMM;Erimo;Erimo;01;1-------;AF;9907;;;
JP;ESK;Esaki;Esaki;35;1-------;AF;9907;;;
JP;ESI;Esashi/Hiyama;Esashi/Hiyama;01;1-------;AF;9907;;;
JP;ESS;Esashi/Soya;Esashi/Soya;01;1-------;AF;9907;;;
JP;ESM;Eshima;Eshima;32;1-------;AF;9907;;;
JP;ETA;Etajima;Etajima;34;1-------;AF;9907;;;
JP;ETM;Etomo;Etomo;32;1-------;AF;9907;;;
JP;EZA;Ezaki;Ezaki;47;1-------;AF;9907;;;
JP;FCM;Fuchinomoto;Fuchinomoto;42;1-------;AF;9907;;;
JP;FCH;Fuchu-shi;Fuchu-shi;13;-23-----;AF;0401;;3540N 13929E;
JP;FGS;Fugusaki;Fugusaki;23;1-------;AF;9907;;;
JP;FUI;Fuji;Fuji;22;--3-----;AF;9907;;;
JP;FJN;Fujino;Fujino;46;1-------;AF;9907;;;
JP;FJK;Fujioka;Fujioka;23;--3-----;RL;0201;;3511N 13711E;
JP;FKH;Fukae; Hiroshima;Fukae; Hiroshima;34;1-------;AF;9907;;;
JP;FAE;Fukae; Nagasaki;Fukae; Nagasaki;42;1-------;AF;9907;;;
JP;FKI;Fukai;Fukai;33;1-------;AF;9907;;;
JP;FUM;Fukami;Fukami;43;1-------;AF;9907;;;
JP;FRI;Fukari;Fukari;42;1-------;AF;9907;;;
JP;FKK;Fukaura; Aomori;Fukaura; Aomori;02;1-------;AF;9907;;;
JP;FKR;Fukaura; Ehime;Fukaura; Ehime;38;1-------;AF;9907;;;
JP;FUW;Fukawa;Fukawa;35;1-------;AF;9907;;;
JP;FKA;Fukaya;Fukaya;11;-2------;AF;9907;;;
JP;FUE;Fuke;Fuke;27;1-------;AF;9907;;;
JP;FKD;Fukuda;Fukuda;34;1-------;AF;9907;;;
JP;FKE;Fukue; Aichi;Fukue; Aichi;23;1-------;AF;9907;;;
JP;FUJ;Fukue; Nagasaki;Fukue; Nagasaki;42;1--4----;AI;9907;;;
JP;FKJ;Fukui;Fukui;18;1-------;AF;9907;;;
JP;FUK;Fukuoka;Fukuoka;40;-2345---;AF;0401;;3330N 13030E;
JP;FRA;Fukura; Hyogo;Fukura; Hyogo;28;1-------;AF;9907;;;
JP;FUU;Fukura; Kagoshima;Fukura; Kagoshima;46;1-------;AF;9907;;;
JP;FUO;Fukuro;Fukuro;30;1-------;AF;9907;;;
JP;FKO;Fukuroi;Fukuroi;22;--3-----;;0701;;;
JP;FKF;Fukushima;Fukushima;07;--3-----;RQ;0607;;3744N 14028E;
JP;FKS;Fukushima Apt;Fukushima Apt;07;---4----;AF;0401;;3713N 14025E;
JP;FKU;Fukushima; Hokkaido;Fukushima; Hokkaido;01;1-3-----;AF;0401;;4128N 14015E;
JP;FMS;Fukushima; Miyazaki;Fukushima; Miyazaki;45;1-34----;AF;0401;;3128N 13113E;
JP;FKM;Fukushima; Nagasaki;Fukushima; Nagasaki;42;1-3-----;AF;0401;;3321N 12948E;
JP;FUR;Fukuura; Ehime;Fukuura; Ehime;38;1-------;AF;9907;;;
JP;FRJ;Fukuura; Ishikawa;Fukuura; Ishikawa;17;1-------;AF;9907;;;
JP;FUA;Fukuura; Kumamoto;Fukuura; Kumamoto;43;1-------;AF;9907;;;
JP;FKY;Fukuyama; Hiroshima;Fukuyama; Hiroshima;34;1-------;AF;9907;;;
JP;FYM;Fukuyama; Kagoshima;Fukuyama; Kagoshima;46;1-------;AF;9907;;;
JP;FNB;Funabashi;Funabashi;12;1-------;AF;9907;;;
JP;FND;Funadomari;Funadomari;01;1-------;AF;9907;;;
JP;FNK;Funagawa;Funagawa;05;1-------;AF;9907;;;
JP;FSH;Funakakushi;Funakakushi;37;1-------;AF;9907;;;
JP;FNS;Funakoshi;Funakoshi;38;1-------;AF;9907;;;
JP;FNU;Funauki;Funauki;47;1-------;AF;9907;;;
JP;FNR;Funaura;Funaura;47;1-------;AF;9907;;;
JP;FNA;Funaya;Funaya;38;1-------;AF;9907;;;
JP;FNZ;Funazu;Funazu;32;1-------;AF;9907;;;
JP;FHR;Furubira;Furubira;01;1-------;AF;9907;;;
JP;FRX;Furue; Ehime;Furue; Ehime;38;1-------;AF;9907;;;
JP;FRU;Furue; Kagoshima;Furue; Kagoshima;46;1-------;AF;9907;;;
JP;FRM;Furue; Miyazaki;Furue; Miyazaki;45;1-------;AF;9907;;;
JP;FRE;Furue; Nagasaki;Furue; Nagasaki;42;1-------;AF;9907;;;
JP;FRK;Furuike;Furuike;28;1-------;AF;9907;;;
JP;FKW;Furukawa;Furukawa;04;-23-----;AF;9907;;;
JP;URU;Furumi;Furumi;32;1-------;AF;9907;;;
JP;FST;Furusato; Kagoshima;Furusato; Kagoshima;46;1-3-----;AF;0401;;2722N 12838E;
JP;FRS;Furusato; Nagasaki;Furusato; Nagasaki;42;1-------;AF;9907;;;
JP;FSK;Fushiki;Fushiki;16;1-------;AF;9907;;;
JP;FTE;Futae;Futae;43;1-------;AF;9907;;;
JP;FGW;Futagawa;Futagawa;46;1-------;AF;9907;;;
JP;FTG;Futago;Futago;32;1-------;AF;9907;;;
JP;FUT;Futajima;Futajima;40;--3-----;AF;9907;;;
JP;FMD;Futamado;Futamado;43;1-------;AF;9907;;;
JP;FMT;Futamata; Kagoshima;Futamata; Kagoshima;46;1-------;AF;9907;;;
JP;FTT;Futamata; Shimane;Futamata; Shimane;32;1-------;AF;9907;;;
JP;HUT;Futami; Niigata;Futami; Niigata;15;1-------;AF;9907;;;
JP;HTM;Futami; Tokyo;Futami; Tokyo;13;1-------;AF;9907;;;
JP;FTM;Futenma;Futenma;47;1-------;AF;9907;;;
JP;GAM;Gamagori;Gamagori;23;1-------;AF;9907;;;
JP;GPT;Gendentokai;Gendentokai;08;1-------;AF;9907;;;
JP;GIF;Gifu;Gifu;21;--3-----;AF;0006;QGU;;
JP;GNW;Ginowan;Ginowan;47;1-------;AF;9907;;;
JP;GKB;Gohnokubi;Gohnokubi;42;1-------;AF;9907;;;
JP;GOT;Gohtsu;Gohtsu;32;1-------;AF;9907;;;
JP;GOI;Goi/Ichihara;Goi/Ichihara;12;1-------;AF;9907;;;
JP;GKN;Gokan;Gokan;33;1-------;AF;9907;;;
JP;GKS;Gokasho;Gokasho;24;1-------;AF;9907;;;
JP;GON;Gonoura;Gonoura;42;1-------;AF;9907;;;
JP;GNG;Gunge;Gunge;28;1-------;AF;9907;;;
JP;GKA;Gushikawa;Gushikawa;47;1-------;RL;0201;;2621N 12752E;
JP;GYA;Gyohda;Gyohda;11;--3-----;AF;9907;;;
JP;HBO;Haboro;Haboro;01;1-------;AF;9907;;;
JP;HAB;Habu; Hiroshima;Habu; Hiroshima;34;1-------;AF;9907;;;
JP;HAU;Habu; Tokyo;Habu; Tokyo;13;1-------;AF;9907;;;
JP;HBB;Habu; Yamaguchi;Habu; Yamaguchi;35;1-------;AF;9907;;;
JP;HGO;Hachigo;Hachigo;46;1-------;AF;9907;;;
JP;HAC;Hachijojima;Hachijojima;13;---4----;AF;9907;;;
JP;HHE;Hachinohe;Hachinohe;02;1--4----;AF;9907;;;
JP;HAO;Hachioji;Hachioji;13;-23-----;RL;0501;QHY;3539N 13919E;
JP;HNO;Hadano;Hadano;14;--3-----;AF;9907;;;
JP;HAE;Haenohama;Haenohama;46;1-------;AF;9907;;;
JP;HAG;Hagi;Hagi;35;1-------;AF;9907;;;
JP;HBA;Haibara;Haibara;22;--3-----;AF;9907;;;
JP;HAI;Haiki;Haiki;42;1-------;AF;9907;;;
JP;HTD;Hakata;Hakata;38;--3-----;RL;0201;;3411N 13306E;
JP;HKT;Hakata/Fukuoka;Hakata/Fukuoka;40;123-5---;AF;0401;;3336N 13025E;
JP;HKS;Hakatashima;Hakatashima;38;1-------;AF;9907;;;
JP;HKD;Hakodate;Hakodate;01;1--4----;AF;9907;;;
JP;HKU;Hakoura;Hakoura;37;1-------;AF;9907;;;
JP;UIA;Hakui;Hakui;17;--3-----;AF;9907;;;
JP;HMD;Hamada;Hamada;32;1-------;AF;9907;;;
JP;HMG;Hamaguri;Hamaguri;38;1-------;AF;9907;;;
JP;HJM;Hamajima;Hamajima;24;1-------;AF;9907;;;
JP;HJR;Hamajiri;Hamajiri;46;1-------;AF;9907;;;
JP;HKW;Hamakanaya;Hamakanaya;12;1-------;AF;9907;;;
JP;HMM;Hamamatsu;Hamamatsu;22;1-------;AF;9907;;;
JP;HMN;Hamana;Hamana;22;1-------;AF;9907;;;
JP;HKJ;Hamasaka;Hamasaka;28;1-------;AF;9907;;;
JP;HMX;Hamasaki;Hamasaki;47;1-------;AF;9907;;;
JP;HSK;Hamasako;Hamasako;42;1-------;AF;9907;;;
JP;HAM;Hamasarufutsu;Hamasarufutsu;01;1-------;AF;9907;;;
JP;HSU;Hamasuki;Hamasuki;46;1-------;AF;9907;;;
JP;HWA;Hamatsuwaki;Hamatsuwaki;46;1-------;AF;9907;;;
JP;HMW;Hamawaki;Hamawaki;42;1-------;AF;9907;;;
JP;HAA;Hami;Hami;46;1-------;AF;9907;;;
JP;HMC;Hamochi;Hamochi;15;1-------;AF;9907;;;
JP;HNA;Hanamaki;Hanamaki;03;---4----;AF;9907;;;
JP;HNK;Hanasaki;Hanasaki;01;1-------;AF;9907;;;
JP;HDA;Handa;Handa;23;1-------;AF;9907;;;
JP;HNE;Hane;Hane;44;1-------;AF;9907;;;
JP;HND;Haneda Apt/Tokyo;Haneda Apt/Tokyo;13;---4----;AF;9907;;;
JP;HAN;Hannan;Hannan;27;1-------;AF;9907;;;
JP;HUR;Hannoura;Hannoura;17;1-------;AF;9907;;;
JP;HNY;Hanyu;Hanyu;32;1-------;AF;9907;;;
JP;HAR;Hara;Hara;42;1-------;AF;9907;;;
JP;HRM;Haramachi;Haramachi;07;1-------;AF;9907;;;
JP;HSS;Hase;Hase;46;1-------;AF;9907;;;
JP;HSH;Hashi;Hashi;32;1-------;AF;9907;;;
JP;HAS;Hashihama;Hashihama;38;1-------;AF;9907;;;
JP;HAH;Hashima;Hashima;35;1-------;AF;9907;;;
JP;HSR;Hashirajima;Hashirajima;35;1-------;AF;9907;;;
JP;HTT;Hata;Hata;33;1-------;AF;9907;;;
JP;HMI;Hatami;Hatami;34;1-------;AF;9907;;;
JP;HTR;Hateruma;Hateruma;47;---4----;AF;0401;;2403N 12347E;
JP;HTO;Hatoma;Hatoma;47;1-------;AF;0401;;2428N 12346E;
JP;HYK;Hayakawa;Hayakawa;38;1-------;AF;9907;;;
JP;HYM;Hayama;Hayama;14;1-------;AF;9907;;;
JP;HYT;Hayato;Hayato;46;1-------;AF;9907;;;
JP;HAD;Heda;Heda;22;1-------;AF;9907;;;
JP;HKN;Hekinan;Hekinan;23;1-------;AF;9907;;;
JP;HEI;Henza;Henza;47;1-------;AF;9907;;;
JP;HES;Hesaki;Hesaki;40;1-------;AF;9907;;;
JP;HET;Heta;Heta;46;1-------;AF;9907;;;
JP;HED;Hetono;Hetono;46;1-------;AF;9907;;;
JP;HIA;Hiagari/Kitakiushu;Hiagari/Kitakiushu;40;1-------;AF;9907;;;
JP;HIB;Hibi;Hibi;33;1-------;AF;9907;;;
JP;HBR;Hiburi;Hiburi;38;1-------;AF;9907;;;
JP;HDK;Hidaka;Hidaka;30;1-------;AF;9907;;;
JP;HHR;Higashiharima;Higashiharima;28;1-------;AF;9907;;;
JP;HGH;Higashihazu;Higashihazu;23;1-------;AF;9907;;;
JP;HHH;Higashinohama;Higashinohama;46;1-------;AF;9907;;;
JP;HIO;Higashi-Ogishima;Higashi-Ogishima;14;1-3-----;AF;0001;;;
JP;HIG;Higashishioya;Higashishioya;46;1-------;AF;9907;;;
JP;HJI;Hiji;Hiji;44;1-------;AF;9907;;;
JP;HKI;Hikami;Hikami;28;--3-----;AF;9907;;;
JP;HKR;Hikari;Hikari;35;1-------;AF;9907;;;
JP;HEA;Hiketa;Hiketa;37;1-------;AF;9907;;;
JP;HIK;Hiki;Hiki;30;1-------;AF;9907;;;
JP;HMT;Hikimoto;Hikimoto;24;1-------;AF;9907;;;
JP;HIE;Hikone;Hikone;25;1-------;AF;9907;;;
JP;HIS;Hikoshima;Hikoshima;35;1-------;AF;9907;;;
JP;HKZ;Hikozaki;Hikozaki;33;1-------;AF;9907;;;
JP;HDO;Himedo;Himedo;43;1-------;AF;9907;;;
JP;HIM;Himeji;Himeji;28;1-------;AF;9907;;;
JP;HMK;Himekawa;Himekawa;15;1-------;AF;9907;;;
JP;HNR;Himenoura;Himenoura;32;1-------;AF;9907;;;
JP;HMH;Himeshima;Himeshima;44;1-------;AF;9907;;;
JP;HMJ;Himi;Himi;16;1-------;AF;9907;;;
JP;HMS;Himosashi;Himosashi;42;1-------;AF;9907;;;
JP;HNG;Hinagu;Hinagu;43;1-------;AF;9907;;;
JP;HIN;Hinase;Hinase;33;1-------;AF;9907;;;
JP;HNS;Hinoshima;Hinoshima;43;1-------;AF;9907;;;
JP;HNZ;Hinozu;Hinozu;32;1-------;AF;9907;;;
JP;HRD;Hirado;Hirado;42;1-------;AF;9907;;;
JP;HRJ;Hirai;Hirai;35;1-------;AF;9907;;;
JP;HRW;Hiraiwa;Hiraiwa;45;1-------;AF;9907;;;
JP;HKA;Hirakata;Hirakata;27;--3-----;RL;0201;;3448N 13539E;
JP;HRK;Hirakata;Hirakata;08;1-------;AF;9907;;;
JP;HRA;Hirao;Hirao;35;1-------;AF;9907;;;
JP;HRR;Hirara;Hirara;47;1-------;AF;9907;;;
JP;HII;Hirasaki;Hirasaki;46;1-------;AF;9907;;;
JP;HSW;Hirasawa;Hirasawa;05;1-------;AF;9907;;;
JP;HRS;Hirase;Hirase;43;1-------;AF;9907;;;
JP;HIU;Hiratsuka;Hiratsuka;14;1-3-----;RL;0212;;3519N 13921E;
JP;HRO;Hiro;Hiro;34;1-------;AF;9907;;;
JP;HRH;Hirohata;Hirohata;28;1-------;AF;9907;;;
JP;HIR;Hiroo;Hiroo;01;1-------;AF;9907;;;
JP;HIJ;Hiroshima;Hiroshima;34;1--4----;AF;9907;;;
JP;HTA;Hirota; Iwate;Hirota; Iwate;03;1-------;AF;9907;;;
JP;HJT;Hirota; Kagoshima;Hirota; Kagoshima;46;1-------;AF;9907;;;
JP;HRU;Hiroura;Hiroura;42;1-------;AF;9907;;;
JP;HGU;Hirugaura;Hirugaura;42;1-------;AF;9907;;;
JP;HSN;Hisanohama;Hisanohama;07;1-------;AF;9907;;;
JP;HYS;Hisayoshi;Hisayoshi;38;1-------;AF;9907;;;
JP;HMA;Hishima;Hishima;35;1-------;AF;9907;;;
JP;HTC;Hitachi;Hitachi;08;1-------;AF;9907;;;
JP;HIC;Hitachinaka;Hitachinaka;08;1-------;AF;9907;;;
JP;HTK;Hitakatsu;Hitakatsu;42;1-------;AF;9907;;;
JP;HTS;Hitsushima;Hitsushima;35;1-------;AF;9907;;;
JP;HWS;Hiwasa;Hiwasa;36;1-------;AF;9907;;;
JP;HIZ;Hizenohshima;Hizenohshima;42;1-------;AF;9907;;;
JP;HUD;Hoda;Hoda;32;1-------;AF;9907;;;
JP;HOF;Hofu;Hofu;35;123-----;;0701;;3402N 13134E;
JP;HHM;Hohomi;Hohomi;32;1-------;AF;9907;;;
JP;HJO;Hojo;Hojo;38;1-------;AF;9907;;;
JP;HOD;Hondo;Hondo;43;1-------;AF;9907;;;
JP;HJA;Honjima;Honjima;37;1-------;AF;9907;;;
JP;HON;Honjo; Akita;Honjo; Akita;05;1-------;AF;9907;;;
JP;HNJ;Honjo; Kyoto;Honjo; Kyoto;26;1-------;AF;9907;;;
JP;HKM;Honkushima;Honkushima;38;1-------;AF;9907;;;
JP;HNN;Honmoku;Honmoku;14;1-3-----;AF;9907;;;
JP;HPP;Hoppozaki;Hoppozaki;46;1-------;AF;9907;;;
JP;HRE;Horie;Horie;38;1-------;AF;9907;;;
JP;HRI;Horikappu;Horikappu;01;1-------;AF;9907;;;
JP;HSI;Hoshika; Nagasaki;Hoshika; Nagasaki;42;1-------;AF;9907;;;
JP;HOS;Hoshika; Saga;Hoshika; Saga;41;1-------;AF;9907;;;
JP;HSM;Hososhima;Hososhima;45;1-------;AF;9907;;;
JP;HOT;Hotokegaura;Hotokegaura;02;1-------;AF;9907;;;
JP;HKK;Hyakkan;Hyakkan;43;1-------;AF;9907;;;
JP;HYR;Hyakunoura;Hyakunoura;38;1-------;AF;9907;;;
JP;HYU;Hyuga;Hyuga;45;--3--6--;RQ;0607;;3225N 13139E;
JP;HYG;Hyugadomari;Hyugadomari;44;1-------;AF;9907;;;
JP;IAK;Ibaraki;Ibaraki;27;--3-----;;0701;;3448N 13534E;
JP;IBI;Ibiwaga;Ibiwaga;21;-23-----;RL;0401;;3529N 13634E;
JP;IBR;Iburi;Iburi;39;1-------;AF;9907;;;
JP;IBS;Ibusuki;Ibusuki;46;1-------;AF;9907;;;
JP;ICD;Icchoda;Icchoda;43;1-------;AF;9907;;;
JP;ICH;Ichihara;Ichihara;12;1-------;AF;9907;;;
JP;ICK;Ichikawa;Ichikawa;12;1-------;AF;9907;;;
JP;IHN;Ichinomiya;Ichinomiya;23;--3-----;RL;0201;;3517N 13648E;
JP;IEJ;Iejima/Okinawa;Iejima/Okinawa;47;1--4----;AF;9907;;;
JP;IES;Ieshima; Hyogo;Ieshima; Hyogo;28;1-------;AF;9907;;;
JP;IER;Ieura;Ieura;37;1-------;AF;9907;;;
JP;IGO;Igo;Igo;32;1-------;AF;9907;;;
JP;IHO;Ihota;Ihota;35;1-------;AF;9907;;;
JP;III;Ii;Ii;35;1-------;AF;9907;;;
JP;IIB;Iibi;Iibi;32;1-------;AF;9907;;;
JP;IDA;Iida;Iida;17;1-------;AF;9907;;;
JP;INT;Iinoseto;Iinoseto;42;1-------;AF;9907;;;
JP;IKR;Ikara;Ikara;46;1-------;AF;9907;;;
JP;IKT;Ikata;Ikata;38;1-------;AF;9907;;;
JP;IKA;Ikeda; Kagawa;Ikeda; Kagawa;37;1-------;AF;9907;;;
JP;IKD;Ikeda; Wakayama;Ikeda; Wakayama;30;1-------;AF;9907;;;
JP;IKE;Ikeshima;Ikeshima;42;1-------;AF;9907;;;
JP;IKI;Iki;Iki;42;---4----;AF;9907;;;
JP;IKN;Ikina;Ikina;38;1-------;AF;9907;;;
JP;IKK;Ikitsuki;Ikitsuki;42;1-------;AF;0401;;3323N 12926E;
JP;IKC;Ikuchi;Ikuchi;34;1-------;AF;9907;;;
JP;IKU;Ikunohama;Ikunohama;37;1-------;AF;9907;;;
JP;IMB;Imabari;Imabari;38;1-------;AF;9907;;;
JP;IMA;Imafuku;Imafuku;42;1-------;AF;9907;;;
JP;IGR;Imagire;Imagire;36;1-------;AF;9907;;;
JP;IMI;Imari;Imari;41;1-------;AF;9907;;;
JP;IMT;Imazato;Imazato;42;1-------;AF;9907;;;
JP;IMZ;Imazu;Imazu;38;1-------;AF;9907;;;
JP;IMM;Imi;Imi;44;1-------;AF;9907;;;
JP;INA;Ina;Ina;42;1-------;AF;9907;;;
JP;INR;Inatori;Inatori;22;1-------;AF;9907;;;
JP;IZW;Inazawa;Inazawa;23;1-3-----;RL;0601;;3515N 13647E;
JP;IDJ;Indohji;Indohji;42;1-------;AF;9907;;;
JP;INE;Ine;Ine;26;1-------;AF;9907;;;
JP;INS;Innoshima;Innoshima;34;1-------;AF;9907;;;
JP;INO;Inobe;Inobe;46;1-------;AF;9907;;;
JP;IUH;Inokuchi; Ehime;Inokuchi; Ehime;38;1-------;AF;9907;;;
JP;INK;Inokushi; Oita;Inokushi; Oita;44;1-------;AF;9907;;;
JP;IND;Inonada;Inonada;32;1-------;AF;9907;;;
JP;ING;Inugaura;Inugaura;42;1-------;AF;9907;;;
JP;INZ;Inujima;Inujima;33;1-------;AF;9907;;;
JP;INY;Inuyama;Inuyama;23;--3-----;RL;0207;;3522N 13656E;
JP;IRK;Irago;Irago;23;1-------;AF;9907;;;
JP;ISY;Isahaya;Isahaya;42;1-------;AF;9907;;;
JP;ISE;Ise;Ise;24;1-------;AF;9907;;;
JP;ISK;Iseki;Iseki;46;1-------;AF;9907;;;
JP;ISZ;Isezaki;Isezaki;10;1-------;AF;9907;;;
JP;ISB;Ishiba;Ishiba;37;1-------;AF;9907;;;
JP;ISD;Ishida;Ishida;42;1-------;AF;9907;;;
JP;ISG;Ishigaki;Ishigaki;47;1--4----;AF;0401;;2420N 12409E;
JP;ISI;Ishikari;Ishikari;01;1-------;AF;9907;;;
JP;ISW;Ishikariwan;Ishikariwan;01;1-------;AF;9907;;;
JP;ISS;Ishikariwanshinko;Ishikariwanshinko;01;1-------;AF;9907;;;
JP;IKW;Ishikawa;Ishikawa;47;1-3-----;RL;0307;;2625N 12749E;
JP;ISH;Ishima;Ishima;33;1-------;AF;9907;;;
JP;ISM;Ishinomaki;Ishinomaki;04;1-------;AF;9907;;;
JP;ISC;Ishiwaki;Ishiwaki;31;1-------;AF;9907;;;
JP;ISX;Isozaki;Isozaki;08;1-------;AF;9907;;;
JP;ISA;Issai;Issai;39;1-------;AF;9907;;;
JP;IKJ;Isshiki;Isshiki;23;1-------;AF;9907;;;
JP;KYR;Isso;Isso;46;1-------;AF;9907;;;
JP;ISU;Isuwan;Isuwan;46;1-------;AF;9907;;;
JP;ITK;Itako;Itako;08;1-------;AF;9907;;;
JP;ITA;Itami/Hyogo;Itami/Hyogo;28;-23-----;RL;0401;;3447N 13524E;
JP;ITU;Itoh; Shimane;Itoh; Shimane;32;1-------;AF;9907;;;
JP;ITJ;Itoh; Shizuoka;Itoh; Shizuoka;22;1-------;AF;9907;;;
JP;ITO;Itozaki;Itozaki;34;1-------;AF;9907;;;
JP;ITS;Itsukushima;Itsukushima;34;1-------;AF;9907;;;
JP;IWH;Iwafune;Iwafune;15;1-------;AF;9907;;;
JP;IWG;Iwagi;Ehime;Iwagi;Ehime;38;1-------;AF;9907;;;
JP;IWI;Iwaki;Iwaki;07;1-------;AF;9907;;;
JP;IWK;Iwakuni;Iwakuni;35;1-------;AF;9907;;;
JP;IWA;Iwamatsu;Iwamatsu;38;1-------;AF;9907;;;
JP;IWN;Iwanai;Iwanai;01;1-------;AF;9501;;;
JP;IWY;Iwaya;Iwaya;28;1-------;AF;9907;;;
JP;IDM;Iwayadomari;Iwayadomari;46;1-------;AF;9907;;;
JP;IOU;Iwojima; Kagoshima;Iwojima; Kagoshima;46;1-------;AF;9907;;;
JP;IWT;Iwojima; Nagasaki;Iwojima; Nagasaki;42;1-------;AF;9501;;;
JP;IWO;Iwojima; Tokyo;Iwojima; Tokyo;13;---4----;AF;9907;;;
JP;IYA;Iya;Iya;32;1-------;AF;9907;;;
JP;IYO;Iyo;Iyo;38;1-------;AF;9907;;;
JP;IYM;Iyomishima;Iyomishima;38;1-------;AF;9907;;;
JP;IZH;Izuhara;Izuhara;42;1-------;AF;9907;;;
JP;IZU;Izuka;Izuka;37;1-------;AF;9907;;;
JP;IZM;Izumi; Aichi;Izumi; Aichi;23;1-------;AF;9907;;;
JP;IZI;Izumi; Nagasaki;Izumi; Nagasaki;42;1-------;AF;9907;;;
JP;IZS;Izumisano;Izumisano;27;1-------;AF;9907;;;
JP;IZO;Izumo;Izumo;32;1--4----;AF;9907;;;
JP;JTS;Joetsu;Joetsu;15;123-----;RL;0601;;3709N 13814E;
JP;JKW;Jokawauchi;Jokawauchi;46;1-------;AF;9907;;;
JP;JON;Jonoshita;Jonoshita;42;1-------;AF;9907;;;
JP;KAB;Kabanoki;Kabanoki;43;1-------;AF;9907;;;
JP;KBM;Kabashima;Kabashima;42;1-------;AF;9907;;;
JP;KAA;Kada;Kada;30;1-------;AF;9907;;;
JP;DNA;Kadena;Kadena;47;---45---;AF;0006;;;
JP;KDW;Kadokawa;Kadokawa;45;1-------;AF;9907;;;
JP;KDO;Kadokura;Kadokura;46;1-------;AF;9907;;;
JP;KBK;Kafuka;Kafuka;01;1-------;AF;9907;;;
JP;KAF;Kafuri;Kafuri;40;1-------;AF;9907;;;
JP;KJG;Kaga; Shimane;Kaga; Shimane;32;1-------;AF;9907;;;
JP;KGM;Kagami;Kagami;43;1-------;AF;9907;;;
JP;KOJ;Kagoshima;Kagoshima;46;1--4----;AF;9907;;;
JP;KGT;Kaigata;Kaigata;46;1-------;AF;9907;;;
JP;KAI;Kainan;Kainan;30;1-------;AF;9907;;;
JP;KAD;Kaita;Kaita;34;1-------;AF;9907;;;
JP;KAZ;Kaizaki;Kaizaki;32;1-------;AF;9907;;;
JP;KZA;Kaizuka;Kaizuka;27;--3-----;AF;9907;;;
JP;KJK;Kajiki;Kajiki;46;1-------;AF;9907;;;
JP;KGW;Kakegawa;Kakegawa;22;--3-----;RL;0201;;3446N 13801E;
JP;KER;Kakeroma;Kakeroma;46;1-------;AF;9907;;;
JP;KGA;Kakogawa;Kakogawa;28;1-------;AF;9907;;;
JP;KMA;Kama;Kama;35;0-------;RL;9907;;;
JP;KAJ;Kama; Shimane;Kama; Shimane;32;1-------;AF;9907;;;
JP;KME;Kamae;Kamae;44;1-------;AF;9907;;;
JP;KGR;Kamagari;Kamagari;34;1-------;AF;9907;;;
JP;KIS;Kamaishi;Kamaishi;03;1-------;AF;9907;;;
JP;KEE;Kameike;Kameike;47;1-------;AF;9907;;;
JP;KAM;Kametoku;Kametoku;46;1-------;AF;9907;;;
JP;KJM;Kameura; Kumamoto;Kameura; Kumamoto;43;1-------;AF;9907;;;
JP;KMR;Kameura; Tokushima;Kameura; Tokushima;36;1-------;AF;9907;;;
JP;KAH;Kamihira;Kamihira;43;1-------;AF;9907;;;
JP;KKT;Kamikatetsu;Kamikatetsu;46;1-------;AF;9907;;;
JP;KMW;Kamikawaguchi;Kamikawaguchi;39;1-------;AF;9907;;;
JP;KMM;Kaminato;Kaminato;13;1-------;AF;9907;;;
JP;KMF;Kaminofuruta;Kaminofuruta;46;1-------;AF;9907;;;
JP;KMK;Kaminokae;Kaminokae;39;1-------;AF;9907;;;
JP;KOX;Kaminoseki;Kaminoseki;35;1-------;AF;9907;;;
JP;KMU;Kamiura;Kamiura;38;1-------;AF;9907;;;
JP;KMY;Kamiyakunagata;Kamiyakunagata;46;1-------;AF;9907;;;
JP;KMO;Kamo;Kamo;06;1-------;AF;9907;;;
JP;KSE;Kamoise;Kamoise;42;1-------;AF;9907;;;
JP;KYK;Kanayaki;Kanayaki;43;1-------;AF;9907;;;
JP;KNZ;Kanazawa;Kanazawa;17;1-------;AF;9907;;;
JP;KND;Kanda; Fukuoka;Kanda; Fukuoka;40;1-------;AF;9907;;;
JP;KGU;Kanegusuku;Kanegusuku;47;1-------;AF;9907;;;
JP;ANI;Kani;Kani;21;--3-----;;0701;;;
JP;KJN;Kannonji;Kannonji;37;1-------;AF;9907;;;
JP;KRA;Kannoura;Kannoura;39;1-------;AF;9907;;;
JP;KKW;Kanokawa;Kanokawa;34;1-------;AF;9907;;;
JP;KYA;Kanoya;Kanoya;46;1-------;AF;9907;;;
JP;KIX;Kansai Int Apt;Kansai Int Apt;27;---4----;AF;9907;;;
JP;KRK;Karakizaki;Karakizaki;43;1-------;AF;9907;;;
JP;KKA;Karakuma;Karakuma;46;1-------;AF;9907;;;
JP;KTM;Karatomari;Karatomari;40;1-------;AF;9907;;;
JP;KAR;Karatsu;Karatsu;41;1-------;AF;9907;;;
JP;KRY;Kariya; Saga;Kariya; Saga;41;1-------;AF;9907;;;
JP;KRB;Karubi;Karubi;32;1-------;AF;9907;;;
JP;KAN;Karuno;Karuno;08;1-------;AF;9907;;;
JP;KSD;Kasado;Kasado;35;1-------;AF;9907;;;
JP;KSA;Kasaoka;Kasaoka;33;1-------;AF;9907;;;
JP;KSS;Kasasa; Kagoshima;Kasasa; Kagoshima;46;1-------;AF;9907;;;
JP;KSY;Kasasa; Yamaguchi;Kasasa; Yamaguchi;35;1-------;AF;9907;;;
JP;KAC;Kasaura;Kasaura;32;1-------;AF;9907;;;
JP;KDJ;Kasedo;Kasedo;46;1-------;AF;9907;;;
JP;KKZ;Kashikojima;Kashikojima;24;1-------;AF;9907;;;
JP;KSM;Kashima; Ibaraki;Kashima; Ibaraki;08;1-------;AF;9907;;;
JP;KSC;Kashima; Saga;Kashima; Saga;41;1-------;AF;9907;;;
JP;KAE;Kashimae;Kashimae;42;1-------;AF;9907;;;
JP;KAO;Kashino;Kashino;33;1-------;AF;9907;;;
JP;KSW;Kashiwa; Ehime;Kashiwa; Ehime;38;1-------;AF;9907;;;
JP;KWZ;Kashiwazaki;Kashiwazaki;15;1-------;AF;9907;;;
JP;KGI;Kasugai;Kasugai;23;--3-----;AF;9907;;;
JP;KAK;Kasukabe;Kasukabe;11;--3-----;RL;0307;;3558N 13945E;
JP;KXS;Kasumi;Kasumi;28;1-------;AF;9907;;;
JP;KAU;Kasumigaura;Kasumigaura;08;1-3-----;RL;0307;;3602N 14013E;
JP;KTZ;Kata;Kata;24;1-------;AF;9907;;;
JP;KDR;Katadomari;Katadomari;46;1-------;AF;9907;;;
JP;KTI;Kataichi;Kataichi;34;0-------;RL;9907;;;
JP;KKM;Katakami;Katakami;33;1-------;AF;9907;;;
JP;KTK;Kataku;Kataku;44;1-------;AF;9907;;;
JP;KTS;Katashima;Katashima;39;1-------;AF;9907;;;
JP;KBA;Katasoba;Katasoba;46;1-------;AF;9907;;;
JP;KSU;Katsumoto;Katsumoto;42;1-------;AF;9907;;;
JP;KSI;Katsuta;Katsuta;08;--3-----;AF;9907;;;
JP;KUR;Katsuura; Chiba;Katsuura; Chiba;12;1-------;AF;9907;;;
JP;KAT;Katsuura; Wakayama;Katsuura; Wakayama;30;1-------;AF;9907;;;
JP;KCH;Kawachi; Kumamoto;Kawachi; Kumamoto;43;1-------;AF;9907;;;
JP;KWC;Kawachi; Nagasaki;Kawachi; Nagasaki;42;1-------;AF;9907;;;
JP;KWE;Kawagoe;Kawagoe;11;--3-----;RL;0207;;3554N 13929E;
JP;KWJ;Kawajiri; Hiroshima;Kawajiri; Hiroshima;34;1-------;AF;9907;;;
JP;KWR;Kawajiri; Ibaraki;Kawajiri; Ibaraki;08;1-------;AF;9907;;;
JP;KWA;Kawanazu;Kawanazu;38;1-------;AF;9907;;;
JP;KWN;Kawanoe;Kawanoe;38;1-------;AF;9907;;;
JP;KWI;Kawanoishi;Kawanoishi;38;1-------;AF;9907;;;
JP;KAG;Kawarago;Kawarago;08;1-------;AF;9907;;;
JP;KWS;Kawasaki;Kawasaki;14;1-------;AF;9907;;;
JP;KWM;Kawashimo;Kawashimo;32;1-------;AF;9907;;;
JP;KWT;Kawatana;Kawatana;42;1-------;AF;9907;;;
JP;KAW;Kawauchi;Kawauchi;02;1-------;AF;9907;;;
JP;KZO;Kazo;Kazo;11;--3-----;;0701;;3607N 13936E;
JP;KZH;Kazuhara;Kazuhara;37;1-------;AF;9907;;;
JP;KZM;Kazume;Kazume;42;1-------;AF;9907;;;
JP;KZS;Kazusaminato;Kazusaminato;12;1-------;AF;9907;;;
JP;KEB;Kebuki;Kebuki;42;1-------;AF;9907;;;
JP;KEC;Kechi;Kechi;42;1-------;AF;9907;;;
JP;KEG;Kegoya;Kegoya;34;1-------;AF;9907;;;
JP;KEJ;Keraji;Keraji;46;1-------;AF;9907;;;
JP;KJP;Kerama;Kerama;47;---4----;AF;9907;;;
JP;KEM;Keruma;Keruma;47;1-------;AF;9907;;;
JP;KSN;Kesennuma;Kesennuma;04;1-------;AF;9907;;;
JP;KIA;Kiami;Kiami;32;1-------;AF;9907;;;
JP;KIB;Kibe;Kibe;44;1-------;AF;9907;;;
JP;KGJ;Kigasajima;Kigasajima;37;1-------;AF;9907;;;
JP;KHR;Kihara;Kihara;34;1-------;AF;9907;;;
JP;KII;Kiire;Kiire;46;1-------;AF;9907;;;
JP;KZI;Kijima;Kijima;33;1-------;AF;9907;;;
JP;KKX;Kikaishima;Kikaishima;46;1--4----;AF;0501;;2819N 12959E;
JP;KIK;Kikuma;Kikuma;38;1-------;AF;9907;;;
JP;KMT;Kimitsu;Kimitsu;12;1-------;AF;9907;;;
JP;KNN;Kin;Kin;42;1-------;AF;9907;;;
JP;KIM;Kineshima;Kineshima;37;1-------;AF;9907;;;
JP;KJO;Kinjo;Kinjo;23;1-------;AF;9907;;;
JP;KNK;Kinkasan;Kinkasan;04;1-------;AF;9907;;;
JP;KNX;KinNakagusuku;KinNakagusuku;47;1-------;AF;9907;;;
JP;KNE;Kinoe;Kinoe;34;1-------;AF;9907;;;
JP;KNT;Kinomoto;Kinomoto;24;1-------;AF;9907;;;
JP;KNU;Kinuura;Kinuura;23;1-------;AF;9907;;;
JP;KIN;Kinwan;Kinwan;47;1-------;AF;9907;;;
JP;KJR;Kiriishi;Kiriishi;46;1-------;AF;9907;;;
JP;KRT;Kiritappu;Kiritappu;01;1-------;AF;9907;;;
JP;KST;Kisakata;Kisakata;05;1-------;AF;9907;;;
JP;KNJ;Kisane;Kisane;32;1-------;AF;9907;;;
JP;KZU;Kisarazu;Kisarazu;12;1-------;AF;9907;;;
JP;KIW;Kisawa;Kisawa;37;1-------;AF;9907;;;
JP;KSH;Kishiku;Kishiku;42;1-------;AF;9907;;;
JP;KSR;Kishira;Kishira;46;1-------;AF;9907;;;
JP;KDA;Kishiwada;Kishiwada;27;1-------;AF;9907;;;
JP;KTX;Kita/Kitadaito;Kita/Kitadaito;47;1-------;AF;9907;;;
JP;KDX;Kita/Minamidaito;Kita/Minamidaito;47;1-------;AF;9907;;;
JP;KTD;Kitadaito Apt;Kitadaito Apt;47;---4----;AF;0401;;2556N 13118E;
JP;KTN;Kitakami;Kitakami;03;123-----;RL;0601;;3917N 14107E;
JP;KTL;Kitakijima;Kitakijima;33;1-------;AF;9907;;;
JP;KKJ;Kitakyushu;Kitakyushu;40;12345---;AF;0401;;3350N 13050E;
JP;KTA;Kitanada;Kitanada;38;1-------;AF;9907;;;
JP;KJT;Kitaura; Akita;Kitaura; Akita;05;1-------;AF;9907;;;
JP;KIR;Kitaura; Ehime;Kitaura; Ehime;38;1-------;AF;9907;;;
JP;KTR;Kitaura; Kagawa;Kitaura; Kagawa;37;1-------;AF;9907;;;
JP;KIT;Kitaura; Miyazaki;Kitaura; Miyazaki;45;1-------;AF;9907;;;
JP;KBT;Kobato;Kobato;42;1-------;AF;9907;;;
JP;UKB;Kobe;Kobe;28;12345---;AF;0401;;3441N 13510E;
JP;KBS;Kobishima;Kobishima;33;1-------;AF;9907;;;
JP;KBI;Kobui;Kobui;01;1-------;AF;9907;;;
JP;KCZ;Kochi;Kochi;39;1--4----;AF;9907;;;
JP;KDI;Kodai;Kodai;42;1-------;AF;9907;;;
JP;KDK;Kodakashima;Kodakashima;44;1-------;AF;9907;;;
JP;KOD;Kodomari; Aomori;Kodomari; Aomori;02;1-------;AF;9907;;;
JP;KDM;Kodomari; Kumamoto;Kodomari; Kumamoto;43;1-------;AF;9907;;;
JP;KUF;Kofu;Kofu;19;123--6--;RL;0601;;3539N 0000;E;
JP;KGC;Koguchi;Koguchi;42;1-------;AF;9907;;;
JP;KOG;Kogushi; Okayama;Kogushi; Okayama;33;1-------;AF;9907;;;
JP;KGS;Kogushi; Yamaguchi;Kogushi; Yamaguchi;35;1-------;AF;9907;;;
JP;KOH;Kohama;Kohama;47;1-------;AF;0401;;2420N 12359E;
JP;KJA;Kohjima;Kohjima;33;1-------;AF;9907;;;
JP;KZR;Kohjiro;Kohjiro;42;1-------;AF;9907;;;
JP;KOO;Kohmen;Kohmen;46;1-------;AF;9907;;;
JP;KNR;Kohnoura;Kohnoura;42;1-------;AF;9907;;;
JP;KFU;Kohtsufukae;Kohtsufukae;43;1-------;AF;9907;;;
JP;KTU;Kohtsuura;Kohtsuura;43;1-------;AF;9907;;;
JP;KKL;Kohzaki;Kohzaki;42;1-------;AF;9907;;;
JP;KOU;Kohzujima;Kohzujima;13;1-------;AF;9907;;;
JP;KOI;Koike/Uwajima;Koike/Uwajima;38;1-------;AF;9907;;;
JP;KKB;Kokubo;Kokubo;38;1-------;AF;9907;;;
JP;KOK;Kokura;Kokura;40;1-3-----;AF;0501;;3348N 13053E;
JP;KKI;Komaki;Komaki;23;--3-----;AF;9907;;;
JP;KMQ;Komatsu; Ishikawa;Komatsu; Ishikawa;17;---4----;AF;9907;;;
JP;KMX;Komatsu; Yamaguchi;Komatsu; Yamaguchi;35;1-------;AF;9907;;;
JP;KOM;Komatsushima;Komatsushima;36;1-------;AF;9907;;;
JP;KKO;Komenotsu;Komenotsu;46;1-------;AF;9907;;;
JP;KMN;Kominato;Kominato;02;1-------;AF;9907;;;
JP;KMD;Komoda;Komoda;42;1-------;AF;9907;;;
JP;KAX;Komoe;Komoe;28;1-------;AF;9907;;;
JP;KKE;Komukae;Komukae;42;1-------;AF;9907;;;
JP;KNI;Konagai;Konagai;42;1-------;AF;9907;;;
JP;KOF;Konan;Konan;07;1-------;AF;9907;;;
JP;KNB;Konbukariishi;Konbukariishi;01;1-------;AF;9907;;;
JP;KNY;Koniya;Koniya;46;1-------;AF;9907;;;
JP;KON;Konoshima;Konoshima;33;1-------;AF;9907;;;
JP;KNO;Konoura;Konoura;05;1-------;AF;9907;;;
JP;KIY;Koriyama;Koriyama;07;-23-----;AF;0105;;;
JP;KOS;Kose;Kose;37;1-------;AF;9907;;;
JP;KOA;Koshigaya;Koshigaya;11;--3-----;AF;0307;;3553N 13947E;
JP;KJJ;Koshima;Koshima;46;1-------;AF;9907;;;
JP;KSX;Kosuki;Kosuki;46;1-------;AF;9907;;;
JP;KTJ;Kotakarajima;Kotakarajima;46;1-------;AF;9907;;;
JP;JKT;Kotoura;Kotoura;33;1-------;AF;9907;;;
JP;KTO;Kottoi;Kottoi;35;1-------;AF;9907;;;
JP;KOR;Koura; Kagawa;Koura; Kagawa;37;1-------;AF;9907;;;
JP;KJU;Koura; Kagoshima;Koura; Kagoshima;46;1-------;AF;9907;;;
JP;KKR;Kouri;Kouri;47;1-------;AF;9907;;;
JP;KWX;Kowa;Kowa;23;1-------;AF;9907;;;
JP;KOY;Koyoh/Etajima;Koyoh/Etajima;34;1-------;AF;9907;;;
JP;KYO;Koyoh/Kawajiri;Koyoh/Kawajiri;34;1-------;AF;9907;;;
JP;KOB;Koza;Koza;30;1-------;AF;9907;;;
JP;KZJ;Kozai;Kozai;37;1-------;AF;9907;;;
JP;KZE;Kozera;Kozera;42;1-------;AF;9907;;;
JP;KZK;Kozukushi;Kozukushi;39;1-------;AF;9907;;;
JP;KOZ;Kozuna;Kozuna;42;1-------;AF;9907;;;
JP;KBU;Kubuki;Kubuki;42;1-------;AF;9907;;;
JP;KBR;Kubura;Kubura;47;1-------;AF;9907;;;
JP;KCF;Kuchinofukuura;Kuchinofukuura;46;1-------;AF;9907;;;
JP;KUC;Kuchinotsu;Kuchinotsu;42;1-------;AF;9907;;;
JP;KJD;Kudadon;Kudadon;46;1-------;AF;9907;;;
JP;KUD;Kudamatsu;Kudamatsu;35;1-------;AF;9907;;;
JP;KUG;Kugui;Kugui;33;1-------;AF;9907;;;
JP;KJI;Kuji; Iwate;Kuji; Iwate;03;1-------;AF;9907;;;
JP;KKU;Kuji; Kagoshima;Kuji; Kagoshima;46;1-------;AF;9907;;;
JP;KRR;Kujiragaura;Kujiragaura;42;1-------;AF;9907;;;
JP;KGB;Kuka;Kuka;35;1-------;AF;9907;;;
JP;KMG;Kumagaya;Kumagaya;11;--3-----;AF;9907;;;
JP;KGE;Kumage;Kumage;44;1-------;AF;9907;;;
JP;KGO;Kumago;Kumago;38;1-------;AF;9907;;;
JP;KMJ;Kumamoto;Kumamoto;43;1--4----;AF;9907;;;
JP;KUU;Kumanoe;Kumanoe;45;1-------;AF;9907;;;
JP;KMS;Kumeshima;Kumeshima;47;1-------;AF;9907;;;
JP;KMH;Kumihama;Kumihama;26;1-------;AF;9907;;;
JP;KNH;Kunehama;Kunehama;42;1-------;AF;9907;;;
JP;KNG;Kuniga;Kuniga;32;1-------;AF;9907;;;
JP;KNS;Kunisaki;Kunisaki;44;1-------;AF;9907;;;
JP;KHS;Kurahashi;Kurahashi;34;1-------;AF;9907;;;
JP;KRC;Kuramai;Kuramai;23;1-------;AF;9907;;;
JP;KRN;Kuranotani;Kuranotani;32;1-------;AF;9907;;;
JP;KUA;Kurashiki;Kurashiki;33;--3-----;AF;0401;;3432N 13340E;
JP;KRE;Kure; Hiroshima;Kure; Hiroshima;34;1-------;AF;9907;;;
JP;KUE;Kure; Kochi;Kure; Kochi;39;1-------;AF;9907;;;
JP;KRH;Kurihama;Kurihama;14;1-------;AF;9907;;;
JP;KRU;Kurii;Kurii;32;1-------;AF;9907;;;
JP;KHJ;Kurimamaehama;Kurimamaehama;47;1-------;AF;9907;;;
JP;KRI;Kurio;Kurio;46;1-------;AF;9907;;;
JP;KRD;Kuroda;Kuroda;32;1-------;AF;9907;;;
JP;KRX;Kuroi;Kuroi;45;1-------;AF;9907;;;
JP;KRM;Kurokami;Kurokami;46;1-------;AF;9907;;;
JP;KUX;Kuronohama;Kuronohama;46;1-------;AF;9907;;;
JP;KSK;Kurosaki;Kurosaki;40;1-------;AF;9907;;;
JP;KRJ;Kuroshima; Okinawa;Kuroshima; Okinawa;47;1-------;AF;9907;;;
JP;KRS;Kurushima;Kurushima;38;1-------;AF;9907;;;
JP;KSO;Kushikino;Kushikino;46;1-------;AF;9907;;;
JP;KKK;Kushiku;Kushiku;44;1-------;AF;9907;;;
JP;KUJ;Kushimoto;Kushimoto;30;---4----;AF;9907;;;
JP;KUH;Kushiro;Kushiro;01;1--4----;AF;9907;;;
JP;KSB;Kusubo;Kusubo;42;1-------;AF;9907;;;
JP;KXK;Kusukawa;Kusukawa;46;1-------;AF;9907;;;
JP;KUT;Kute;Kute;32;1-------;AF;9907;;;
JP;KTG;Kutsugata;Kutsugata;01;1-------;AF;9907;;;
JP;KNA;Kuwana;Kuwana;24;1-------;AF;9907;;;
JP;KUW;Kuwanoura;Kuwanoura;46;1-------;AF;9907;;;
JP;KYM;Kuyama;Kuyama;42;1-------;AF;9907;;;
JP;KUZ;Kuzu;Kuzu;37;1-------;AF;9907;;;
JP;UKY;Kyoto;Kyoto;26;---4----;AF;9907;;;
JP;MAE;Maebashi;Maebashi;10;--3-----;AF;9907;;;
JP;MAD;Maedomari/Iheya;Maedomari/Iheya;47;1-------;AF;9907;;;
JP;MDR;Maedomari/Tarama;Maedomari/Tarama;47;1-------;AF;9907;;;
JP;MHM;Maehama;Maehama;38;1-------;AF;9907;;;
JP;MMA;Maenohama;Maenohama;46;1-------;AF;9907;;;
JP;MER;Maeura;Maeura;33;1-------;AF;9907;;;
JP;MMM;Mageshimamisaki;Mageshimamisaki;46;1-------;AF;9907;;;
JP;MGM;Magome;Magome;42;1-------;AF;9907;;;
JP;MGC;Maguchi;Maguchi;33;1-------;AF;9907;;;
JP;MGU;Magusa;Magusa;23;1-------;AF;9907;;;
JP;MAI;Maizuru;Maizuru;26;1-------;AF;9907;;;
JP;MKG;Makigawa;Makigawa;46;1-------;AF;9907;;;
JP;MAK;Makiyama;Makiyama;40;1-------;AF;9907;;;
JP;MKK;Makurazaki;Makurazaki;46;1-------;AF;9907;;;
JP;MNA;Manazuru;Manazuru;14;1-------;AF;9907;;;
JP;MAR;Marugame;Marugame;37;1-------;AF;9907;;;
JP;MAB;Maruichibi;Maruichibi;44;1-------;AF;9907;;;
JP;MWA;Maruiwa;Maruiwa;33;1-------;AF;9907;;;
JP;MRU;Maruo;Maruo;35;1-------;AF;9907;;;
JP;MAS;Masaki;Masaki;38;1-------;AF;9907;;;
JP;MSK;Mashike;Mashike;01;1-------;AF;9907;;;
JP;MDJ;Masuda; Kagoshima;Masuda; Kagoshima;46;1-------;AF;9907;;;
JP;MSD;Masuda; Shimane;Masuda; Shimane;32;1-------;AF;9907;;;
JP;MAM;Matama;Matama;44;1-------;AF;9907;;;
JP;MAG;Mategata;Mategata;38;1-------;AF;9907;;;
JP;MTY;Matoya;Matoya;24;1-------;AF;9907;;;
JP;MTD;Matsudo;Matsudo;12;--3-----;AF;0307;;3547N 13954E;
JP;MTE;Matsue;Matsue;32;1-------;AF;9907;;;
JP;MGA;Matsugaura;Matsugaura;46;1-------;AF;9907;;;
JP;MTM;Matsumae;Matsumae;01;1-------;AF;9907;;;
JP;MMJ;Matsumoto;Matsumoto;20;---4----;AF;9907;;;
JP;MNG;Matsunaga;Matsunaga;34;1-------;AF;9907;;;
JP;MAO;Matsuo;Matsuo;33;1-------;AF;9907;;;
JP;MSA;Matsusaka;Matsusaka;24;1-------;AF;9907;;;
JP;MRA;Matsushima; Miyagi;Matsushima; Miyagi;04;1-------;AF;9907;;;
JP;MAT;Matsushima; Nagasaki;Matsushima; Nagasaki;42;1-------;AF;9907;;;
JP;MSS;Matsushima; Okayama;Matsushima; Okayama;33;1-------;AF;9907;;;
JP;MAU;Matsuura; Kagoshima;Matsuura; Kagoshima;46;1-------;AF;9907;;;
JP;MTS;Matsuura; Nagasaki;Matsuura; Nagasaki;42;1-------;AF;9907;;;
JP;MTU;Matsuura; Oita;Matsuura; Oita;44;1-------;AF;9907;;;
JP;MYJ;Matsuyama;Matsuyama;38;1--4----;AF;9907;;;
JP;MTZ;Matsuzaki;Matsuzaki;22;1-------;AF;9907;;;
JP;MWR;Mawari;Mawari;42;1-------;AF;9907;;;
JP;MBR;Mebaruzaki;Mebaruzaki;34;1-------;AF;9907;;;
JP;MEG;Megi;Megi;37;1-------;AF;9907;;;
JP;MGS;Megoshima;Megoshima;42;1-------;AF;9907;;;
JP;MEN;Mei;Mei;42;1-------;AF;9907;;;
JP;MEI;Meihama;Meihama;40;1-------;AF;9501;;;
JP;MET;Meitsu;Meitsu;45;1-------;AF;9907;;;
JP;MMB;Memanbetsu;Memanbetsu;01;---4----;AF;9907;;;
JP;MSI;MieShikimi;MieShikimi;42;1-------;AF;9907;;;
JP;MHR;Mihara;Mihara;34;1-------;AF;9907;;;
JP;MIH;Mihonoseki;Mihonoseki;32;1-------;AF;9907;;;
JP;MHN;Mihowan;Mihowan;31;1-------;AF;9907;;;
JP;MII;Miike; Fukuoka;Miike; Fukuoka;40;1-------;AF;9907;;;
JP;MIJ;Miike; Tokyo;Miike; Tokyo;13;1-------;AF;9907;;;
JP;MKM;Mikame;Mikame;38;1-------;AF;9907;;;
JP;MKW;Mikawa;Mikawa;23;1-------;AF;9907;;;
JP;MKJ;Mikisato;Mikisato;24;1-------;AF;9907;;;
JP;MKR;Mikurajima;Mikurajima;13;1-------;AF;9907;;;
JP;MMT;Mimitsu;Mimitsu;45;1-------;AF;9907;;;
JP;MHI;Minachi;Minachi;30;--3-----;RL;0401;;3348N 13543E;
JP;MIN;Minamata;Minamata;43;1-------;AF;9907;;;
JP;MNM;Minami;Minami;32;1-------;AF;9907;;;
JP;MMD;Minamidaito;Minamidaito;47;1--4----;AF;0401;;2550N 13114E;
JP;MNT;Minato; Hyogo;Minato; Hyogo;28;1-------;AF;9907;;;
JP;MNE;Mine;Mine;42;1-------;AF;9907;;;
JP;MNY;Minmaya;Minmaya;02;1-------;AF;9907;;;
JP;MNJ;Minna/Motobu;Minna/Motobu;47;1-------;AF;9907;;;
JP;MNN;Minna/Tarama;Minna/Tarama;47;1-------;AF;9907;;;
JP;MSX;Misaki; Ehime;Misaki; Ehime;38;1-------;AF;9907;;;
JP;MIK;Misaki; Kanagawa;Misaki; Kanagawa;14;1-------;AF;9907;;;
JP;MKI;Misaki; Kochi;Misaki; Kochi;39;1-------;AF;9907;;;
JP;MST;Misato;Misato;42;1-------;AF;9907;;;
JP;MSJ;Misawa;Misawa;02;---4----;AF;9907;;;
JP;MKX;Mishima; Kawanoe;Mishima; Kawanoe;38;1-------;AF;9907;;;
JP;MSM;Mishima; Shizuoka;Mishima; Shizuoka;22;-23-----;AF;9907;;;
JP;MSR;Mishiro;Mishiro;42;1-------;AF;9907;;;
JP;MSO;Misho;Misho;38;1-------;AF;9907;;;
JP;MIS;Misumi; Kumamoto;Misumi; Kumamoto;43;1-------;AF;9907;;;
JP;MMI;Misumi; Shimane;Misumi; Shimane;32;1-------;AF;9907;;;
JP;MXT;Mita;Mita;32;1-------;AF;9907;;;
JP;MTC;Mitachi;Mitachi;37;1-------;AF;9907;;;
JP;MIT;Mitaka; Hiroshima;Mitaka; Hiroshima;34;1-------;AF;9907;;;
JP;MTA;Mitaka; Tokyo;Mitaka; Tokyo;13;--3-----;AF;9907;;;
JP;MTI;Mitarai;Mitarai;34;1-------;AF;9907;;;
JP;MQT;Mito; Kagawa;Mito; Kagawa;37;1-------;AF;9907;;;
JP;MTH;Mitsuhama;Mitsuhama;38;1-------;AF;9907;;;
JP;MKS;Mitsukoshima;Mitsukoshima;34;1-------;AF;9907;;;
JP;MTK;Mitsukue;Mitsukue;38;1-------;AF;9907;;;
JP;MIR;Miura/Mitsushima;Miura/Mitsushima;42;1-------;AF;9907;;;
JP;MYG;Miyagahama;Miyagahama;46;1-------;AF;9907;;;
JP;MYI;Miyagi;Miyagi;10;1-3-----;RL;0601;;3626N 13910E;
JP;MYE;Miyakejima Apt/Tokyo;Miyakejima Apt/Tokyo;13;---4----;AF;9907;;;
JP;MYK;Miyako; Iwate;Miyako; Iwate;03;1-------;AF;9907;;;
JP;MMY;Miyakojima;Miyakojima;47;1--4----;AF;0401;;2447N 12518E;
JP;MUY;Miyanoura; Kagawa;Miyanoura; Kagawa;37;1-------;AF;9907;;;
JP;MNR;Miyanoura; Nagasaki;Miyanoura; Nagasaki;42;1-------;AF;9907;;;
JP;MYN;Miyanoura/Azuma;Miyanoura/Azuma;46;1-------;AF;9907;;;
JP;MNO;Miyanoura/Kamiyaku;Miyanoura/Kamiyaku;46;1-------;AF;9907;;;
JP;MYU;Miyaura;Miyaura;38;1-------;AF;9907;;;
JP;MZK;Miyazaki; Ehime;Miyazaki; Ehime;38;1-------;AF;9907;;;
JP;KMI;Miyazaki; Miyazaki;Miyazaki; Miyazaki;45;1--4----;AF;9907;;;
JP;MIY;Miyazu;Miyazu;26;1-------;AF;9907;;;
JP;MZS;Mizusaki;Mizusaki;42;1-------;AF;9907;;;
JP;MIZ;Mizushima;Mizushima;33;1-------;AF;9907;;;
JP;MCD;Mochidoi;Mochidoi;42;1-------;AF;9907;;;
JP;MCH;Mochiishi;Mochiishi;32;1-------;AF;9907;;;
JP;MOG;Mogi;Mogi;42;1-------;AF;9907;;;
JP;MGN;Mogine;Mogine;43;1-------;AF;9907;;;
JP;MOJ;Moji/Kitakyushu;Moji/Kitakyushu;40;123-5---;AF;0401;;3354N 13058E;
JP;MBE;Monbetsu/Abashiri;Monbetsu/Abashiri;01;1-------;AF;9907;;;
JP;MOX;Monoi;Monoi;32;1-------;AF;9907;;;
JP;MRK;Morakui;Morakui;32;1-------;AF;9907;;;
JP;MOR;Mori;Mori;01;1-------;AF;9907;;;
JP;MRG;Moriage;Moriage;38;1-------;AF;9907;;;
JP;MOO;Morie;Morie;44;1-------;AF;9907;;;
JP;MRH;Morinohama;Morinohama;42;1-------;AF;9907;;;
JP;MRW;Morioka;Morioka;03;--34----;AF;9907;;;
JP;MOM;Morodomi;Morodomi;41;1-------;AF;9907;;;
JP;MRZ;Morozaki;Morozaki;23;1-------;AF;9907;;;
JP;MBT;Motobu;Motobu;47;1-------;AF;9907;;;
JP;MOT;Motomachi;Motomachi;13;1-------;AF;9907;;;
JP;MTO;Motoura/Azuma;Motoura/Azuma;46;1-------;AF;9907;;;
JP;MOU;Motoura/Toshima;Motoura/Toshima;46;1-------;AF;9907;;;
JP;MZR;Motozaru;Motozaru;44;1-------;AF;9907;;;
JP;MUG;Mugi;Mugi;36;1-------;AF;9907;;;
JP;MUK;Mukaishima;Mukaishima;34;1-------;AF;9907;;;
JP;MKA;Mukata;Mukata;44;1-------;AF;9907;;;
JP;MKU;Mukunoura;Mukunoura;34;1-------;AF;9907;;;
JP;MRE;Mure;Mure;37;1-------;AF;9907;;;
JP;MRO;Murokita;Murokita;37;1-------;AF;9907;;;
JP;MRM;Muromoto;Muromoto;37;1-------;AF;9907;;;
JP;MUR;Muroran;Muroran;01;1-------;AF;9907;;;
JP;MRJ;Murotomisaki;Murotomisaki;39;1-------;AF;9907;;;
JP;MRS;Murotsu; Hyogo;Murotsu; Hyogo;28;1-------;AF;9907;;;
JP;MUX;Murotsu; Kochi;Murotsu; Kochi;39;1-------;AF;9907;;;
JP;MRT;Murotsu; Yamaguchi;Murotsu; Yamaguchi;35;1-------;AF;9907;;;
JP;MZM;Murozumi;Murozumi;35;1-------;AF;9907;;;
JP;MSH;Musashi;Musashi;44;1-------;AF;9907;;;
JP;MUT;Mutsuogawara;Mutsuogawara;02;1-------;AF;9907;;;
JP;MTR;Mutsure;Mutsure;35;1-------;AF;9907;;;
JP;MYA;Muya;Muya;36;1-------;AF;9907;;;
JP;NAR;Naarai;Naarai;12;1-------;AF;9907;;;
JP;NAD;Nadahama;Nadahama;28;1-------;AF;9907;;;
JP;NDY;Nadayama;Nadayama;32;1-------;AF;9907;;;
JP;NEX;Nagae; Ehime;Nagae; Ehime;38;1-------;AF;9907;;;
JP;NGE;Nagae; Shimane;Nagae; Shimane;32;1-------;AF;9907;;;
JP;NGH;Nagahama; Ehime;Nagahama; Ehime;38;1-------;AF;9907;;;
JP;NMA;Nagahama; Kagoshima;Nagahama; Kagoshima;46;1-------;AF;9907;;;
JP;NHM;Nagahama; Shiga;Nagahama; Shiga;25;1-------;AF;9907;;;
JP;NAG;Nagahama; Shimane;Nagahama; Shimane;32;1-------;AF;9907;;;
JP;NGG;Nagame;Nagame;43;1-------;AF;9907;;;
JP;NNG;Nagano;Nagano;20;--3-----;AF;9907;;;
JP;NAB;Nagara;Nagara;46;1-------;AF;9907;;;
JP;NGS;Nagasaki;Nagasaki;42;1--4----;AF;9907;;;
JP;NHN;Nagasakinohana;Nagasakinohana;37;1-------;AF;9907;;;
JP;NSA;Nagashima;Nagashima;24;1-------;AF;9907;;;
JP;NGU;Nagasu; Kumamoto;Nagasu; Kumamoto;43;1-------;AF;9907;;;
JP;NSU;Nagasu; Oita;Nagasu; Oita;44;1-------;AF;9907;;;
JP;NAA;Nagaura; Nagasaki;Nagaura; Nagasaki;42;1-------;AF;9907;;;
JP;NGR;Nagaura/Yokosuka;Nagaura/Yokosuka;14;1-------;AF;9907;;;
JP;MGY;Nagayama;Nagayama;47;1-------;AF;9907;;;
JP;NAY;Nagayo;Nagayo;42;1-------;AF;9907;;;
JP;NGM;Nagimi;Nagimi;38;1-------;AF;9907;;;
JP;NGD;Nagouda;Nagouda;32;1-------;AF;9907;;;
JP;NGO;Nagoya; Aichi;Nagoya; Aichi;23;1--45---;AF;9907;;;
JP;NGY;Nagoya; Oita;Nagoya; Oita;44;1-------;XX;0701;;;
JP;NAH;Naha; Okinawa;Naha; Okinawa;47;1--45---;AF;9907;;;
JP;NHI;Nahari;Nahari;39;1-------;AF;9907;;;
JP;NGN;Naigainoura;Naigainoura;39;1-------;AF;9907;;;
JP;NKD;Nakada;Nakada;47;1-------;AF;9907;;;
JP;NAK;Nakagusuku;Nakagusuku;47;1-------;AF;9907;;;
JP;NHA;Nakahama; Hiroshima;Nakahama; Hiroshima;34;1-------;AF;9907;;;
JP;NKJ;Nakahama; Kyoto;Nakahama; Kyoto;26;1-------;AF;9907;;;
JP;NKH;Nakahama; Tottori;Nakahama; Tottori;31;1-------;AF;9907;;;
JP;NJM;Nakajima;Nakajima;38;1-------;AF;9907;;;
JP;NGK;Nakakoshi;Nakakoshi;01;0-------;RL;9907;;;
JP;NKK;Nakakoshiki;Nakakoshiki;46;1-------;AF;9907;;;
JP;NKL;Nakama; Kagoshima;Nakama; Kagoshima;46;1-------;AF;9907;;;
JP;NKM;Nakama; Okinawa;Nakama; Okinawa;47;1-------;AF;9907;;;
JP;NMC;Nakamichi;Nakamichi;19;1-3--6--;RL;0601;;3535N 13835E;
JP;NMT;Nakaminato;Nakaminato;08;1-------;AF;9907;;;
JP;NKX;Nakanosaku;Nakanosaku;07;1-------;AF;9907;;;
JP;NAN;Nakanoseki;Nakanoseki;35;1-------;RL;0501;;3400N 13132E;
JP;NKS;Nakanoshima;Nakanoshima;46;1-------;AF;9907;;;
JP;NKN;Nakanoura;Nakanoura;42;1-------;AF;9907;;;
JP;SHB;Nakashibetsu;Nakashibetsu;01;---4----;AF;9907;;;
JP;NKZ;Nakashima;Nakashima;36;1-------;AF;9907;;;
JP;NKT;Nakata; Hiroshima;Nakata; Hiroshima;34;1-------;AF;0212;;;
JP;NTX;Nakata; Kumamoto;Nakata; Kumamoto;43;1-------;AF;9907;;;
JP;NAT;Nakatsu;Nakatsu;44;1-------;AF;9907;;;
JP;NKY;Nakayama;Nakayama;32;1-------;AF;9907;;;
JP;NKR;Nakiri;Nakiri;24;1-------;AF;9907;;;
JP;NAM;Nama;Nama;42;1-------;AF;9907;;;
JP;NIT;Namikata;Namikata;38;1-------;AF;9907;;;
JP;NNO;Nanao;Nanao;17;1-------;AF;9907;;;
JP;NNT;Nanatsugama;Nanatsugama;42;1-------;AF;9907;;;
JP;NTY;Nanatsuyama;Nanatsuyama;46;1-------;AF;9907;;;
JP;NKO;Nanko;Nanko;27;1-------;AF;9907;;;
JP;NYO;Nanyo;Nanyo;06;0-------;RL;9907;;;
JP;NAO;Naoetsu;Naoetsu;15;1-------;AF;9907;;;
JP;NAS;Naoshima;Naoshima;37;1-------;AF;9907;;;
JP;NRO;Narao;Narao;42;1-------;AF;9907;;;
JP;NAI;Narashino;Narashino;12;1-------;RL;0201;;3540N 14001E;
JP;NRT;Narita Apt/Tokyo;Narita Apt/Tokyo;12;---4----;AF;9907;;;
JP;NRI;Narita; Chiba;Narita; Chiba;12;-23-----;AF;0401;;3547N 14019E;
JP;NRS;Narushima;Narushima;42;1-------;AF;9907;;;
JP;NRU;Naruto;Naruto;36;1-------;AF;9907;;;
JP;NSX;Nasa;Nasa;36;1-------;AF;9907;;;
JP;NAZ;Naze;Naze;46;1-------;AF;9907;;;
JP;NGI;Neghishi/Yokohama;Neghishi/Yokohama;14;1-------;AF;9907;;;
JP;NEJ;Nejime;Nejime;46;1-------;AF;9907;;;
JP;NEM;Nemuro;Nemuro;01;1-------;AF;9907;;;
JP;NNK;Nenokuchi;Nenokuchi;02;1-------;AF;9907;;;
JP;NEO;Neo;Neo;42;1-------;AF;9907;;;
JP;NYW;Neyagawa;Neyagawa;27;--3-----;AF;9907;;;
JP;NEZ;Nezugaseki;Nezugaseki;06;1-------;AF;9907;;;
JP;NIC;Nichinan;Nichinan;45;1-------;AF;9907;;;
JP;NXG;Nigishima;Nigishima;24;1-------;AF;9907;;;
JP;NIX;Nii;Nii;42;1-------;AF;9907;;;
JP;KIJ;Niigata;Niigata;15;1-------;AF;9907;;;
JP;NIH;Niigatahigashi;Niigatahigashi;15;1-------;AF;9907;;;
JP;NIN;Niigatanishi;Niigatanishi;15;1-------;AF;9907;;;
JP;IHA;Niihama;Niihama;38;1--4----;AF;9907;;;
JP;NIJ;Niijima;Niijima;13;1-------;AF;9907;;;
JP;NIM;Nima;Nima;32;1-------;AF;9907;;;
JP;NIO;Nio;Nio;37;1-------;AF;9907;;;
JP;NID;Nishi/Kitadaito;Nishi/Kitadaito;47;1-------;AF;9907;;;
JP;NDI;Nishi/Minamidaito;Nishi/Minamidaito;47;1-------;AF;9907;;;
JP;NSB;Nishibe;Nishibe;38;1-------;AF;9907;;;
JP;NSI;Nishiesan;Nishiesan;01;1-------;AF;9907;;;
JP;NHR;Nishihara;Nishihara;47;1-------;AF;9907;;;
JP;NST;Nishikata;Nishikata;46;1-------;AF;9907;;;
JP;NSK;Nishiki;Nishiki;27;1-------;AF;9907;;;
JP;MAW;Nishimaizuru;Nishimaizuru;26;1-------;AF;9907;;;
JP;NSM;Nishimura;Nishimura;32;1-------;AF;9907;;;
JP;NIS;Nishinaka;Nishinaka;38;1-------;AF;9907;;;
JP;NYA;Nishinomiya;Nishinomiya;28;1-3-----;AF;9907;;;
JP;IIN;Nishinoomote;Nishinoomote;46;1--4----;AF;9907;;;
JP;NHO;Nishio;Nishio;23;--3-----;AF;0401;;3452N 13703E;
JP;NSH;Nishishioya;Nishishioya;46;1-------;AF;9907;;;
JP;NUR;Nishiura;Nishiura;22;1-------;AF;9907;;;
JP;NIA;Nita;Nita;42;1-------;AF;9907;;;
JP;NOB;Nobeoka;Nobeoka;45;1-------;AF;9907;;;
JP;NBS;Nobeokashinko;Nobeokashinko;45;1-------;AF;9907;;;
JP;NBU;Nobu/Mitsushima;Nobu/Mitsushima;42;1-------;AF;9907;;;
JP;NOD;Noda;Noda;12;-23-----;RL;0607;;3557N 13952E;
JP;NOU;Noh;Noh;15;1-------;AF;9907;;;
JP;NOH;Nohara;Nohara;26;1-------;AF;9907;;;
JP;NHJ;Noheji;Noheji;02;1-------;AF;9907;;;
JP;NQH;Noho;Noho;47;1-------;AF;9907;;;
JP;NJR;Nojiri;Nojiri;46;1-------;AF;9907;;;
JP;NMK;Nomaike;Nomaike;46;1-------;AF;9907;;;
JP;NMI;Nomi;Nomi;45;1-------;AF;9907;;;
JP;NOM;Nomizaki;Nomizaki;43;1-------;AF;9907;;;
JP;NON;Nonohama;Nonohama;33;1-------;AF;9907;;;
JP;NCO;Nonoichi; Ishikawa;Nonoichi; Ishikawa;17;--3-----;AF;0011;;;
JP;NSR;Noshiro;Noshiro;05;1-------;AF;9907;;;
JP;NUM;Numazu;Numazu;22;1-------;AF;9907;;;
JP;NNH;Nunohama;Nunohama;33;1-------;AF;9907;;;
JP;NWA;Nyugawa;Nyugawa;38;1-------;AF;9907;;;
JP;NYK;Nyukou;Nyukou;32;1-------;AF;9907;;;
JP;NYZ;Nyuzu;Nyuzu;44;1-------;AF;9907;;;
JP;OAR;Oarai;Oarai;08;1-------;AF;9907;;;
JP;OBM;Obama; Fukui;Obama; Fukui;18;1-------;AF;9907;;;
JP;OBA;Obama; Mie;Obama; Mie;24;1-------;AF;0212;;;
JP;OBB;Obama; Nagasaki;Obama; Nagasaki;42;1-------;AF;9907;;;
JP;OOB;Obatake;Obatake;35;1-------;AF;9907;;;
JP;OBE;Obe; Ehime;Obe; Ehime;38;1-------;AF;9907;;;
JP;OBO;Obihiro;Obihiro;01;---4----;AF;9907;;;
JP;OOC;Ochiyo;Ochiyo;13;1-------;AF;9907;;;
JP;ODA;Odahigashi;Odahigashi;32;1-------;AF;9907;;;
JP;ODS;Odeshima;Odeshima;37;1-------;AF;9907;;;
JP;ODO;Odoh;Odoh;43;1-------;AF;9907;;;
JP;ODM;Odomari;Odomari;46;1-------;AF;9907;;;
JP;OGG;Ogaki;Ogaki;21;--3-----;AF;0002;;;
JP;OGA;Ogasawara;Ogasawara;13;1-------;AF;9907;;;
JP;OAT;Ogatsu;Ogatsu;04;1-------;AF;9907;;;
JP;OII;Ogi; Ishikawa;Ogi; Ishikawa;17;1-------;AF;9907;;;
JP;OGK;Ogi; Kagawa;Ogi; Kagawa;37;1-------;AF;9907;;;
JP;OGI;Ogi; Niigata;Ogi; Niigata;15;1-------;AF;9907;;;
JP;OGF;Ogifushi;Ogifushi;01;1-------;AF;9907;;;
JP;OGH;Oginohama;Oginohama;04;1-------;AF;9907;;;
JP;OGM;Ogomori;Ogomori;46;1-------;AF;9907;;;
JP;OHM;Ohama; Ehime;Ohama; Ehime;38;1-------;AF;9907;;;
JP;OHA;Ohama; Kagawa;Ohama; Kagawa;37;1-------;AF;9907;;;
JP;KHM;Ohama; Kagoshima;Ohama; Kagoshima;46;1-------;AF;9907;;;
JP;OOH;Ohama; Okayama;Ohama; Okayama;33;1-------;AF;9907;;;
JP;OMX;Ohama; Tottori;Ohama; Tottori;31;1-------;AF;9907;;;
JP;OHT;Ohata;Ohata;02;1-------;AF;9907;;;
JP;OBX;Ohbe; Kagawa;Ohbe; Kagawa;37;1-------;AF;9907;;;
JP;OBS;Ohbishima;Ohbishima;33;1-------;AF;9907;;;
JP;OKR;Ohbukura/Uwajima;Ohbukura/Uwajima;38;1-------;AF;9907;;;
JP;ODN;Ohdana;Ohdana;46;1-------;AF;9907;;;
JP;OFR;Ohfukaura;Ohfukaura;39;1-------;AF;9907;;;
JP;OFK;Ohfunakoshi;Ohfunakoshi;42;1-------;AF;9907;;;
JP;OFT;Ohfunato;Ohfunato;03;1-------;AF;9907;;;
JP;OOG;Ohgaki;Ohgaki;34;1-------;AF;9907;;;
JP;OSR;Ohgasari;Ohgasari;46;1-------;AF;9907;;;
JP;OGE;Ohge;Ohge;38;1-------;AF;9907;;;
JP;OGS;Ohgishima;Ohgishima;14;1-------;AF;9907;;;
JP;OGU;Ohgushi;Ohgushi;42;1-------;AF;9907;;;
JP;OHO;Ohi;Ohi;13;1-------;AF;9907;;;
JP;OIG;Ohigawa;Ohigawa;22;1-------;AF;9907;;;
JP;OKH;Ohkawara;Ohkawara;42;1-------;AF;9907;;;
JP;ONE;Ohnejime;Ohnejime;46;1-------;AF;9907;;;
JP;ONS;Ohnishi/Ohsaki;Ohnishi/Ohsaki;34;1-------;AF;9907;;;
JP;OON;Ohnoh;Ohnoh;45;1-------;AF;9907;;;
JP;ORA;Ohra;Ohra;38;1-------;AF;9907;;;
JP;OUS;Ohse;Ohse;08;1-------;AF;9907;;;
JP;OSI;Ohshima; Ehime;Ohshima; Ehime;38;1-------;AF;9907;;;
JP;OSS;Ohshima; Fukuoka;Ohshima; Fukuoka;40;1-------;AF;9907;;;
JP;OOM;Ohshima; Kagawa;Ohshima; Kagawa;37;1-------;AF;9907;;;
JP;OSO;Ohshima; Miyazaki;Ohshima; Miyazaki;45;1-------;AF;9907;;;
JP;OIM;Ohshima; Tokyo;Ohshima; Tokyo;13;1--4----;AF;9907;;;
JP;OSH;Ohshima; Wakayama;Ohshima; Wakayama;30;1-------;AF;9907;;;
JP;HGS;Ohshima/Hagi;Ohshima/Hagi;35;1-------;AF;9907;;;
JP;OYM;Ohyama/Mitsushima;Ohyama/Mitsushima;42;1-------;AF;9907;;;
JP;OZJ;Ohzuku;Ohzuku;32;1-------;AF;9907;;;
JP;OIS;Oiso;Oiso;14;1-------;AF;9907;;;
JP;OIT;Oita;Oita;44;1--4----;AF;9907;;;
JP;OJI;Ojika;Ojika;42;1-------;AF;9907;;;
JP;OYA;Ojoya;Ojoya;46;1-------;AF;9907;;;
JP;OAA;Okada;Okada;13;1-------;AF;9907;;;
JP;OKD;Okadama Apt/Sapporo;Okadama Apt/Sapporo;01;---4----;AF;9907;;;
JP;OKM;Okamoto;Okamoto;32;1-------;AF;9907;;;
JP;OMR;Okamura;Okamura;38;1-------;AF;9907;;;
JP;OOW;Okawa; Nagasaki;Okawa; Nagasaki;42;1-------;AF;9907;;;
JP;OKW;Okawa; Wakayama;Okawa; Wakayama;30;1-------;AF;9907;;;
JP;OKY;Okaya;Okaya;20;--3-----;RL;0401;;3603N 13803E;
JP;OKJ;Okayama;Okayama;33;1--4----;AF;9907;;;
JP;OKZ;Okazaki;Okazaki;23;-23-----;RL;0307;;3457N 13710E;
JP;OKI;Oki;Oki;32;1--4----;AF;9907;;;
JP;OKN;Okinajima;Okinajima;07;1-------;AF;9907;;;
JP;OKA;Okinawa;Okinawa;47;---4----;AF;9907;;;
JP;OKE;Okinoerabu;Okinoerabu;46;---4----;AF;9907;;;
JP;OKK;Okinokojima;Okinokojima;46;1-------;AF;9907;;;
JP;OKC;Okitsu; Chiba;Okitsu; Chiba;12;1-------;AF;9907;;;
JP;OKT;Okitsu; Shizuoka;Okitsu; Shizuoka;22;1-------;AF;9907;;;
JP;OIU;Okiura; Hiroshima;Okiura; Hiroshima;34;1-------;AF;0212;;;
JP;OKX;Okiura; Yamaguchi;Okiura; Yamaguchi;35;1-------;AF;9907;;;
JP;OKS;Okiuranishi;Okiuranishi;35;1-------;AF;9907;;;
JP;OKG;Okogi;Okogi;38;1-------;AF;9907;;;
JP;OKU;Oku;Oku;47;1-------;AF;9907;;;
JP;OOJ;Okubo; Kagoshima;Okubo; Kagoshima;46;1-------;AF;9907;;;
JP;OKB;Okubo; Tokyo;Okubo; Tokyo;13;1-------;AF;9907;;;
JP;OCH;Okunouchi;Okunouchi;34;1-------;AF;9907;;;
JP;OIR;Okushiri;Okushiri;01;---4----;AF;9907;;;
JP;OAX;Oma;Oma;02;1-------;AF;9907;;;
JP;OMZ;Omaezaki;Omaezaki;22;1-------;AF;9907;;;
JP;AOM;Omi;Omi;15;123-----;RL;0601;;3701N 13748E;
JP;OMI;Omi;Omi;38;1-------;AF;9907;;;
JP;OMT;Ominato;Ominato;02;1-------;AF;9907;;;
JP;OMS;Omishima;Omishima;38;1-------;AF;9907;;;
JP;OMY;Omiyaji;Omiyaji;43;1-------;AF;9907;;;
JP;OMD;Omodaka;Omodaka;42;1-------;AF;9907;;;
JP;OMN;Omon;Omon;43;1-------;AF;9907;;;
JP;OMW;Omonawa;Omonawa;46;1-------;AF;9907;;;
JP;OJM;Omosu;Omosu;32;1-------;AF;9907;;;
JP;OMH;Omotehama;Omotehama;04;1-------;AF;9907;;;
JP;OMO;Omoto;Omoto;03;1-------;AF;9907;;;
JP;OUM;Omu;Omu;01;1-------;AF;9907;;;
JP;OMJ;Omura;Omura;42;1--4----;AF;9907;;;
JP;OMU;Omuta;Omuta;40;1-------;AF;9907;;;
JP;ONG;Onagawa;Onagawa;04;1-------;AF;9907;;;
JP;ONA;Onahama;Onahama;07;1-------;AF;9907;;;
JP;OGC;Ongachi;Ongachi;46;1-------;AF;9907;;;
JP;ONJ;Oniike;Oniike;43;1-------;AF;9907;;;
JP;ONK;Oniki;Oniki;43;1-------;AF;9907;;;
JP;ONI;Onishi;Onishi;38;1-------;AF;9907;;;
JP;ONW;Oniwaki;Oniwaki;01;1-------;AF;9907;;;
JP;ONB;Onnebetsu;Onnebetsu;01;--3-----;RL;0201;;;
JP;OAD;Onoaida;Onoaida;46;1-------;AF;9907;;;
JP;OND;Onoda;Onoda;35;1-------;AF;9907;;;
JP;ONO;Onomichi;Onomichi;34;1-------;AF;9907;;;
JP;ONX;OnomichiItozaki;OnomichiItozaki;34;1-------;AF;9907;;;
JP;ONU;Onuki;Onuki;04;0-------;RL;9907;;;
JP;OPA;Oppama;Oppama;14;123-----;RL;0401;;3518N 13937E;
JP;ORG;Origami;Origami;42;1-------;AF;9907;;;
JP;ORN;Orino;Orino;36;1-------;AF;9907;;;
JP;OSA;Osaka;Osaka;27;1--45---;AF;9907;;;
JP;OUK;Osaka; Tottori;Osaka; Tottori;31;1-------;AF;9907;;;
JP;OSX;Osaki; Kagoshima;Osaki; Kagoshima;46;1-------;AF;9907;;;
JP;OSK;Osaki; Miyagi;Osaki; Miyagi;04;1-------;AF;9907;;;
JP;OSN;Osaki/Mitsushima;Osaki/Mitsushima;42;1-------;AF;9907;;;
JP;OJO;Osako;Osako;34;1-------;AF;9907;;;
JP;OTO;Osato;Osato;46;1-------;AF;9907;;;
JP;OST;Osetoyanagi;Osetoyanagi;42;1-------;AF;9907;;;
JP;OSD;Oshidomari;Oshidomari;01;1-------;AF;9907;;;
JP;OSM;�shima; Nagasaki;Oshima; Nagasaki;42;1-------;AF;0401;;3304N 12937E;
JP;OSL;Oshima; Yamaguchi;Oshima; Yamaguchi;35;1-------;AF;9907;;;
JP;OSE;Osoe;Osoe;32;1-------;AF;9907;;;
JP;OSU;Osuki;Osuki;46;1-------;AF;9907;;;
JP;OTG;Ota; Gunma;Ota; Gunma;10;-23-----;AF;0401;;3618N 13922E;
JP;OTK;Otake;Otake;34;1-------;AF;9907;;;
JP;OTA;Otao;Otao;42;1-------;AF;9907;;;
JP;OTR;Otaru;Otaru;01;1--4----;AF;9907;;;
JP;OTW;Otawa;Otawa;42;1-------;AF;9907;;;
JP;OTM;Otomi;Otomi;18;1-------;AF;9907;;;
JP;OSJ;Otsu; Ibaraki;Otsu; Ibaraki;08;1-------;AF;9907;;;
JP;OTU;Otsu; Shiga;Otsu; Shiga;25;1-------;AF;9907;;;
JP;OTJ;Otsuchi;Otsuchi;03;1-------;AF;9907;;;
JP;OOA;Oura; Saga;Oura; Saga;41;1-------;AF;9907;;;
JP;OUA;Oura/Ariake;Oura/Ariake;43;1-------;AF;9907;;;
JP;OUR;Oura/Kamitsushima;Oura/Kamitsushima;42;1-------;AF;9907;;;
JP;OOR;Oura/Kasaoka;Oura/Kasaoka;33;1-------;AF;9907;;;
JP;ORX;Oura/Marugame;Oura/Marugame;37;1-------;AF;9907;;;
JP;ORR;Oura/Uchinoura;Oura/Uchinoura;46;1-------;AF;9907;;;
JP;OWA;Owase;Owase;24;1-------;AF;9907;;;
JP;OYB;Oyabu;Oyabu;33;1-------;AF;9907;;;
JP;OAM;Oyama;Oyama;09;--3-----;AF;0104;;3619N 13948E;
JP;OZX;Ozaki;Ozaki;27;1-------;AF;9907;;;
JP;OOO;Ozu;Ozu;34;1-------;AF;9907;;;
JP;OZU;Ozuku;Ozuku;32;1-------;AF;9907;;;
JP;RAU;Rausu;Rausu;01;1-------;AF;9907;;;
JP;RBJ;Rebun;Rebun;01;---4----;AF;9907;;;
JP;RHK;Reihoku;Reihoku;43;1-------;AF;9907;;;
JP;RIS;Rishiri;Rishiri;01;---4----;AF;9907;;;
JP;RKO;Rokko Island;Rokko Island;28;1-------;AF;9907;;;
JP;RND;Ronden;Ronden;32;1-------;AF;9907;;;
JP;RMI;Rumoi;Rumoi;01;1-------;AF;9907;;;
JP;RYS;Ryohshida;Ryohshida;34;1-------;AF;9907;;;
JP;RYO;Ryotsu;Ryotsu;15;1-------;AF;9907;;;
JP;RYG;Ryugamizu;Ryugamizu;46;1-------;AF;9907;;;
JP;SAB;Saba;Saba;38;1-------;AF;9907;;;
JP;SDO;Sado;Sado;15;---4----;AF;9907;;;
JP;SGA;Saga; Kochi;Saga; Kochi;39;1-------;AF;9907;;;
JP;QSG;Saga; Saga;Saga; Saga;41;1--4----;AF;9907;;;
JP;SGH;Sagamihara;Sagamihara;14;--3-----;AF;0006;;;
JP;SAG;Saganoseki;Saganoseki;44;1-------;AF;9907;;;
JP;SGR;Sagara;Sagara;22;1-------;AF;9907;;;
JP;SAW;Sagawa;Sagawa;38;1-------;AF;9907;;;
JP;SGJ;Sagi;Sagi;34;1-------;AF;9907;;;
JP;SJA;Sai; Aomori;Sai; Aomori;02;1-------;AF;9907;;;
JP;SAC;Sai; Shimane;Sai; Shimane;32;1-------;AF;9907;;;
JP;SDZ;Saidaiji;Saidaiji;33;1-------;AF;9907;;;
JP;SAD;Saidoh;Saidoh;46;1-------;AF;9907;;;
JP;SGU;Saigo; Nagasaki;Saigo; Nagasaki;42;1-------;AF;9907;;;
JP;SAI;Saigo; Shimane;Saigo; Shimane;32;1-------;AF;9907;;;
JP;SAJ;Saijo;Saijo;38;1-------;AF;9907;;;
JP;SAE;Saiki;Saiki;44;1-------;AF;9907;;;
JP;STM;Saitama;Saitama;11;--3-----;;0701;;3551N 13938E;
JP;STZ;Saitozaki;Saitozaki;40;1-------;AF;9907;;;
JP;SSK;Saizaki;Saizaki;34;1-------;AF;9907;;;
JP;SAK;Sakai;Sakai;27;1-------;AF;9907;;;
JP;SKD;Sakaide;Sakaide;37;1-------;AF;9907;;;
JP;SMN;Sakaiminato;Sakaiminato;31;1-------;AF;9907;;;
JP;SBK;Sakaisenboku;Sakaisenboku;27;1-------;AF;9907;;;
JP;SKK;Sakaki;Sakaki;39;1-------;AF;9907;;;
JP;SKT;Sakata;Sakata;06;1-------;AF;9907;;;
JP;SAT;Sakate;Sakate;37;1-------;AF;9907;;;
JP;SKH;Sakihama;Sakihama;39;1-------;AF;9907;;;
JP;SMU;Sakimui;Sakimui;01;1-------;AF;9907;;;
JP;STO;Sakito;Sakito;42;1-------;AF;9907;;;
JP;SAU;Sakitsu;Sakitsu;43;1-------;AF;9907;;;
JP;SKO;Sakoshi;Sakoshi;28;1-------;AF;9907;;;
JP;SKR;Sakuraikako;Sakuraikako;38;1-------;AF;9907;;;
JP;SRZ;Sakurajima;Sakurajima;46;1-------;AF;9907;;;
JP;SAM;Samani;Samani;01;1-------;AF;9907;;;
JP;SME;Same;Same;02;1-------;AF;9907;;;
JP;SMK;Samukawa;Samukawa;14;0-------;RL;9907;;;
JP;SNX;Sanagi;Sanagi;37;1-------;AF;9907;;;
JP;SNM;Sanami;Sanami;32;1-------;AF;9907;;;
JP;SAN;Sanbonmatsu;Sanbonmatsu;37;1-------;AF;9907;;;
JP;SPK;Sapporo;Sapporo;01;-234----;AF;0401;;4304N 14121E;
JP;SAS;Sasago;Sasago;32;1-------;AF;9907;;;
JP;SSB;Sasebo;Sasebo;42;1-------;AF;9907;;;
JP;SSI;Sashiki;Sashiki;43;1-------;AF;9907;;;
JP;SSE;Sasue;Sasue;46;1-------;AF;9907;;;
JP;SSN;Sasuna;Sasuna;42;1-------;AF;9907;;;
JP;STA;Sata;Sata;46;1-------;AF;9907;;;
JP;SAO;Sato;Sato;46;1-------;AF;9907;;;
JP;STE;Satoura;Satoura;37;1-------;AF;9907;;;
JP;STW;Satsukawawan;Satsukawawan;46;1-------;AF;9907;;;
JP;SWR;Sawara;Sawara;12;--3-----;AF;0104;;3554N 14030E;
JP;SAA;Sayama;Sayama;11;--3-----;AF;9907;;;
JP;SAZ;Saza;Saza;42;1-------;AF;9907;;;
JP;SEQ;Se/Izuhara;Se/Izuhara;42;1-------;AF;9907;;;
JP;SGW;Segawa;Segawa;42;1-------;AF;9907;;;
JP;SEB;Seibu;Seibu;13;1-------;RQ;0207;;;
JP;SEG;Seigaura;Seigaura;46;1-------;AF;9907;;;
JP;SEK;Sekinehama;Sekinehama;02;1-------;AF;9907;;;
JP;SKY;Sekiya;Sekiya;37;1-------;AF;9907;;;
JP;SEN;Sendai; Kagoshima;Sendai; Kagoshima;46;1-------;AF;9907;;;
JP;SDJ;Sendai; Miyagi;Sendai; Miyagi;04;1--4----;AF;9907;;;
JP;SDS;Sendaishinko;Sendaishinko;04;1-------;AF;9907;;;
JP;SGM;Sendaishiogama;Sendaishiogama;04;1-------;AF;0407;;;
JP;SZK;Senzaki;Senzaki;35;1-------;AF;9907;;;
JP;SES;Sesoko;Sesoko;47;1-------;AF;9907;;;
JP;SEA;Setagaya-ku/Tokyo;Setagaya-ku/Tokyo;13;-23-----;AF;0401;;3539N 13939E;
JP;STN;Setana;Setana;01;1-------;AF;9907;;;
JP;SXT;Seto; Kagawa;Seto; Kagawa;37;1-------;AF;9907;;;
JP;STT;Seto; Kagoshima;Seto; Kagoshima;46;1-------;AF;9907;;;
JP;STD;Setoda;Setoda;34;1-------;AF;9907;;;
JP;SEZ;Sezaki;Sezaki;46;1-------;AF;9907;;;
JP;SHR;Shari;Shari;01;1-------;AF;9907;;;
JP;SBU;Shibaura;Shibaura;13;1-------;AF;9907;;;
JP;SBY;Shibayama;Shibayama;28;1-------;AF;9907;;;
JP;SKB;Shibukawa;Shibukawa;33;1-------;AF;9907;;;
JP;SBS;Shibushi;Shibushi;46;1-------;AF;9907;;;
JP;SCH;Shichirinagahama;Shichirinagahama;02;1-------;AF;9907;;;
JP;SCR;Shichirui;Shichirui;32;1-------;AF;9907;;;
JP;SID;Shido;Shido;37;1-------;AF;9907;;;
JP;SIG;Shigei;Shigei;34;1-------;AF;9907;;;
JP;SGI;Shigetomi;Shigetomi;46;1-------;AF;9907;;;
JP;SIN;Shiinoki;Shiinoki;46;1-------;AF;9907;;;
JP;SKM;Shikama;Shikama;28;1-------;AF;9907;;;
JP;SIK;Shikamachi;Shikamachi;42;1-------;AF;9907;;;
JP;STJ;Shikata;Shikata;34;1-------;AF;9907;;;
JP;SAR;Shikaura;Shikaura;46;1-------;AF;9907;;;
JP;SKN;Shikinejima;Shikinejima;13;1-------;AF;9907;;;
JP;SMB;Shimabara;Shimabara;42;1-------;AF;9907;;;
JP;SIM;Shimama;Shimama;46;1-------;AF;9907;;;
JP;SMM;Shimamaki;Shimamaki;01;1-------;AF;9907;;;
JP;SNU;Shimanoura;Shimanoura;45;1-------;AF;9907;;;
JP;SHZ;Shimazuya;Shimazuya;32;1-------;AF;9907;;;
JP;SMZ;Shimizu;Shimizu;22;1-------;AF;9907;;;
JP;SMO;Shimoda; Kochi;Shimoda; Kochi;39;1-------;AF;9907;;;
JP;SIA;Shimoda; Kumamoto;Shimoda; Kumamoto;43;1-------;AF;9907;;;
JP;SDA;Shimoda; Nagasaki;Shimoda; Nagasaki;42;1-------;AF;0407;;;
JP;SMD;Shimoda; Shizuoka;Shimoda; Shizuoka;22;1-------;AF;9907;;;
JP;SMR;Shimodomari/Mikame;Shimodomari/Mikame;38;1-------;AF;9907;;;
JP;SMH;Shimohisage;Shimohisage;38;1-------;AF;9907;;;
JP;SHI;Shimojishima;Shimojishima;47;---4----;AF;9907;;;
JP;SWA;Shimokawaguchi;Shimokawaguchi;39;1-------;AF;9907;;;
JP;SOO;Shimonokae;Shimonokae;39;1-------;AF;9907;;;
JP;SHS;Shimonoseki;Shimonoseki;35;1---5---;AF;9907;;;
JP;SMT;Shimotsu;Shimotsu;30;1-------;AF;9907;;;
JP;STI;Shimotsui;Shimotsui;33;1-------;AF;9907;;;
JP;SSA;Shimotsuura;Shimotsuura;43;1-------;AF;9907;;;
JP;SHG;Shinagawa-ku/Tokyo;Shinagawa-ku/Tokyo;13;123-----;AF;0401;;3536N 13943E;
JP;SHN;Shingu;Shingu;30;1-------;AF;9907;;;
JP;SZI;Shinjima;Shinjima;46;1-------;AF;9907;;;
JP;SXO;Shinjuku-ku;Shinjuku-ku;13;-23-----;RL;0607;;3541N 13943E;
JP;SKW;Shinkawa; Aichi;Shinkawa; Aichi;23;1-------;AF;9907;;;
JP;SNK;Shinkawa; Kagoshima;Shinkawa; Kagoshima;46;1-------;AF;9907;;;
JP;SHK;Shinkiba;Shinkiba;13;1-------;AF;9907;;;
JP;SHJ;Shinko;Shinko;20;1-3-----;RL;0601;;3634N 13804E;
JP;SNJ;Shinojima;Shinojima;23;1-------;AF;9907;;;
JP;SNW;Shinokawa;Shinokawa;46;1-------;AF;9907;;;
JP;SNZ;Shinzaike;Shinzaike;37;1-------;AF;9907;;;
JP;SGT;Shiogatani;Shiogatani;44;1-------;AF;9907;;;
JP;SOH;Shiohama;Shiohama;32;1-------;AF;9907;;;
JP;SIO;Shioya; Ishikawa;Shioya; Ishikawa;17;1-------;AF;9907;;;
JP;SYA;Shioya; Okinawa;Shioya; Okinawa;47;1-------;AF;9907;;;
JP;SYG;Shioyagamoto;Shioyagamoto;46;1-------;AF;9907;;;
JP;SRX;Shirahama; Chiba;Shirahama; Chiba;12;1-------;AF;9907;;;
JP;SRH;Shirahama; Kagawa;Shirahama; Kagawa;37;1-------;AF;9907;;;
JP;SHH;Shirahama; Kagoshima;Shirahama; Kagoshima;46;1-------;AF;9907;;;
JP;SIR;Shirahama; Nagasaki;Shirahama; Nagasaki;42;1-------;AF;9907;;;
JP;SIH;Shirahama; Okinawa;Shirahama; Okinawa;47;1-------;AF;9907;;;
JP;SHM;Shirahama; Wakayama;Shirahama; Wakayama;30;---4----;AF;9907;;;
JP;SRT;Shirakata;Shirakata;38;1-------;AF;9907;;;
JP;SRA;Shiraki;Shiraki;35;1-------;AF;9907;;;
JP;SKU;Shiraku;Shiraku;33;1-------;AF;9907;;;
JP;SRO;Shiraoi;Shiraoi;01;1-------;AF;9907;;;
JP;SYZ;Shiriyazaki;Shiriyazaki;02;1-------;AF;9907;;;
JP;SRJ;Shiro;Shiro;32;1-------;AF;9907;;;
JP;SJR;Shiroko;Shiroko;24;1-------;AF;9907;;;
JP;SRK;Shirosaki;Shirosaki;03;1-------;AF;9907;;;
JP;SRS;Shirose;Shirose;46;1-------;AF;9907;;;
JP;STR;Shirotori;Shirotori;37;1-------;AF;9907;;;
JP;SSJ;Shisakajima;Shisakajima;38;1-------;AF;9907;;;
JP;SSH;Shishiboe;Shishiboe;42;1-------;AF;9907;;;
JP;SJI;Shishijima; Kagawa;Shishijima; Kagawa;37;1-------;AF;9907;;;
JP;SJM;Shishijima; Kagoshima;Shishijima; Kagoshima;46;1-------;AF;9907;;;
JP;SIS;Shishikui;Shishikui;36;1-------;AF;9907;;;
JP;SSM;Shishimi;Shishimi;42;1-------;AF;9907;;;
JP;STB;Shitaba;Shitaba;38;1-------;AF;9907;;;
JP;SNO;Shitanoe;Shitanoe;44;1-------;AF;9907;;;
JP;SIT;Shitanoura;Shitanoura;42;1-------;AF;9907;;;
JP;SDK;Shitooke;Shitooke;46;1-------;AF;9907;;;
JP;SZG;Shizugawa;Shizugawa;04;1-------;AF;9907;;;
JP;SHO;Shizuoka;Shizuoka;22;--3-----;RL;0212;;3458N 13823E;
JP;SZU;Shizuura;Shizuura;22;1-------;AF;9907;;;
JP;SNN;Shonan;Shonan;14;1-------;AF;9907;;;
JP;SYO;Shoura;Shoura;46;1-------;AF;9907;;;
JP;SNR;Shukunoura;Shukunoura;42;1-------;AF;9907;;;
JP;SHU;Shushi;Shushi;42;1-------;AF;9907;;;
JP;SDU;Sodegaura;Sodegaura;12;1-------;AF;9907;;;
JP;SOG;Sogo;Sogo;33;1-------;AF;9907;;;
JP;SNI;Sonai/Taketomi;Sonai/Taketomi;47;1-------;AF;9907;;;
JP;SNA;Sonai/Yonaguni;Sonai/Yonaguni;47;1-------;AF;9907;;;
JP;SNE;Sone;Sone;42;1-------;AF;9907;;;
JP;SGX;Sonogi;Sonogi;42;1-------;AF;9907;;;
JP;SOR;Sonoura;Sonoura;42;1-------;AF;9907;;;
JP;SYM;Sonoyama;Sonoyama;46;1-------;AF;9907;;;
JP;SOT;Sotodomari/Nishiumi;Sotodomari/Nishiumi;38;1-------;AF;9907;;;
JP;SMA;Souma;Souma;07;1-------;AF;9907;;;
JP;SOY;Soya;Soya;01;1-------;AF;9907;;;
JP;SOZ;Sozu;Sozu;32;1-------;AF;9907;;;
JP;SUG;Suga;Suga;32;1-------;AF;9907;;;
JP;SUU;Sugawa;Sugawa;42;1-------;AF;9907;;;
JP;SGE;Suge;Suge;38;1-------;AF;9907;;;
JP;SUR;Sugeura;Sugeura;32;1-------;AF;9907;;;
JP;SUK;Sukumowan;Sukumowan;39;1-------;AF;0501;;3255N 13243E;
JP;SMI;Sumie;Sumie;45;1-------;AF;9907;;;
JP;SUM;Suminoe;Suminoe;41;1-------;AF;9907;;;
JP;SMY;Sumiyoshi;Sumiyoshi;46;1-------;AF;9907;;;
JP;SUH;Sumoto; Hyogo;Sumoto; Hyogo;28;1-------;AF;9907;;;
JP;SUT;Sumoto; Kumamoto;Sumoto; Kumamoto;43;1-------;AF;9907;;;
JP;SXM;Sunami;Sunami;34;1-------;AF;9907;;;
JP;SUE;Sunoe;Sunoe;34;1-------;AF;9907;;;
JP;SUS;Susa;Susa;35;1-------;AF;9907;;;
JP;SUZ;Susaki;Susaki;39;1-------;AF;9907;;;
JP;STU;Suttsu;Suttsu;01;1-------;AF;9907;;;
JP;SUW;Suwa;Suwa;32;1-------;AF;9907;;;
JP;KUK;Suzuka;Suzuka;24;--3-----;RL;0207;;3452N 13634E;
JP;TBR;Tabira;Tabira;42;1-------;AF;9907;;;
JP;TBU;Tabu;Tabu;35;1-------;AF;9907;;;
JP;TAB;Tabugawa;Tabugawa;46;1-------;AF;9907;;;
JP;TBN;Tachibana;Tachibana;36;1-------;AF;9907;;;
JP;TAC;Tachiyama;Tachiyama;46;1-------;AF;9907;;;
JP;TDN;Tadanoumi;Tadanoumi;34;1-------;AF;9907;;;
JP;TAD;Tadotsu;Tadotsu;37;1-------;AF;9907;;;
JP;TAG;Tagi;Tagi;32;1-------;AF;9907;;;
JP;TAO;Tago;Tago;22;1-------;AF;9907;;;
JP;TGO;Tagonoura;Tagonoura;22;1-------;AF;9907;;;
JP;TGM;Taguma;Taguma;40;0-------;RL;9907;;;
JP;TAR;Tahara;Tahara;34;1-------;AF;9907;;;
JP;TAZ;Tai;Tai;26;1-------;AF;9907;;;
JP;TKW;Tainokawa;Tainokawa;46;1-------;AF;9907;;;
JP;TAL;Tainouchi;Tainouchi;34;1-------;AF;9907;;;
JP;TIN;Tainoura;Tainoura;42;1-------;AF;9907;;;
JP;TAQ;Taira;Taira;42;1-------;AF;9907;;;
JP;TDT;Tairadate;Tairadate;02;1-------;AF;9907;;;
JP;TIA;Taisha;Taisha;32;1-------;AF;9907;;;
JP;TZA;Taiza;Taiza;26;1-------;AF;9907;;;
JP;TAJ;Tajiri;Tajiri;46;1-------;AF;0401;;;
JP;TJR;Tajiri; Tottori;Tajiri; Tottori;31;1-------;AF;9907;;;
JP;TKD;Takada;Takada;44;1-------;AF;9907;;;
JP;TAH;Takahama; Ehime;Takahama; Ehime;38;1-------;AF;9910;;;
JP;TKH;Takahama/Amakusa;Takahama/Amakusa;43;1-------;AF;9907;;;
JP;TAK;Takamatsu;Takamatsu;37;1--4----;AF;9907;;;
JP;TMJ;Takami;Takami;37;1-------;AF;9907;;;
JP;TAA;Takamijima;Takamijima;37;1-------;AF;9907;;;
JP;TNB;Takanabe;Takanabe;45;1-------;AF;9907;;;
JP;TKC;Takanokuchi;Takanokuchi;46;1-------;AF;9907;;;
JP;TKK;Takaoka;Takaoka;16;1-------;AF;9907;;;
JP;TJI;Takarajima;Takarajima;46;1-------;AF;9907;;;
JP;TSG;Takasago;Takasago;28;1-------;AF;9907;;;
JP;TSA;Takasaki;Takasaki;10;--3-----;RL;0201;;3619N 13853E;
JP;TJK;Takashima/Masuda;Takashima/Masuda;32;1-------;AF;9907;;;
JP;TSM;Takashima/Nishisonogi;Takashima/Nishisonogi;42;1-------;AF;9907;;;
JP;TXK;Takasu; Fukui;Takasu; Fukui;18;1-------;AF;9907;;;
JP;TKG;Takasu; Kagoshima;Takasu; Kagoshima;46;1-------;AF;9907;;;
JP;TEE;Take;Take;46;1-------;AF;9907;;;
JP;TDJ;Takedatsu;Takedatsu;44;1-------;AF;9907;;;
JP;THR;Takehara;Takehara;34;1-------;AF;9907;;;
JP;TEA;Takena;Takena;32;1-------;AF;9907;;;
JP;TKE;Takeno;Takeno;28;1-------;AF;9907;;;
JP;TAS;Takeshiki;Takeshiki;42;1-------;AF;9907;;;
JP;TSX;Takeshima;Takeshima;46;1-------;AF;9907;;;
JP;TTH;Taketomihigashi;Taketomihigashi;47;1-------;AF;9907;;;
JP;TKT;Taketoyo;Taketoyo;23;1-------;AF;9907;;;
JP;TKZ;Takezaki;Takezaki;42;1-------;AF;9907;;;
JP;TKI;Taki;Taki;17;1-------;AF;9907;;;
JP;TKM;Takuma;Takuma;37;1-------;AF;9907;;;
JP;TKU;Takuno;Takuno;32;1-------;AF;9907;;;
JP;TAM;Tamano;Tamano;33;1-------;AF;9907;;;
JP;TMN;Tamanoura;Tamanoura;42;1-------;AF;9907;;;
JP;TMS;Tamatsu; Ehime;Tamatsu; Ehime;38;1-------;AF;9907;;;
JP;TMT;Tamatsu; Okayama;Tamatsu; Okayama;33;1-------;AF;9907;;;
JP;TAI;Tamatsukuri;Tamatsukuri;08;--3-----;AF;9907;;;
JP;TAE;Tanabe;Tanabe;30;1-------;AF;9907;;;
JP;TAN;Tanagawa;Tanagawa;27;1-------;AF;9907;;;
JP;TNK;Tanasoko;Tanasoko;43;1-------;AF;9907;;;
JP;TNE;Tanegashima;Tanegashima;46;---4----;AF;9907;;;
JP;TAW;Tannowa;Tannowa;27;1-------;AF;9907;;;
JP;THM;Tanohama;Tanohama;03;1-------;AF;9907;;;
JP;TUR;Tanoura; Ehime;Tanoura; Ehime;38;1-------;AF;9907;;;
JP;TNR;Tanoura; Kumamoto;Tanoura; Kumamoto;43;1-------;AF;9907;;;
JP;TNU;Tanoura/Kitakyushu;Tanoura/Kitakyushu;40;1-------;AF;9907;;;
JP;TNW;Tanowaki;Tanowaki;46;1-------;AF;9907;;;
JP;TRA;Taramajima;Taramajima;47;---4----;AF;9907;;;
JP;TRH;Tarugahama;Tarugahama;42;1-------;AF;9907;;;
JP;TMZ;Tarumizu;Tarumizu;46;1-------;AF;9907;;;
JP;TSS;Tasumi;Tasumi;32;1-------;AF;9907;;;
JP;TET;Tateishi; Ehime;Tateishi; Ehime;38;1-------;AF;9907;;;
JP;TTS;Tateishi; Kagawa;Tateishi; Kagawa;37;1-------;AF;9907;;;
JP;TTY;Tateyama;Tateyama;12;1-------;AF;9907;;;
JP;TAT;Tatsugo;Tatsugo;46;1-------;AF;9907;;;
JP;TAU;Taura;Taura;35;0-------;RL;9907;;;
JP;TYU;Tayui;Tayui;42;1-------;AF;9907;;;
JP;TEI;Tei;Tei;39;1-------;AF;9907;;;
JP;TIS;Teishi;Teishi;22;1-------;AF;9907;;;
JP;TEK;Tekutsuku;Tekutsuku;46;1-------;AF;9907;;;
JP;TEN;Tendo;Tendo;06;--3-----;RL;0201;;3821N 14022E;
JP;TRD;Teradomari;Teradomari;15;1-------;AF;9907;;;
JP;TZU;Terazu/Matsue;Terazu/Matsue;32;1-------;AF;9907;;;
JP;TRZ;Terazu/Yatsuka;Terazu/Yatsuka;32;1-------;AF;9907;;;
JP;TSI;Teshima;Teshima;37;1-------;AF;9907;;;
JP;TSO;Teshio;Teshio;01;1-------;AF;9907;;;
JP;TEU;Teuchi;Teuchi;46;1-------;AF;9907;;;
JP;TER;Teuri;Teuri;01;1-------;AF;9907;;;
JP;TOB;Toba;Toba;24;1-------;AF;9907;;;
JP;TBT;Tobata/Kitakyushu;Tobata/Kitakyushu;40;1-------;RL;0501;;3353N 13050E;
JP;TBO;Tobo;Tobo;41;1-3-----;AF;0401;;3329N 12956E;
JP;TOD;Todohokke;Todohokke;01;1-------;AF;9907;;;
JP;TOJ;Toga;Toga;05;1-------;AF;9907;;;
JP;TOG;Togi;Togi;17;1-------;AF;9907;;;
JP;TGC;Toguchi;Toguchi;46;1-------;AF;9907;;;
JP;TDA;Tohda;Tohda;32;1-------;AF;9907;;;
JP;TOI;Toi;Toi;22;1-------;AF;9907;;;
JP;TJM;Tojima;Tojima;38;1-------;AF;9907;;;
JP;TOK;Tokachi;Tokachi;01;1-------;AF;9907;;;
JP;TKA;Tokai;Tokai;23;1-------;AF;9907;;;
JP;TJS;Tokashiki;Tokashiki;47;1-------;AF;9907;;;
JP;TTU;Tokitsu;Tokitsu;42;1-------;AF;9907;;;
JP;TXN;Tokoname;Tokoname;23;1-------;AF;9907;;;
JP;TKO;Tokonami;Tokonami;42;1-------;AF;9907;;;
JP;TKR;Tokoro;Tokoro;01;1-------;AF;9907;;;
JP;TCC;Tokuchi;Tokuchi;47;1-------;AF;9907;;;
JP;TKJ;Tokujin;Tokujin;47;1-------;AF;9907;;;
JP;TKN;Tokunoshima;Tokunoshima;46;---4----;AF;9907;;;
JP;TKS;Tokushima;Tokushima;36;1--4----;AF;9907;;;
JP;TKY;Tokuyama;Tokuyama;35;1-------;AF;9907;;;
JP;TYO;Tokyo;Tokyo;13;12345---;AF;0401;;3541N 13945E;
JP;TMK;Tomakomai;Tomakomai;01;1--4----;AF;9907;;;
JP;TJJ;Tomamae;Tomamae;01;1-------;AF;9907;;;
JP;TMR;Tomari; Okinawa;Tomari; Okinawa;47;1-------;AF;9907;;;
JP;TMA;Tomari/Shiribeshi;Tomari/Shiribeshi;01;1-------;AF;9907;;;
JP;TRR;Tomariura;Tomariura;39;1-------;AF;9907;;;
JP;TME;Tomie;Tomie;42;1-------;AF;9907;;;
JP;TMM;Tomiku;Tomiku;44;1-------;AF;9907;;;
JP;TMO;Tomioka; Kumamoto;Tomioka; Kumamoto;43;1-------;AF;9907;;;
JP;TOM;Tomioka; Tokushima;Tomioka; Tokushima;36;1-------;AF;9907;;;
JP;TMU;Tomitsu;Tomitsu;43;1-------;AF;9907;;;
JP;TND;Tonda;Tonda;35;1-------;AF;9907;;;
JP;TNO;Tonosho;Tonosho;37;1-------;AF;9907;;;
JP;TNH;Tonoshohigash;Tonoshohigash;37;1-------;AF;9907;;;
JP;TON;Tonoura;Tonoura;45;1-------;AF;9907;;;
JP;TOR;Toride;Toride;08;--3-----;AF;0002;;3554N 14004E;
JP;TRO;Tororo;Tororo;43;1-------;AF;9907;;;
JP;TSZ;Tosashimizu;Tosashimizu;39;1-------;AF;9907;;;
JP;TJO;Toshima; Hyogo;Toshima; Hyogo;28;1-------;AF;9907;;;
JP;TOX;Toshima/Tokyo;Toshima/Tokyo;13;1-3-----;AF;0401;;3431N 13916E;
JP;TOT;Totoro;Totoro;45;1-------;AF;9907;;;
JP;TTJ;Tottori;Tottori;31;1--4----;AF;9907;;;
JP;TOU;Touyo;Touyo;38;1-------;AF;9907;;;
JP;TOY;Toyama;Toyama;16;1--4----;AF;9907;;;
JP;TOS;Toyamashinko;Toyamashinko;16;1-------;AF;9907;;;
JP;TYJ;Toyohama; Aichi;Toyohama; Aichi;23;1-------;AF;9907;;;
JP;TYH;Toyohama; Kagawa;Toyohama; Kagawa;37;1-------;AF;9907;;;
JP;THS;Toyohashi;Toyohashi;23;1-------;AF;9907;;;
JP;THA;Toyohira-ku;Toyohira-ku;01;--3-----;AF;0401;;4301N 14124E;
JP;TUS;Toyoshige;Toyoshige;31;1-------;AF;9907;;;
JP;TYA;Toyota;Toyota;23;123-----;RL;0601;;3505N 13710E;
JP;TYR;Toyoura;Toyoura;33;1-------;AF;9907;;;
JP;TSU;Tsu;Tsu;24;1-------;AF;9907;;;
JP;TCH;Tsuchiura;Tsuchiura;08;1-------;AF;9907;;;
JP;TUD;Tsuda;Tsuda;37;1-------;AF;9907;;;
JP;TUI;Tsui;Tsui;28;1-------;AF;9907;;;
JP;TYN;Tsuiyama;Tsuiyama;28;1-------;AF;9907;;;
JP;TWA;Tsukinokawa;Tsukinokawa;42;1-------;AF;9907;;;
JP;TSB;Tsukuba;Tsukuba;08;--3-----;AF;0104;;3602N 14005E;
JP;TMI;Tsukumi;Tsukumi;44;1-------;AF;9907;;;
JP;TUU;Tsukumo;Tsukumo;34;1-------;AF;9907;;;
JP;TNA;Tsuna;Tsuna;28;1-------;AF;9907;;;
JP;TNI;Tsuneishi;Tsuneishi;34;1-------;AF;9907;;;
JP;TNS;Tsunoshima;Tsunoshima;35;1-------;AF;9907;;;
JP;TRG;Tsuruga;Tsuruga;18;1-------;AF;9907;;;
JP;TRU;Tsurumi; Okayama;Tsurumi; Okayama;33;1-------;AF;9907;;;
JP;TSK;Tsurusaki;Tsurusaki;44;1-------;AF;9907;;;
JP;TRC;Tsuruuchi;Tsuruuchi;37;1-------;AF;9907;;;
JP;TSH;Tsushi;Tsushi;28;1-------;AF;9907;;;
JP;TSJ;Tsushima;Tsushima;42;---4----;AF;9907;;;
JP;TST;Tsutsu;Tsutsu;42;1-------;AF;9907;;;
JP;TTM;Tsutsumi;Tsutsumi;32;1-------;AF;9907;;;
JP;TYP;Tsuyoshi;Tsuyoshi;42;1-------;AF;9907;;;
JP;UBJ;Ube;Ube;35;1--4----;AF;9907;;;
JP;UBY;Ubuyu;Ubuyu;32;1-------;AF;9907;;;
JP;UHH;Uchihana;Uchihana;47;1-------;AF;9907;;;
JP;UCN;Uchinomi;Uchinomi;37;1-------;AF;9907;;;
JP;UUR;Uchinoura;Uchinoura;46;1-------;AF;9907;;;
JP;UNU;Uchinourahetsuka;Uchinourahetsuka;46;1-------;AF;9907;;;
JP;UCH;Uchiumi;Uchiumi;45;1-------;AF;9907;;;
JP;UCU;Uchiura; Fukui;Uchiura; Fukui;18;1-------;AF;9907;;;
JP;UCR;Uchiura; Ishikawa;Uchiura; Ishikawa;17;1-------;AF;9907;;;
JP;UDD;Udo;Udo;46;1-------;AF;9907;;;
JP;UDO;Udono;Udono;24;1-------;AF;9907;;;
JP;UEC;Uechi;Uechi;47;1-------;AF;9907;;;
JP;UGA;Uga;Uga;32;1-------;AF;9907;;;
JP;UGU;Ugusu;Ugusu;22;1-------;AF;9907;;;
JP;UJI;Ujina;Ujina;34;1-------;AF;9907;;;
JP;UJY;Ujiyamada;Ujiyamada;24;1-------;AF;9907;;;
JP;UKJ;Ukejima;Ukejima;46;1-------;AF;9907;;;
JP;UKN;Uken;Uken;46;1-------;AF;9907;;;
JP;UKT;Ukitsu;Ukitsu;46;1-------;AF;9907;;;
JP;UKI;Ukui;Ukui;30;1-------;AF;9907;;;
JP;UMG;Umagoe;Umagoe;37;1-------;AF;9907;;;
JP;UNO;Uno;Uno;33;1-------;AF;9907;;;
JP;UNS;Unoshima;Unoshima;40;1-------;AF;9907;;;
JP;UNT;Unten;Unten;47;1-------;AF;9907;;;
JP;UOM;Uomi;Uomi;46;1-------;AF;9907;;;
JP;UOU;Uozu; Shimane;Uozu; Shimane;32;1-------;AF;9907;;;
JP;UOZ;Uozu; Toyama;Uozu; Toyama;16;1-------;AF;9907;;;
JP;URA;Ura;Ura;28;1-------;AF;9907;;;
JP;URG;Uraga;Uraga;14;1-------;AF;9907;;;
JP;URM;Uragami;Uragami;30;1-------;AF;9907;;;
JP;UAO;Urago;Urago;32;1-------;AF;9907;;;
JP;URH;Urahara;Urahara;46;1-------;AF;9907;;;
JP;URK;Urakawa;Urakawa;01;1-------;AF;9907;;;
JP;UNM;Uranomae;Uranomae;46;1-------;AF;9907;;;
JP;URR;Urashiro;Urashiro;44;1-------;AF;9907;;;
JP;URS;Urasoko;Urasoko;46;1-------;AF;9907;;;
JP;UYA;Urayasu;Urayasu;12;--3--6--;RQ;0607;;3539N 13954E;
JP;USA;Usa/Tosa;Usa/Tosa;39;1-------;AF;9907;;;
JP;UBK;Ushibuka;Ushibuka;43;1-------;AF;9907;;;
JP;USG;Ushigakubijima;Ushigakubijima;37;1-------;AF;9907;;;
JP;USH;Ushimado;Ushimado;33;1-------;AF;9907;;;
JP;USI;Ushine;Ushine;46;1-------;AF;9907;;;
JP;UST;Ushitsu;Ushitsu;17;1-------;AF;9907;;;
JP;USJ;Usujiri;Usujiri;01;1-------;AF;9907;;;
JP;UKA;Usuka;Usuka;42;1-------;AF;9907;;;
JP;USK;Usuki;Usuki;44;1-------;AF;9907;;;
JP;USN;Usuno;Usuno;44;1-------;AF;9907;;;
JP;USU;Usunoura;Usunoura;42;1-------;AF;9907;;;
JP;UTZ;Utazu;Utazu;37;1-------;AF;9907;;;
JP;UTM;Utsumi; Aichi;Utsumi; Aichi;23;1-------;AF;9907;;;
JP;UTS;Utsumi; Hiroshima;Utsumi; Hiroshima;34;1-------;AF;9907;;;
JP;UTO;Utsunomiya;Utsunomiya;09;--3-----;AF;0104;;3633N 13953E;
JP;UWA;Uwajima;Uwajima;38;1-------;AF;9907;;;
JP;UZK;Uzuki;Uzuki;32;1-------;AF;9907;;;
JP;WDA;Wada;Wada;18;1-------;AF;9907;;;
JP;WAD;Wadomari;Wadomari;46;1-------;AF;9907;;;
JP;WAI;Waita;Waita;35;1-------;AF;9907;;;
JP;WJM;Wajima;Wajima;17;1-------;AF;9907;;;
JP;WTU;Wakamatsu; Nagasaki;Wakamatsu; Nagasaki;42;1-------;AF;9907;;;
JP;WAM;Wakamatsu/Kitakyushu;Wakamatsu/Kitakyushu;40;123-----;AF;0401;;3353N 13049E;
JP;WKT;Wakatsu;Wakatsu;40;1-------;AF;9907;;;
JP;WAK;Wakayama;Wakayama;30;1-------;AF;9907;;;
JP;WKI;Wakimisaki;Wakimisaki;42;1-------;AF;9907;;;
JP;WMT;Wakimoto;Wakimoto;38;1-------;AF;9907;;;
JP;WKW;Wakinosawa;Wakinosawa;02;1-------;AF;9907;;;
JP;WKZ;Wakizaki;Wakizaki;46;1-------;AF;9907;;;
JP;WKJ;Wakkanai;Wakkanai;01;1--4----;AF;9907;;;
JP;WKR;Wakura;Wakura;17;1-------;AF;9907;;;
JP;WAN;Wan;Wan;46;1-------;AF;9907;;;
JP;WNI;Waniura;Waniura;42;1-------;AF;9907;;;
JP;WNA;Wano;Wano;46;1-------;AF;9907;;;
JP;WSB;Washibeyanoura;Washibeyanoura;34;1-------;AF;9907;;;
JP;WAT;Watanoha;Watanoha;04;1-------;AF;9907;;;
JP;YCH;Yachiyo;Yachiyo;12;123-----;RL;0601;;3544N 14006E;
JP;YNE;Yaene;Yaene;13;1-------;AF;9907;;;
JP;YAE;Yaeyama Island;Yaeyama Island;47;--3-----;RL;0201;;2419N 12347E;
JP;YAG;Yagi; Hyogo;Yagi; Hyogo;28;1-------;AF;9907;;;
JP;YGI;Yagi; Iwate;Yagi; Iwate;03;1-------;AF;9907;;;
JP;YGR;Yagishiri;Yagishiri;01;1-------;AF;9907;;;
JP;YZU;Yaizu;Yaizu;22;1-------;AF;9907;;;
JP;KUM;Yakushima;Yakushima;46;---4----;AF;9907;;;
JP;YKU;Yakuzu;Yakuzu;46;1-------;AF;9907;;;
JP;YQD;Yamada;Yamada;28;1-------;AF;9907;;;
JP;YAD;Yamada; Iwate;Yamada; Iwate;03;1-------;AF;9907;;;
JP;YMD;Yamada; Okayama;Yamada; Okayama;33;1-------;AF;9907;;;
JP;GAJ;Yamagata;Yamagata;06;---4----;AF;9907;;;
JP;YAM;Yamagawa;Yamagawa;46;1-------;AF;9907;;;
JP;YMG;Yamaguchi;Yamaguchi;35;1-------;AF;9907;;;
JP;YGH;Yamaguchihigashi;Yamaguchihigashi;35;1-------;AF;9907;;;
JP;YNS;Yamanashi;Yamanashi;19;-23-----;RL;0507;;3541N 13840E;
JP;YMN;Yamanoura;Yamanoura;43;1-------;AF;9907;;;
JP;YMT;Yamatani;Yamatani;32;1-------;AF;9907;;;
JP;YAA;Yanagi;Yanagi;43;1-------;AF;9907;;;
JP;YAN;Yanai;Yanai;35;1-------;AF;9907;;;
JP;YNI;Yani;Yani;46;1-------;AF;9907;;;
JP;YNN;Yanma;Yanma;46;1-------;AF;9907;;;
JP;YSG;Yasugi;Yasugi;32;1-------;AF;9907;;;
JP;YAS;Yasumiya;Yasumiya;02;1-------;AF;9907;;;
JP;YMA;Yasurahama;Yasurahama;46;1-------;AF;9907;;;
JP;YAT;Yatsushiro;Yatsushiro;43;1-------;AF;9907;;;
JP;YWT;Yawata/Kitakyushu;Yawata/Kitakyushu;40;123-----;RL;0501;;3351N 13048E;
JP;YWH;Yawatahama;Yawatahama;38;1-------;AF;9907;;;
JP;YBK;Yobuko;Yobuko;41;1-------;AF;9907;;;
JP;YIC;Yoichi;Yoichi;01;1-------;AF;9907;;;
JP;YOC;Yoichigaura;Yoichigaura;43;1-------;AF;9907;;;
JP;YKK;Yokkaichi;Yokkaichi;24;1-------;AF;9907;;;
JP;YOK;Yokohama;Yokohama;14;12345---;AF;0401;;3527N 13939E;
JP;YKS;Yokoshima/Kurahashi;Yokoshima/Kurahashi;34;1-------;AF;9907;;;
JP;YOS;Yokosuka;Yokosuka;14;123-----;AF;0401;;3517N 13940E;
JP;OKO;Yokota Apt/Tokyo;Yokota Apt/Tokyo;13;---4----;AF;9907;;;
JP;YKT;Yokota; Hiroshima;Yokota; Hiroshima;34;1-------;AF;9907;;;
JP;YGJ;Yonago;Yonago;31;---4----;AF;9907;;;
JP;OGN;Yonagunijima;Yonagunijima;47;---4----;AF;9907;;;
JP;YOG;Yonegura;Yonegura;33;1-------;AF;9907;;;
JP;YNZ;Yonouzu;Yonouzu;44;1-------;AF;9907;;;
JP;YOR;Yoro;Yoro;46;1-------;AF;9907;;;
JP;RNJ;Yoronjima;Yoronjima;46;---4----;AF;9907;;;
JP;YSS;Yoshiase;Yoshiase;34;1-------;AF;9907;;;
JP;YDA;Yoshida; Aichi;Yoshida; Aichi;23;1-------;AF;9907;;;
JP;YSD;Yoshida; Ehime;Yoshida; Ehime;38;1-------;AF;9907;;;
JP;YSM;Yoshima;Yoshima;37;1-------;AF;9907;;;
JP;YSN;Yoshinozaki;Yoshinozaki;37;1-------;AF;9907;;;
JP;YHI;Yoshiumi;Yoshiumi;38;1-3-----;AF;0407;;3408N 13302E;
JP;YSU;Yoshiura;Yoshiura;34;1-------;AF;9907;;;
JP;YSR;Yoshiura/Misumi;Yoshiura/Misumi;32;1-------;AF;9907;;;
JP;YHA;Yoshiura/Yunotsu;Yoshiura/Yunotsu;32;1-------;AF;9907;;;
JP;YSZ;Yoshizu;Yoshizu;24;1-------;AF;9907;;;
JP;YOT;Yotsukura;Yotsukura;07;1-------;AF;9907;;;
JP;YOU;Youra;Youra;44;1-------;AF;9907;;;
JP;YSH;Yuasahiro;Yuasahiro;30;1-------;AF;9907;;;
JP;YBT;Yubetsu;Yubetsu;01;1-------;AF;9907;;;
JP;YDM;Yudomari;Yudomari;46;1-------;AF;9907;;;
JP;YGE;Yuge;Yuge;38;1-------;AF;9907;;;
JP;YKI;Yuki;Yuki;08;--3-----;AF;0501;;3618N 13953E;
JP;YUK;Yuki;Yuki;36;1-------;AF;9907;;;
JP;YMC;Yumachi;Yumachi;32;1-------;AF;9907;;;
JP;YMU;Yumugi;Yumugi;46;1-------;AF;9907;;;
JP;YNM;Yunomochiki;Yunomochiki;46;1-------;AF;9907;;;
JP;YNT;Yunotsu;Yunotsu;32;1-------;AF;9907;;;
JP;YRA;Yura; Hyogo;Yura; Hyogo;28;1-------;AF;9907;;;
JP;YUR;Yura; Wakayama;Yura; Wakayama;30;1-------;AF;9907;;;
JP;YUJ;Yura; Yamagata;Yura; Yamagata;06;1-------;AF;9907;;;
JP;YUA;Yura; Yamaguchi;Yura; Yamaguchi;35;1-------;AF;9907;;;
JP;YRG;Yurigahama;Yurigahama;46;1-------;AF;9907;;;
JP;YUS;Yusu;Yusu;38;1-------;AF;9907;;;
JP;YTI;Yutai;Yutai;38;1-------;AF;9907;;;
JP;YUU;Yuu;Yuu;35;1-------;AF;9907;;;
JP;YWN;Yuwan;Yuwan;46;1-------;AF;9907;;;
JP;YUZ;Yuza;Yuza;06;-23-----;AF;0401;;3900N 13955E;
JP;ZAM;Zama;Zama;14;-----6--;AF;0501;;3529N 13923E;
JP;ZMM;Zamami;Zamami;47;1-------;AF;9907;;;
