PG;;.PAPUA NEW GUINEA;;;;;;;;
PG;ABW;Abau;Abau;;1--4----;AI;9601;;;
PG;;Admiralty Island = Manus Island;Admiralty Island = Manus Island;;;;;;;
PG;AFR;Afore;Afore;;---4----;AI;0001;;;
PG;AUP;Agaun;Agaun;;---4----;AI;0001;;;
PG;AHO;Ahioma;Ahioma;;1-------;RL;9811;;;
PG;AIE;Aiome;Aiome;;---4----;AI;9601;;;
PG;ATP;Aitape;Aitape;;---4----;AI;9601;;;
PG;AYU;Aiyura;Aiyura;;---4----;AI;9601;;;
PG;AKI;Akinum;Akinum;;1-------;QQ;8311;;;
PG;GUR;Alotau;Alotau;;1--4----;AI;9601;;;
PG;AMF;Ama;Ama;;---4----;AI;9601;;;
PG;AMU;Amanab;Amanab;;---4----;AI;9601;;;
PG;AZB;Amazon Bay;Amazon Bay;;---4----;AI;9601;;;
PG;AMG;Amboin;Amboin;;---4----;AI;0001;;;
PG;AUJ;Ambunti;Ambunti;;---4----;AI;9601;;;
PG;ANB;Anewa Bay;Anewa Bay;;1-------;RL;0212;;0612S 15533E;
PG;AGG;Angoram;Angoram;;---4----;AI;9601;;;
PG;AKG;Anguganak;Anguganak;;---4----;AI;0001;;;
PG;AOB;Annanberg;Annanberg;;---4----;AI;0001;;;
PG;APR;April River;April River;;---4----;AI;0001;;;
PG;ARP;Aragip;Aragip;;---4----;AI;9601;;;
PG;RAW;Arawa;Arawa;;---45---;AI;0001;;0613S 15533E;IMPC
PG;AOA;Aroa;Aroa;;---4----;AI;0001;;;
PG;AON;Arona;Arona;;---4----;AI;0001;;;
PG;APP;Asapa;Asapa;;---4----;AI;0001;;;
PG;AEK;Aseki;Aseki;;---4----;AI;9601;;;
PG;ASZ;Asirim;Asirim;;---4----;AI;0001;;;
PG;ABP;Atkamba;Atkamba;;---4----;AI;0001;;;
PG;AUI;Aua Island;Aua Island;;---4----;AI;0001;;;
PG;AUV;Aumo;Aumo;;---4----;AI;0001;;;
PG;AWB;Awaba;Awaba;;---4----;AI;0001;;;
PG;AWR;Awar;Awar;;---4----;AI;0001;;;
PG;BAP;Baibara;Baibara;;---4----;AI;9601;;;
PG;VMU;Baimuru;Baimuru;;---4----;AI;9601;;;
PG;BDZ;Baindoung;Baindoung;;---4----;AI;0001;;;
PG;BAJ;Bali;Bali;;---4----;AI;9601;;;
PG;OPU;Balimo;Balimo;;---4----;AI;9601;;;
PG;BCP;Bambu;Bambu;;---4----;AI;0001;;;
PG;BMZ;Bamu;Bamu;;---4----;AI;9601;;;
PG;BNZ;Banz;Banz;;---4----;AI;9601;;;
PG;BPD;Bapi;Bapi;;---4----;AI;0001;;;
PG;BWJ;Bawan;Bawan;;---4----;AI;0001;;;
PG;BSP;Bensbach;Bensbach;;---4----;AI;0001;;;
PG;BEA;Bereina;Bereina;;---4----;AI;9601;;;
PG;BWP;Bewani;Bewani;;---4----;AI;9601;;;
PG;BAA;Bialla;Bialla;;---4----;AI;9601;;;
PG;BRP;Biaru;Biaru;;---4----;AI;0001;;;
PG;BIJ;Biliau;Biliau;;---4----;AI;0001;;;
PG;BIZ;Bimin;Bimin;;---4----;AI;0001;;;
PG;XBN;Biniguni;Biniguni;;---4----;AI;9601;;;
PG;BNV;Boana;Boana;;---4----;AI;0001;;;
PG;BOV;Boang;Boang;;---4----;AI;9601;;;
PG;BNM;Bodinumu;Bodinumu;;---4----;AI;9601;;;
PG;BOQ;Boku;Boku;;---4----;AI;0001;;;
PG;BVP;Bolovip;Bolovip;;---4----;AI;0001;;;
PG;BMH;Bomai;Bomai;;---4----;AI;0001;;;
PG;BPB;Boridi;Boridi;;---4----;AI;0001;;;
PG;BOR;Boroko;Boroko;;1---5---;AI;9601;;;
PG;BOT;Boset;Boset;;---4----;AI;0001;;;
PG;BRH;Brahman;Brahman;;---4----;AI;0001;;;
PG;UBI;Buin;Buin;;---4----;AI;9601;;;
PG;BUA;Buka;Buka;;1--4----;AI;9601;;;
PG;BUL;Bulolo;Bulolo;;---4----;AI;9601;;;
PG;BNA;Buna;Buna;;1-------;QQ;8311;;;
PG;BNT;Bundi;Bundi;;---4----;AI;9601;;;
PG;BXZ;Bunsil;Bunsil;;---4----;AI;0001;;;
PG;CGC;Cape Gloucester;Cape Gloucester;;---4----;AI;9601;;;
PG;CPI;Cape Orford;Cape Orford;;---4----;AI;0001;;;
PG;CPN;Cape Rodney;Cape Rodney;;---4----;AI;9601;;;
PG;CVL;Cape Vogel;Cape Vogel;;---4----;AI;9601;;;
PG;CVB;Chungribu;Chungribu;;---4----;AI;0001;;;
PG;DLB;Dalbertis;Dalbertis;;---4----;AI;0001;;;
PG;DAU;Daru;Daru;;1--4----;AI;9601;;;
PG;DGG;Daugo;Daugo;;---4----;AI;0001;;;
PG;DAF;Daup;Daup;;---4----;AI;0001;;;
PG;DBP;Debepare;Debepare;;---4----;AI;0001;;;
PG;DER;Derim;Derim;;---4----;AI;0001;;;
PG;DNU;Dinangat;Dinangat;;---4----;AI;0001;;;
PG;DOS;Dios;Dios;;---4----;AI;0001;;;
PG;DDM;Dodoima;Dodoima;;---4----;AI;0001;;;
PG;DOI;Doini;Doini;;---4----;AI;0001;;;
PG;DOO;Dorobisoro;Dorobisoro;;---4----;AI;9601;;;
PG;DPU;Dumpu;Dumpu;;---4----;AI;0001;;;
PG;EFG;Efogi;Efogi;;---4----;AI;9601;;;
PG;EIA;Eia;Eia;;---4----;AI;0001;;;
PG;EPT;Eliptamin;Eliptamin;;---4----;AI;0001;;;
PG;EMS;Embessa;Embessa;;---4----;AI;9601;;;
PG;EMI;Emirau;Emirau;;---4----;AI;9601;;;
PG;EMO;Emo;Emo;;---4----;AI;0001;;;
PG;EGA;Engati;Engati;;---4----;AI;0001;;;
PG;ERE;Erave;Erave;;---4----;AI;9601;;;
PG;ERU;Erume;Erume;;---4----;AI;0001;;;
PG;ESA;Esa'ala;Esa'ala;;---4----;AI;9601;;;
PG;FNE;Fane;Fane;;---4----;AI;9601;;;
PG;FRQ;Feramin;Feramin;;---4----;AI;0001;;;
PG;FIN;Finschhafen;Finschhafen;;1--4----;AI;9601;;;
PG;FAQ;Freida River;Freida River;;---4----;AI;0001;;;
PG;FUB;Fulleborn;Fulleborn;;1--4----;AI;9601;;;
PG;FUM;Fuma;Fuma;;---4----;AI;0001;;;
PG;GAR;Garaina;Garaina;;---4----;AI;9601;;;
PG;GRL;Garasa;Garasa;;---4----;AI;0001;;;
PG;GRH;Garuahi;Garuahi;;---4----;AI;9601;;;
PG;GMI;Gasmata Island;Gasmata Island;;1--4----;AI;9601;;;
PG;GBC;Gasuke;Gasuke;;---4----;AI;0001;;;
PG;GEW;Gewoia;Gewoia;;---4----;AI;0001;;;
PG;GIL;Gilau;Gilau;;1-------;QQ;8311;;;
PG;GWN;Gnarowein;Gnarowein;;---4----;AI;0001;;;
PG;GOE;Gonalia;Gonalia;;---4----;AI;0001;;;
PG;GOC;Gora;Gora;;---4----;AI;0001;;;
PG;GKA;Goroka;Goroka;;---4----;AI;9601;;;
PG;GEI;Green Islands;Green Islands;;1--4----;AI;9601;;;
PG;GVI;Green River;Green River;;---4----;AI;0001;;;
PG;GUG;Guari;Guari;;---4----;AI;9601;;;
PG;GAZ;Guasopa;Guasopa;;---4----;AI;0001;;;
PG;GLP;Gulgubip;Gulgubip;;---4----;AI;0001;;;
PG;GUE;Guriaso;Guriaso;;---4----;AI;0001;;;
PG;GAP;Gusap;Gusap;;---4----;AI;9601;;;
PG;HEO;Haelogo;Haelogo;;---4----;AI;0001;;;
PG;HAZ;Hatzfeldthaven;Hatzfeldthaven;;---4----;AI;0001;;;
PG;HWA;Hawabango;Hawabango;;---4----;AI;0001;;;
PG;HYF;Hayfields;Hayfields;;---4----;AI;9601;;;
PG;HNI;Heiweni;Heiweni;;---4----;AI;0001;;;
PG;HIT;Hivaro;Hivaro;;---4----;AI;0001;;;
PG;HNN;Honinabi;Honinabi;;---4----;AI;0001;;;
PG;HKN;Hoskins;Hoskins;;1--4----;AI;9601;;;
PG;IMA;Iamalele;Iamalele;;---4----;AI;9601;;;
PG;IAU;Iaura;Iaura;;---4----;AI;0001;;;
PG;IBI;Iboki;Iboki;;---4----;AI;0001;;;
PG;IHU;Ihu;Ihu;;---4----;AI;9601;;;
PG;ILX;Ileg;Ileg;;---4----;AI;0001;;;
PG;IMN;Imane;Imane;;---4----;AI;0001;;;
PG;IMD;Imonda;Imonda;;---4----;AI;9601;;;
PG;IDN;Indagen;Indagen;;---4----;AI;0001;;;
PG;IUS;Inus;Inus;;---4----;AI;9601;;;
PG;IOK;Iokea;Iokea;;---4----;AI;9601;;;
PG;IOP;Ioma;Ioma;;---4----;AI;9601;;;
PG;ITK;Itogama;Itogama;;--34----;AI;0207;;0911S 14815E;
PG;JAC;Jacksons;Jacksons;;----5---;AI;9805;;;
PG;JAQ;Jacquinot Bay;Jacquinot Bay;;---4----;AI;9601;;;
PG;JOP;Josephstaal;Josephstaal;;---4----;AI;9601;;;
PG;KBM;Kabwum;Kabwum;;---4----;AI;0001;;;
PG;KGW;Kagi;Kagi;;---4----;AI;9601;;;
PG;AGK;Kagua;Kagua;;---4----;AI;0001;;;
PG;KIA;Kaiapit;Kaiapit;;---4----;AI;0001;;;
PG;KZF;Kaintiba;Kaintiba;;---4----;AI;9601;;;
PG;KRK;Kairuku;Kairuku;;1-3-----;RL;0401;;0850N 14632E;
PG;KPP;Kakapo;Kakapo;;1-------;QQ;8311;;;
PG;KLO;Kalo;Kalo;;1-------;QQ;8311;;;
PG;KDQ;Kamberatoro;Kamberatoro;;---4----;AI;0001;;;
PG;KMF;Kamina;Kamina;;---4----;AI;0001;;;
PG;KJU;Kamiraba;Kamiraba;;---4----;AI;9601;;;
PG;KAQ;Kamulai;Kamulai;;---4----;AI;0001;;;
PG;KUY;Kamusi;Kamusi;;---4----;AI;0001;;;
PG;KEX;Kanabea;Kanabea;;---4----;AI;9601;;;
PG;KNE;Kanainj;Kanainj;;---4----;AI;0001;;;
PG;KDP;Kandep;Kandep;;---4----;AI;9601;;;
PG;KDR;Kandrian;Kandrian;;---4----;AI;9601;;;
PG;KTK;Kanua;Kanua;;---4----;AI;0001;;;
PG;KAK;Kar;Kar;;---4----;AI;0001;;;
PG;KAF;Karato;Karato;;---4----;AI;0001;;;
PG;KRJ;Karawari;Karawari;;---4----;AI;0001;;;
PG;KMR;Karimui;Karimui;;---4----;AI;9601;;;
PG;KRX;Karkar Is;Karkar Is;;1-34----;AI;0207;;0438S 14558E;
PG;KXR;Karoola;Karoola;;---4----;AI;0001;;;
PG;KSB;Kasanombe;Kasanombe;;---4----;AI;0001;;;
PG;KVG;Kavieng;Kavieng;;1--4----;AI;9601;;;
PG;KWO;Kawito;Kawito;;---4----;AI;0001;;;
PG;KEG;Keglsugl;Keglsugl;;---4----;AI;0001;;;
PG;KNL;Kelanoa;Kelanoa;;---4----;AI;0001;;;
PG;KRU;Kerau;Kerau;;---4----;AI;0001;;;
PG;KMA;Kerema;Kerema;;1--4----;AI;9601;;;
PG;KIE;Kieta;Kieta;;1--4----;AI;9601;;;
PG;KIZ;Kikinonda;Kikinonda;;---4----;AI;0001;;;
PG;KRI;Kikori;Kikori;;---4----;AI;9601;;;
PG;KIM;Kimbe;Kimbe;;1-------;QQ;8311;;;
PG;KIQ;Kira;Kira;;---4----;AI;0001;;;
PG;KSG;Kisengan;Kisengan;;---4----;AI;0001;;;
PG;KVE;Kitava;Kitava;;---4----;AI;0001;;;
PG;UNG;Kiunga;Kiunga;;1--4----;AI;9601;;;
PG;KWX;Kiwai Island;Kiwai Island;;---4----;AI;0001;;;
PG;KMB;Koinambe;Koinambe;;---4----;AI;0001;;;
PG;KKD;Kokoda;Kokoda;;---4----;AI;9601;;;
PG;KOR;Kokoro;Kokoro;;---4----;AI;9601;;;
PG;KQL;Kol;Kol;;---4----;AI;9601;;;
PG;KCJ;Komaio;Komaio;;---4----;AI;0001;;;
PG;HOC;Komako;Komako;;---4----;AI;0001;;;
PG;KOM;Komo-Manda;Komo-Manda;;---4----;AI;9601;;;
PG;KPM;Kompiam;Kompiam;;---4----;AI;0001;;;
PG;KGB;Konge;Konge;;---4----;AI;0001;;;
PG;KPA;Kopiago;Kopiago;;---4----;AI;9601;;;
PG;KDE;Koroba;Koroba;;---4----;AI;9601;;;
PG;KSP;Kosipe;Kosipe;;---4----;AI;0001;;;
PG;KUL;Kumul;Kumul;;1-----7-;RL;0207;;0806S 14434E;
PG;CMU;Kundiawa;Kundiawa;;---4----;AI;9601;;;
PG;KGM;Kungum;Kungum;;---4----;AI;0001;;;
PG;KUP;Kupiano;Kupiano;;---4----;AI;9601;;;
PG;KUQ;Kuri;Kuri;;---4----;AI;0001;;;
PG;KWV;Kurwina;Kurwina;;---4----;AI;0001;;;
PG;LAB;Lablab;Lablab;;---4----;AI;9601;;;
PG;LAE;Lae;Lae;;1--4----;AI;9601;;;
PG;LGM;Laiagam;Laiagam;;---4----;AI;0001;;;
PG;LMY;Lake Murray;Lake Murray;;---4----;AI;0001;;;
PG;LMG;Lamassa;Lamassa;;---4----;AI;0001;;;
PG;LNM;Langimar;Langimar;;---4----;AI;9601;;;
PG;LHP;Lehu;Lehu;;---4----;AI;0001;;;
PG;LTF;Leitre;Leitre;;---4----;AI;0001;;;
PG;LNC;Lengbati;Lengbati;;---4----;AI;0001;;;
PG;LPN;Leron Plains;Leron Plains;;---4----;AI;0001;;;
PG;LNG;Lese;Lese;;---4----;AI;9601;;;
PG;LNV;Lihir Island;Lihir Island;;1--4----;AI;9701;;;
PG;LGN;Linga Linga;Linga Linga;;---4----;AI;0001;;;
PG;LNQ;Loani;Loani;;---4----;AI;0001;;;
PG;LOL;Loloho;Loloho;;1-------;QQ;8311;;;
PG;LDT;Londolovit;Londolovit;;1-3-----;RL;0201;;0304S 15237E;
PG;LSJ;Long Island;Long Island;;---4----;AI;0001;;;
PG;LOR;Lorengau; Manus Island;Lorengau; Manus Island;;1-------;QQ;8311;;;
PG;LSA;Losuia;Losuia;;---4----;AI;9601;;;
PG;LWI;Lowai;Lowai;;---4----;AI;0001;;;
PG;LMI;Lumi;Lumi;;---4----;AI;9601;;;
PG;MAG;Madang;Madang;;1--4----;AI;9601;;;
PG;MPG;Makini;Makini;;---4----;AI;0001;;;
PG;MMV;Mal;Mal;;---4----;AI;0001;;;
PG;MLQ;Malalaua;Malalaua;;---4----;AI;9601;;;
PG;MKN;Malekolon;Malekolon;;---4----;AI;9601;;;
PG;MAP;Mamai;Mamai;;---4----;AI;9601;;;
PG;MAM;Manam Island;Manam Island;;1-------;QQ;8311;;;
PG;MRM;Manare;Manare;;---4----;AI;9601;;;
PG;MAN;Manda;Manda;;--34----;RL;0207;KOM;0700S 14109E;
PG;MVI;Manetai;Manetai;;---4----;AI;0001;;;
PG;MGP;Manga;Manga;;---4----;AI;9601;;;
PG;MFO;Manguna;Manguna;;---4----;AI;0001;;;
PG;UUU;Manumu;Manumu;;---4----;AI;9601;;;
PG;MAS;Manus Island;Manus Island;;---4----;AI;9601;;;
PG;MPF;Mapoda;Mapoda;;---4----;AI;0001;;;
PG;MPU;Mapua;Mapua;;---4----;AI;9601;;;
PG;MWI;Maramuni;Maramuni;;---4----;AI;0001;;;
PG;MWG;Marawaka;Marawaka;;---4----;AI;0001;;;
PG;MGG;Margarima;Margarima;;---4----;AI;9601;;;
PG;MNP;Maron;Maron;;---4----;AI;0001;;;
PG;MBV;Masa;Masa;;---4----;AI;0001;;;
PG;MRH;May River;May River;;---4----;AI;0001;;;
PG;MDU;Mendi;Mendi;;---4----;AI;9601;;;
PG;MYX;Menyamya;Menyamya;;---4----;AI;9601;;;
PG;MFZ;Mesalia;Mesalia;;---4----;AI;0001;;;
PG;MIE;Mielelek;Mielelek;;1-------;QQ;8311;;;
PG;MXK;Mindik;Mindik;;---4----;AI;0001;;;
PG;MZN;Minj;Minj;;---4----;AI;0001;;;
PG;MIS;Misima Island;Misima Island;;1--4----;AI;9601;;;
PG;MPX;Miyanmin;Miyanmin;;---4----;AI;0001;;;
PG;MJJ;Moki;Moki;;---4----;AI;0001;;;
PG;MHY;Morehead;Morehead;;---4----;AI;9601;;;
PG;MXH;Moro;Moro;;---4----;AI;0001;;;
PG;OBM;Morobe;Morobe;;---4----;AI;0001;;;
PG;GUV;Mougulu;Mougulu;;---4----;AI;0001;;;
PG;UAE;Mount Aue;Mount Aue;;---4----;AI;0001;;;
PG;HGU;Mount Hagen;Mount Hagen;;---4----;AI;9601;;;
PG;LNF;Munbil;Munbil;;---4----;AI;0001;;;
PG;MDM;Munduku;Munduku;;---4----;AI;9601;;;
PG;MWU;Mussau;Mussau;;---4----;AI;9601;;;
PG;NDN;Nadunumu;Nadunumu;;---4----;AI;0001;;;
PG;ATN;Namatanai;Namatanai;;1--4----;AI;9601;;;
PG;NBA;Nambaiyufa;Nambaiyufa;;---4----;AI;0001;;;
PG;NDI;Namudi;Namudi;;---4----;AI;9601;;;
PG;NKN;Nankina;Nankina;;---4----;AI;0001;;;
PG;NOO;Naoro;Naoro;;---4----;AI;0001;;;
PG;GBF;Negarbo;Negarbo;;---4----;AI;0001;;;
PG;NGR;Ningerum;Ningerum;;---4----;AI;0001;;;
PG;NPG;Nipa;Nipa;;---4----;AI;0001;;;
PG;IIS;Nissan Island;Nissan Island;;---4----;AI;9601;;;
PG;NOM;Nomad River;Nomad River;;---4----;AI;0001;;;
PG;NMN;Nomane;Nomane;;---4----;AI;0001;;;
PG;NWT;Nowata;Nowata;;---4----;AI;9601;;;
PG;NUG;Nuguria;Nuguria;;---4----;AI;0001;;;
PG;UKU;Nuku;Nuku;;---4----;AI;9601;;;
PG;NUT;Nutuve;Nutuve;;---4----;AI;0001;;;
PG;OBX;Obo;Obo;;---4----;AI;0001;;;
PG;OGE;Ogeranang;Ogeranang;;---4----;AI;0001;;;
PG;OKP;Oksapmin;Oksapmin;;---4----;AI;0001;;;
PG;OLQ;Olsobip;Olsobip;;---4----;AI;0001;;;
PG;OML;Omkalai;Omkalai;;---4----;AI;0001;;;
PG;OSE;Omora;Omora;;---4----;AI;0001;;;
PG;ONB;Ononge;Ononge;;---4----;AI;0001;;;
PG;OPB;Open Bay;Open Bay;;---4----;AI;9601;;;
PG;RAX;Oram;Oram;;---4----;AI;0001;;;
PG;OTY;Oria;Oria;;---4----;AI;0001;;;
PG;ROR;Orobay;Orobay;;1-------;QQ;8311;;;
PG;OSG;Ossima;Ossima;;---4----;AI;0001;;;
PG;PLE;Paiela;Paiela;;---4----;AI;0001;;;
PG;PAW;Pambwa;Pambwa;;---4----;AI;9601;;;
PG;PGN;Pangia;Pangia;;---4----;AI;0001;;;
PG;PGB;Pangoa;Pangoa;;---4----;AI;0001;;;
PG;PPX;Param;Param;;---4----;AI;0001;;;
PG;PMP;Pimaga;Pimaga;;---4----;AI;9601;;;
PG;PDI;Pindiu;Pindiu;;---4----;AI;0001;;;
PG;PDO;Pondo Harbour;Pondo Harbour;;1-------;RL;0401;;0434S 15137E;
PG;PNP;Popondetta;Popondetta;;---4----;AI;9601;;;
PG;RGE;Porgera;Porgera;;---4----;AI;9601;;;
PG;POM;Port Moresby;Port Moresby;;1--4----;AI;9601;;;
PG;PUA;Puas;Puas;;---4----;AI;9601;;;
PG;PMN;Pumani;Pumani;;---4----;AI;9601;;;
PG;PUI;Pureni;Pureni;;---4----;AI;0001;;;
PG;RBP;Rabaraba;Rabaraba;;---4----;AI;9601;;;
PG;RAB;Rabaul;Rabaul;;1--4----;AI;9601;;;
PG;RAA;Rakanda;Rakanda;;---4----;AI;9601;;;
PG;RAM;Rambutyo Island;Rambutyo Island;;1-------;QQ;8311;;;
PG;RNR;Robinson River;Robinson River;;1--4----;AI;9601;;;
PG;RMN;Rumginae;Rumginae;;---4----;AI;0001;;;
PG;RVI;Russel Island;Russel Island;;1-------;QQ;8311;;;
PG;RUU;Ruti;Ruti;;---4----;AI;0001;;;
PG;SBV;Sabah;Sabah;;---4----;AI;9601;;;
PG;SFU;Safia;Safia;;---4----;AI;9601;;;
PG;SGJ;Sagarai;Sagarai;;---4----;AI;9601;;;
PG;SDI;Saidor;Saidor;;---4----;AI;9601;;;
PG;SMU;Salamaua;Salamaua;;1-------;QQ;8311;;;
PG;SAM;Salamo;Salamo;;---4----;AI;9601;;;
PG;SQT;Samarai;Samarai;;1--4----;AI;9601;;1038S 15038E;
PG;SGK;Sangapi;Sangapi;;---4----;AI;0001;;;
PG;SMH;Sapmanga;Sapmanga;;---4----;AI;0001;;;
PG;SWG;Satwag;Satwag;;---4----;AI;0001;;;
PG;SXW;Sauren;Sauren;;---4----;AI;0001;;;
PG;SCH;Schauten;Schauten;;1-------;QQ;8311;;;
PG;SXH;Sehulea;Sehulea;;---4----;AI;9601;;;
PG;SBC;Selbang;Selbang;;---4----;AI;0001;;;
PG;SPV;Sepik Plains;Sepik Plains;;---4----;AI;0001;;;
PG;SXA;Sialum;Sialum;;---4----;AI;0001;;;
PG;SSS;Siassi;Siassi;;---4----;AI;9601;;;
PG;SIL;Sila;Sila;;---4----;AI;9601;;;
PG;SWR;Silur;Silur;;---4----;AI;0001;;;
PG;SMJ;Sim;Sim;;---4----;AI;0001;;;
PG;SIM;Simbai;Simbai;;---4----;AI;9601;;;
PG;NIS;Simberi Island;Simberi Island;;---4----;AI;0001;;;
PG;SGB;Singaua;Singaua;;---4----;AI;0001;;;
PG;SPL;Sipul;Sipul;;1-------;QQ;8311;;;
PG;SIZ;Sissano;Sissano;;---4----;AI;0001;;;
PG;SWE;Siwea;Siwea;;---4----;AI;0001;;;
PG;SOI;Sokar Island;Sokar Island;;1-------;QQ;8311;;;
PG;SPH;Sopu;Sopu;;---4----;AI;0001;;;
PG;SMP;Stockholm;Stockholm;;---4----;AI;9601;;;
PG;SBE;Suabi;Suabi;;---4----;AI;0001;;;
PG;SKC;Suki;Suki;;---4----;AI;0001;;;
PG;ULE;Sule;Sule;;---4----;AI;0001;;;
PG;SUZ;Suria;Suria;;---4----;AI;0001;;;
PG;TBA;Tabibuga;Tabibuga;;---4----;AI;9601;;;
PG;TBG;Tabubil;Tabubil;;---4----;AI;9601;;;
PG;TGL;Tagula;Tagula;;1--4----;AI;9601;;;
PG;TLW;Talasea;Talasea;;1--4----;AI;9601;;;
PG;TAI;Tambutyo Island;Tambutyo Island;;1-------;QQ;8311;;;
PG;TPI;Tapini;Tapini;;---4----;AI;9601;;;
PG;TBQ;Tarabo;Tarabo;;---4----;AI;0001;;;
PG;TRJ;Tarakbits;Tarakbits;;---4----;AI;0001;;;
PG;TIZ;Tari;Tari;;---4----;AI;9601;;;
PG;TSK;Taskul;Taskul;;---4----;AI;9601;;;
PG;TAU;Taugu Island;Taugu Island;;1-------;QQ;8311;;;
PG;TUT;Tauta;Tauta;;---4----;AI;0001;;;
PG;TWY;Tawa;Tawa;;---4----;AI;0001;;;
PG;TKB;Tekadu;Tekadu;;---4----;AI;0001;;;
PG;TKW;Tekin;Tekin;;---4----;AI;0001;;;
PG;TFM;Telefomin;Telefomin;;---4----;AI;9601;;;
PG;TEP;Teptep;Teptep;;---4----;AI;9601;;;
PG;TEO;Terapo;Terapo;;---4----;AI;9601;;;
PG;TDB;Tetebedi;Tetebedi;;--34----;AI;0207;;0909S 14803E;
PG;TFA;Tilfalmin;Tilfalmin;;---4----;AI;0001;;;
PG;TBE;Timbunke;Timbunke;;---4----;AI;0001;;;
PG;TCK;Tinboli;Tinboli;;---4----;AI;0001;;;
PG;TIG;Tingwon;Tingwon;;---4----;AI;9601;;;
PG;TLO;Tol;Tol;;---4----;AI;9601;;;
PG;TOI;Tolokiwa Island;Tolokiwa Island;;1-------;QQ;8311;;;
PG;TON;Tonu;Tonu;;---4----;AI;0001;;;
PG;TCJ;Torembi;Torembi;;---4----;AI;0001;;;
PG;TOK;Torokina;Torokina;;---4----;AI;9601;;;
PG;TSW;Tsewi;Tsewi;;---4----;AI;0001;;;
PG;TSI;Tsili Tsili;Tsili Tsili;;---4----;AI;0001;;;
PG;TFI;Tufi;Tufi;;1--4----;AI;9601;;;
PG;TLP;Tumolbil;Tumolbil;;---4----;AI;0001;;;
PG;UMC;Umba;Umba;;---4----;AI;0001;;;
PG;UPR;Upiara;Upiara;;---4----;AI;0001;;;
PG;URU;Uroubi;Uroubi;;---4----;AI;0001;;;
PG;USO;Usino;Usino;;---4----;AI;0001;;;
PG;UVO;Uvol;Uvol;;---4----;AI;9601;;;
PG;VLA;Vailala;Vailala;;1-3-----;RL;0401;;0757S 14527E;
PG;VAI;Vanimo;Vanimo;;1--4----;AI;9601;;;
PG;VIV;Vivigani;Vivigani;;---4----;AI;0001;;;
PG;WAB;Wabag;Wabag;;---4----;AI;0001;;;
PG;WAO;Wabo;Wabo;;---4----;AI;9601;;;
PG;WGU;Wagau;Wagau;;---4----;AI;0001;;;
PG;WKN;Wakunai;Wakunai;;---4----;AI;9601;;;
PG;AGL;Wanigela;Wanigela;;---4----;AI;9601;;;
PG;WTT;Wantoat;Wantoat;;---4----;AI;0001;;;
PG;WNU;Wanuma;Wanuma;;---4----;AI;0001;;;
PG;WBM;Wapenamanda;Wapenamanda;;---4----;AI;9601;;;
PG;WBC;Wapolu;Wapolu;;---4----;AI;0001;;;
PG;WSU;Wasu;Wasu;;---4----;AI;0001;;;
PG;WSA;Wasua;Wasua;;---4----;AI;0001;;;
PG;WUM;Wasum;Wasum;;---4----;AI;0001;;;
PG;WUG;Wau;Wau;;---4----;AI;9601;;;
PG;WAJ;Wawoi Falls;Wawoi Falls;;---4----;AI;0001;;;
PG;WEP;Weam;Weam;;---4----;AI;9601;;;
PG;WED;Wedau;Wedau;;---4----;AI;9601;;;
PG;WWK;Wewak;Wewak;;1--4----;AI;9601;;;
PG;WPM;Wipim;Wipim;;---4----;AI;0001;;;
PG;WIU;Witu;Witu;;---4----;AI;9601;;;
PG;WTP;Woitape;Woitape;;---4----;AI;9601;;;
PG;WOA;Wonenara;Wonenara;;---4----;AI;0001;;;
PG;WOK;Woodlark;Woodlark;;1-------;QQ;8311;;;
PG;WUV;Wuvulu Is;Wuvulu Is;;---4----;AI;9601;;;
PG;KYX;Yalumet;Yalumet;;---4----;AI;0001;;;
PG;KPE;Yapsiei;Yapsiei;;---4----;AI;0001;;;
PG;KSX;Yasuru;Yasuru;;---4----;AI;0001;;;
PG;PGE;Yegepa;Yegepa;;---4----;AI;0001;;;
PG;XYR;Yellow River;Yellow River;;---4----;AI;0001;;;
PG;YEQ;Yenkis;Yenkis;;---4----;AI;0001;;;
PG;YVD;Yeva;Yeva;;---4----;AI;0001;;;
PG;KGH;Yongai;Yongai;;---4----;AI;0001;;;
PG;RKU;Yule Island;Yule Island;;1--4----;AI;9601;;;
PG;ZEN;Zenag;Zenag;;---4----;AI;0001;;;
