AE;;.UNITED ARAB EMIRATES;;;;;;;;
AE;ABU;Abu al Bukhoosh;Abu al Bukhoosh;;1-------;RL;0307;;2529N 05308E;
AE;AUH;Abu Dhabi;Abu Dhabi;;1-3-5---;AI;0401;;2428N 05422E;
AE;AMU;Abu Musa;Abu Musa;;1-------;RL;0201;;2552N 05501E;
AE;AJM;Ajman;Ajman;;1-3-----;RL;0103;QAJ;;
AE;AAN;Al Ain;Al Ain;;---4----;AI;9601;;;
AE;DHF;Al Dhafra;Al Dhafra;;--34----;AI;0507;;2414N 05432E;
AE;FJR;Al Fujayrah;Al Fujayrah;;1--4----;AI;0212;;2507N 05620E;
AE;HAM;Al Hamriyah;Al Hamriyah;;--3-----;RL;0212;;2529N 05530E;
AE;RUW;Ar Ruways;Ar Ruways;;1-------;RL;0212;;2407N 05244E;
AE;ARZ;Arzanah Island;Arzanah Island;;0-------;RQ;9506;;;
AE;DAS;Das Island;Das Island;;1-------;RL;0003;;;
AE;DBP;Dibba;Dibba;;1-3-----;RL;0401;;2537N 05616E;
AE;DXB;Dubai;Dubai;;1-345---;AI;0407;;2515N 05516E;
AE;FAT;Fateh Terminal;Fateh Terminal;;1-------;QQ;8103;;;
AE;IND;Indooroodilly;Indooroodilly;;--3-----;RQ;0201;;;
AE;JEA;Jebel Ali;Jebel Ali;;1-------;QQ;8103;;;
AE;JED;Jebel Dhanna;Jebel Dhanna;;1-------;QQ;8103;;;
AE;JYH;Jumayrah;Jumayrah;;--3-----;RL;0201;;2510N 05513E;
AE;KLB;Kalba;Kalba;;1-3-----;RL;0601;;2504N 05621E;
AE;KHA;Khalidia;Khalidia;;--3-----;RQ;0201;;;
AE;KLF;Khor al Fakkan;Khor al Fakkan;;1-------;RL;0212;;2520N 05621E;
AE;MAS;Masfut;Masfut;;0-------;RQ;9307;;;
AE;MKH;Mina Khalid;Mina Khalid;;1-3-----;RL;0401;;2521N 05522E;
AE;MSA;Mina Saqr;Mina Saqr;;1-------;RQ;9506;;;
AE;MZD;Mina Zayed/Abu Dhabi;Mina Zayed/Abu Dhabi;;1-------;RL;0401;;2431N 05422E;
AE;NHD;Minhad;Minhad;;---4----;AI;9506;;;
AE;MUB;Mubarek Terminal;Mubarek Terminal;;1-------;QQ;8103;;;
AE;MBS;Mubarras Island;Mubarras Island;;1-------;RQ;9506;;;
AE;FMZ;Musafa;Musafa;;0-------;RQ;9307;;;
AE;PRA;Port Rashid;Port Rashid;;1-------;RQ;9506;;;
AE;RKT;Ras al Khaimah;Ras al Khaimah;;1--4----;AI;0212;;2547N 05557E;
AE;DUY;Ras Zubbaya (Ras Dubayyah);Ras Zubbaya (Ras Dubayyah);;0-------;RQ;9012;;;
AE;;Ruwais = Ar Ruways;Ruwais = Ar Ruways;;;;;;;
AE;SHJ;Sharjah;Sharjah;;1-------;AI;9601;;;
AE;UEZ;Suez;Suez;;123-----;RL;0601;;2958N 03232E;
AE;ULR;Umm Al Nar;Umm Al Nar;;1-------;RQ;0201;;2426N 05430E;
AE;QIW;Umm al Qaiwain;Umm al Qaiwain;;1--4----;AI;0212;;2534N 05533E;
AE;ZUR;Zirku Island;Zirku Island;;1-------;RL;0212;;2453N 05304E;
