NL;;.NETHERLANDS;;;;;;;;
NL;ALB;Aalburg;Aalburg;;--3-----;AF;9602;;;
NL;AAM;Aalsmeer;Aalsmeer;;1-------;AF;9506;QFA;;
NL;AMB;Aalsmeerderbrug;Aalsmeerderbrug;;1-3-----;RN;0501;;5216N 00445E;
NL;AAL;Aalst;Aalst;;--3-----;AF;9602;;;
NL;LTE;Aalten;Aalten;;--3-----;AF;9602;;;
NL;AZU;Aan de Zuwe;Aan de Zuwe;;--3-----;RN;0501;;5210N 00454E;
NL;AAR;Aardenburg;Aardenburg;;--3-----;AF;9602;;;
NL;ADV;Aarlanderveen;Aarlanderveen;;--3-----;RN;0501;;5208N 00444E;
NL;ARI;Aarle Rixtel;Aarle Rixtel;;--3-----;AF;9602;;;
NL;AGT;Abbegaasterketting;Abbegaasterketting;;--3-----;RN;0501;;5302N 00534E;
NL;ABB;Abbekerk;Abbekerk;;--3-----;AF;9602;;;
NL;ABK;Abbenbroek;Abbenbroek;;--3-----;AF;9602;;;
NL;ABE;Abbenes;Abbenes;;--3-----;RL;0201;;5214N 00435E;
NL;ABC;Abcoude;Abcoude;;--3-----;AF;9602;;;
NL;QCJ;Acht;Acht;;--3-----;AF;9602;;;
NL;AHO;Achthoven;Achthoven;;1-3-----;RN;0501;;5203N 00459E;
NL;AHZ;Achthuizen;Achthuizen;;--3-----;RL;0701;;5141N 00416E;
NL;ADU;Aduard;Aduard;;--3-----;RL;0701;;5315N 00628E;
NL;AEH;Aerdenhout;Aerdenhout;;--3-----;AF;9602;;;
NL;AKL;Akersloot;Akersloot;;1-------;AF;9602;;;
NL;AKR;Akkrum;Akkrum;;--3-----;AF;9602;;;
NL;ABN;Albergen;Albergen;;--3-----;RL;0101;;;
NL;ABL;Alblasserdam;Alblasserdam;;1-------;AF;9602;;;
NL;AWD;Albrandswaard;Albrandswaard;;--3--6--;RL;0601;;5151N 00425E;
NL;ALK;Alkmaar;Alkmaar;;-23-----;AF;9602;;;
NL;ALW;Allingawier;Allingawier;;--3-----;RN;0501;;5303N 00527E;
NL;ALM;Almelo;Almelo;;-23-----;AF;9602;QYL;;
NL;AER;Almere;Almere;;--3-----;AF;9602;;;
NL;AKK;Almkerk;Almkerk;;--3-----;AF;9602;;;
NL;APH;Alphen;Alphen;;--3-----;RL;0701;;5129N 00457E;
NL;APN;Alphen aan den Rijn;Alphen aan den Rijn;;-23-----;AF;9602;;;
NL;AML;Ameland;Ameland;;1-------;AI;9901;;;
NL;AMR;Amerongen;Amerongen;;--3-----;AF;9602;;;
NL;AME;Amersfoort;Amersfoort;;-23-----;AF;9602;QYM;;
NL;AMZ;Ammerzoden;Ammerzoden;;--3-----;AF;9602;;;
NL;ALH;Amstelhoek;Amstelhoek;;-23-----;RL;0601;;5214N 00450E;
NL;AMV;Amstelveen;Amstelveen;;--3-----;AF;9602;;;
NL;AMS;Amsterdam;Amsterdam;;12345---;AF;9602;;;
NL;ANL;Andel;Andel;;--3-----;AF;9602;;;
NL;ANT;Andelst;Andelst;;--3-----;AF;9602;;;
NL;AIJ;Andijk;Andijk;;--3-----;AF;9602;;;
NL;AJM;Anjum;Anjum;;--3-----;AF;9602;;;
NL;ANP;Anna Paulowna;Anna Paulowna;;--3-----;AF;9602;;;
NL;NNE;Annen;Annen;;--3-----;RL;9805;;;Drenthe
NL;APE;Apeldoorn;Apeldoorn;;-23-----;AF;9602;QYP;;
NL;APS;Appelscha;Appelscha;;--3-----;RL;0701;;5257N 00622E;
NL;APP;Appingedam;Appingedam;;--3-----;AF;9602;;;
NL;ARC;Arcen;Arcen;;--3-----;AF;9602;;;
NL;ARK;Arkel;Arkel;;--3-----;AF;9602;;;
NL;ARM;Arnemuiden;Arnemuiden;;--3-----;AF;9602;;;
NL;ARN;Arnhem;Arnhem;;-23-----;AF;9602;QAR;;
NL;ASP;Asperen;Asperen;;--3-----;AF;9602;;;
NL;ASS;Assen;Assen;;--3-----;AF;9602;;;
NL;ASD;Assendelft;Assendelft;;--3-----;AF;9602;;;
NL;AST;Asten;Asten;;--3-----;AF;0701;;5124N 00544E;@Sub@Coo
NL;AVE;Avenhorn;Avenhorn;;--3-----;AF;9602;;;
NL;AXL;Axel;Axel;;--3-----;RL;0212;;5116N 00355E;
NL;BGE;Baambrugge;Baambrugge;;123-----;RN;0501;;5215N 00459E;
NL;ARD;Baard;Baard;;--3-----;RN;0501;;5309N 00540E;
NL;BRA;Baarland;Baarland;;1-3-----;RQ;0607;;5124N 00352E;
NL;BNS;Baarle-Nassau;Baarle-Nassau;;--3-----;AF;9602;;;
NL;BLO;Baarlo;Baarlo;;--3-----;AF;9602;;;
NL;BAA;Baarn;Baarn;;-23-----;AF;0407;;5213N 00516E;
NL;BBR;Babberich;Babberich;;--3-----;RL;0701;;5154N 00607E;
NL;BAD;Badhoevedorp;Badhoevedorp;;--3-----;AF;9602;;;
NL;BXE;Baexem;Baexem;;--3-----;RQ;9705;;;
NL;BAF;Baflo;Baflo;;--3-----;AF;9602;;;
NL;BAK;Bakel;Bakel;;--3-----;RL;0212;;5130N 00544E;
NL;BAL;Balk;Balk;;--3-----;AF;9602;;;
NL;BKB;Balkbrug;Balkbrug;;--3-----;AF;9602;;;
NL;BAN;Bant;Bant;;1-3-----;RN;0501;;5246N 00545E;
NL;BRR;Barendrecht;Barendrecht;;-23-----;AF;9602;;;
NL;BAR;Barneveld;Barneveld;;--3-----;AF;9602;;;
NL;BGO;Barsingerhorn;Barsingerhorn;;1-3-----;RN;0501;;5247N 00451E;
NL;BHM;Bartlehiem;Bartlehiem;;1-3-----;RN;0501;;5317N 00550E;
NL;BTH;Bathmen;Bathmen;;--3-----;AF;9602;;;
NL;BAV;Bavel;Bavel;;--3-----;AF;9602;;;
NL;BED;Bedum;Bedum;;--3-----;AF;9602;;;
NL;BEQ;Beek;Beek;;--3-----;AF;9602;;;
NL;BEE;Beek en Donk;Beek en Donk;;--3-----;AF;9602;;;
NL;BSD;Beesd;Beesd;;--3-----;AF;9602;;;
NL;BGM;Beetgum;Beetgum;;--3-----;RL;0401;;5314N 00541E;
NL;BTS;Beets;Beets;;1-3-----;RN;0501;;5235N 00458E;
NL;BEI;Beilen;Beilen;;--3-----;AF;9602;;;
NL;BSP;Beinsdorp;Beinsdorp;;--3-----;RL;0701;;5217N 00435E;
NL;BEW;Beiswijk;Beiswijk;;--3-----;AF;9602;;;
NL;BFD;Belfeld;Belfeld;;--3-----;RL;0307;;5119N 00607E;
NL;BEM;Bemmel;Bemmel;;--3-----;RL;0212;;5154N 00554E;
NL;BUW;Beneden-Leeuwen;Beneden-Leeuwen;;--3-----;AF;9602;;;
NL;BEB;Bennebroek;Bennebroek;;--3-----;AF;9602;;;
NL;BKM;Bennekom;Bennekom;;--3-----;AF;9602;;;
NL;BHZ;Benthuizen;Benthuizen;;--3-----;AF;9602;;;
NL;BEN;Bentveld;Bentveld;;--3-----;AF;9602;;;
NL;BRG;Berg;Berg;;--3-----;RN;0501;;5120N 00551E;
NL;BTT;Berg en Terblijt;Berg en Terblijt;;--3-----;RQ;9806;;;
NL;BGB;Bergambacht;Bergambacht;;--3-----;AF;9602;;;
NL;BEY;Bergeijk;Bergeijk;;--3-----;AF;0601;;5119N 00522E;
NL;BEG;Bergen;Bergen;;1-------;AI;9901;;;
NL;BZM;Bergen op Zoom;Bergen op Zoom;;-23-----;AF;0212;;5130N 00418E;
NL;BGI;Bergerheide;Bergerheide;;1-3-----;RQ;0501;;;
NL;BEH;Bergh-Autoweg;Bergh-Autoweg;;--3-----;AF;9602;;;
NL;BEK;Bergschenhoek;Bergschenhoek;;--3-----;AF;9602;;;
NL;BGU;Bergum;Bergum;;--3-----;AF;9602;;;
NL;BEJ;Beringe;Beringe;;--3-----;RL;0701;;5120N 00557E;
NL;BKE;Berkel;Berkel;;--3-----;AF;9602;;;
NL;BER;Berkel en Rodenrijs;Berkel en Rodenrijs;;--3-----;AF;9602;;;
NL;BES;Berkel-Enschot;Berkel-Enschot;;--3-----;AF;9602;;;
NL;BLU;Berlicum;Berlicum;;1-3-----;RN;0501;;5140N 00523E;
NL;BST;Best;Best;;--3-----;AF;9602;QWZ;;
NL;BEU;Beugen;Beugen;;--3-----;AF;9602;;;
NL;BNN;Beuningen;Beuningen;;--3-----;AF;9602;;;
NL;BEC;Beusichem;Beusichem;;--3-----;AF;9602;;;
NL;BEV;Beverwijk;Beverwijk;;123-----;AF;9602;;;
NL;BNZ;Biddinghuizen;Biddinghuizen;;1-3-----;RN;0501;;5227N 00542E;
NL;BRV;Biervliet;Biervliet;;--3-----;RL;0601;;5119N 00341E;
NL;BIT;Biest;Biest;;1-3-----;RN;0501;;5131N 00509E;
NL;BZO;Biezenmortel;Biezenmortel;;-23--6--;RL;0601;;5137N 00511E;
NL;BDR;Bilderdam;Bilderdam;;1-3-----;RN;0501;;5213N 00443E;
NL;BHV;Bilthoven;Bilthoven;;--3-----;AF;9602;;;
NL;BNM;Binnenmaas;Binnenmaas;;1-------;AI;9901;;;
NL;BDA;Birdaard;Birdaard;;1-3-----;RN;0501;;5318N 00553E;
NL;BLD;Blaaksedijk;Blaaksedijk;;--3-----;AF;9602;;;
NL;BLL;Bladel;Bladel;;--3-----;AF;9602;;;
NL;BLA;Blaricum;Blaricum;;--3-----;AF;9602;;;
NL;BLW;Bleiswijk;Bleiswijk;;--3-----;AF;9602;;;
NL;BLE;Blerick;Blerick;;-23-----;RL;0212;;5122N 00610E;
NL;BLG;Bleskensgraaf;Bleskensgraaf;;--3-----;AF;9602;;;
NL;BMD;Bloemendaal;Bloemendaal;;--3-----;AF;9602;;;
NL;BLK;Blokker;Blokker;;--3-----;AF;9602;;;
NL;BZL;Blokzijl;Blokzijl;;--3-----;RN;0501;;5243N 00558E;
NL;BNH;Boarnsterhim;Boarnsterhim;;1-3-----;RN;0501;;5305N 00549E;
NL;BOG;Bodegraven;Bodegraven;;--3-----;AF;9602;;;
NL;BEL;Boekel;Boekel;;--3-----;RL;0701;;5136N 00540E;
NL;BOE;Boekel;Boekel;;--3-----;RL;0407;;5235N 00445E;
NL;BKL;Boekelo;Boekelo;;--3-----;AF;9602;;;
NL;BUE;Boesingheliede;Boesingheliede;;--3-----;AF;9602;;;
NL;BOL;Bolsward;Bolsward;;--3-----;AF;9602;;;
NL;BOK;Bontebok;Bontebok;;--3-----;RL;0201;;5257N 00601E;
NL;BZW;Boornzwaag;Boornzwaag;;1-3-----;RN;0501;;5253N 00534E;
NL;BWW;Boornzwaag over de Wielen;Boornzwaag over de Wielen;;1-3-----;RN;0501;;5257N 00545E;
NL;BMK;Boortmeerkerk;Boortmeerkerk;;--3-----;AF;9602;;;
NL;BRC;Borculo;Borculo;;--3-----;AF;9602;;;
NL;BGR;Borger;Borger;;--3--6--;RQ;0607;;5255N 00647E;
NL;BGW;Borgsweer;Borgsweer;;1-3-----;RN;0501;;5318N 00701E;
NL;BON;Born;Born;;--3-----;AF;9602;;;
NL;BRE;Borne;Borne;;--3-----;RL;0701;;5218N 00645E;
NL;BNB;Bornerbroek;Bornerbroek;;--3-----;RL;9901;;;
NL;BOR;Borssele;Borssele;;1-3-----;AF;9602;;5125N 00343E;
NL;BXC;Bosch;Bosch;;--3-----;RL;0201;;5116N 00535E;
NL;BSK;Boskoop;Boskoop;;--3-----;AF;9602;;;
NL;BSH;Bosscherheide;Bosscherheide;;1-3-----;RN;0501;;5134N 00605E;
NL;BOT;Botlek;Botlek;;1-3-----;AF;0207;;5153N 00417E;
NL;BTA;Bourtange;Bourtange;;1-3-----;RN;0501;;5301N 00712E;
NL;HRX;Boven-Hardinxveld;Boven-Hardinxveld;;--3-----;AF;0212;;5149N 00453E;
NL;BOV;Bovenkarspel;Bovenkarspel;;--3-----;RL;0201;;5241N 00514E;
NL;BVI;Bovensmilde;Bovensmilde;;1-3-----;RN;0501;;5259N 00629E;
NL;BOX;Boxmeer;Boxmeer;;--3-----;AF;9602;;;
NL;BXT;Boxtel;Boxtel;;--3-----;AF;9602;;;
NL;BRK;Brakel;Brakel;;--3-----;AF;9602;;;
NL;BRD;Breda;Breda;;-23-----;AF;9602;GLZ;;
NL;BRZ;Breezand;Breezand;;--3-----;AF;9602;;;
NL;BRS;Breskens;Breskens;;1-3-----;AF;9602;;;
NL;RUK;Breukelen;Breukelen;;--3-----;AF;9602;;;
NL;BRI;Brielle;Brielle;;--3-----;AF;9602;;;
NL;BIW;Broek in Waterland;Broek in Waterland;;--3-----;AF;9602;;;
NL;BRL;Broek op Langedijk;Broek op Langedijk;;--3-----;AF;9602;;;
NL;BRO;Brouwershaven;Brouwershaven;;1-------;AF;9506;;;
NL;BRU;Bruchem;Bruchem;;--3-----;AF;9602;;;
NL;BSE;Bruinisse;Bruinisse;;--3-----;AF;9602;;;
NL;BRM;Brummen;Brummen;;--3-----;AF;9602;;;
NL;BRN;Brunssum;Brunssum;;--3-----;AF;9602;;;
NL;BUD;Budel;Budel;;1-------;AI;9901;;;
NL;BDD;Budel-Dorplain;Budel-Dorplain;;-23-----;RL;0601;;5114N 00534E;
NL;BNU;Buggenum;Buggenum;;1-3-----;RN;0501;;5114N 00559E;
NL;BNE;Bunde;Bunde;;123-----;RN;0501;;5053N 00544E;
NL;BUK;Bunnik;Bunnik;;--3-----;AF;9602;;;
NL;BNK;Bunnink;Bunnink;;--3-----;AF;9602;;;
NL;BUN;Bunschoten;Bunschoten;;--3-----;AF;9602;;;
NL;BVG;Burgervlotbrug;Burgervlotbrug;;1-3-----;RN;0501;;5245N 00441E;
NL;BWE;Burgwerd;Burgwerd;;1-3-----;RN;0501;;5305N 00533E;
NL;BSS;Bussum;Bussum;;--3-----;AF;9602;;;
NL;CZD;Cadzand;Cadzand;;1-3-----;RQ;0607;;5122N 00324E;
NL;CAP;Capelle;Capelle;;--3-----;AF;9602;;;
NL;CPI;Capelle aan den IJssel;Capelle aan den IJssel;;1-------;AF;9602;;;
NL;CAS;Castricum;Castricum;;--3-----;AF;9602;;;
NL;COE;Coevorden;Coevorden;;-23-----;AF;9602;;;
NL;COL;Colijnsplaat;Colijnsplaat;;--3-----;RL;0212;;5136N 00351E;
NL;COT;Cothen;Cothen;;--3-----;AF;9602;;;
NL;CRI;Creil;Creil;;123-----;RN;0501;;5246N 00540E;
NL;CRU;Cruquius;Cruquius;;--3-----;AF;9602;;;
NL;CUY;Cuijk;Cuijk;;--3-----;AF;9602;;;
NL;CUB;Culemborg;Culemborg;;--3-----;AF;9602;;;
NL;DAL;Dalfsen;Dalfsen;;--3-----;AF;9602;;;
NL;DBI;De Bilt;De Bilt;;--3-----;AF;9602;;;
NL;OOR;De Goorn;De Goorn;;--3-----;RL;0701;;5238N 00457E;
NL;DHA;De Hare;De Hare;;--3-----;RN;0501;;5249N 00559E;
NL;DHK;De Haukes;De Haukes;;1-3-----;RN;0501;;5253N 00456E;
NL;DHE;De Heen;De Heen;;1-3-----;RN;0501;;5137N 00416E;
NL;DKP;De Kempen;De Kempen;;--3-----;AF;9602;;;
NL;DKO;De Kooy;De Kooy;;1-3-----;RN;0501;;5255N 00448E;
NL;DKR;De Krim;De Krim;;--3-----;AF;9602;;;
NL;DKW;De Kwakel;De Kwakel;;--3-----;AF;9602;;;
NL;DLR;De Lier;De Lier;;--3-----;AF;9602;;;
NL;DLU;De Lutte;De Lutte;;--3-----;RL;9805;;;Overijsel
NL;DEM;De Meern;De Meern;;--3-----;AF;9602;;;
NL;DPO;De Pol;De Pol;;--3-----;RN;0501;;5308N 00631E;
NL;DPS;De Poppe;De Poppe;;-23-----;AF;0212;;5219N 00701E;
NL;DRP;De Rijp;De Rijp;;1-3-----;RN;0501;;5234N 00451E;
NL;DSG;De Steeg;De Steeg;;-23-----;RN;0501;;5201N 00603E;
NL;DSO;De Strook;De Strook;;1-3-----;RN;0501;;5247N 00454E;
NL;DWK;De Wijk;De Wijk;;--3-----;RN;0501;;5240N 00617E;
NL;DEW;De Wilp;De Wilp;;--3-----;AF;9602;;;
NL;DZK;De Zilk;De Zilk;;--3-----;AF;9602;;;
NL;DED;Dedemsvaart;Dedemsvaart;;--3-----;AF;9602;;;
NL;DST;Deest;Deest;;1-3-----;RL;0501;;5153N 00540E;
NL;DEL;Delden;Delden;;-23-----;RL;0212;;5216N 00643E;
NL;DGW;Delfgauw;Delfgauw;;--3-----;AF;9602;;;
NL;DFT;Delft;Delft;;-23-----;AF;9602;;;
NL;DZL;Delfzijl;Delfzijl;;123-----;AF;9602;;;
NL;DMK;Demmerik;Demmerik;;123-----;RN;0501;;5212N 00456E;
NL;DBM;Den Bommel;Den Bommel;;1-3-----;RL;0601;;5143N 0000;E;
NL;DBG;Den Burg;Den Burg;;--3-----;RL;0104;;5302N 00447W;
NL;DDO;Den Dolder;Den Dolder;;--3-----;AF;9602;;;
NL;DHR;Den Helder;Den Helder;;123-----;AF;9602;;;
NL;DHO;Den Hool;Den Hool;;1-3-----;RN;0501;;5243N 00647E;
NL;DHN;Den Hoorn;Den Hoorn;;--3-----;AF;9602;;;
NL;DTK;Den Hoorn; Texel;Den Hoorn; Texel;;--3-----;RL;0212;;5302N 00445E;
NL;DEN;Denekamp;Denekamp;;--3-----;AF;0212;;5223N 00659E;
NL;DEU;Deurne;Deurne;;--3-----;AF;9602;;;
NL;DEV;Deventer;Deventer;;123-----;AF;9602;QYV;;
NL;DDM;Didam;Didam;;--3-----;AF;9602;;;
NL;DIM;Diemen;Diemen;;--3-----;AF;9602;;;
NL;DPH;Diepenheim;Diepenheim;;--3-----;RN;0501;;5212N 00633E;
NL;DIR;Dieren;Dieren;;--3-----;AF;9602;;;
NL;DSE;Diessen;Diessen;;--3-----;RL;0701;;5128N 00510E;@Sta
NL;DIE;Diever;Diever;;--3-----;AF;9602;;;
NL;DVB;Dieverbrug;Dieverbrug;;1-3-----;RN;0501;;5251N 00620E;
NL;DKS;Dijkshorne;Dijkshorne;;--3-----;RN;0501;;5321N 00608E;
NL;DIN;Dinteloord;Dinteloord;;--3-----;AF;9602;;;
NL;DXP;Dinxperlo;Dinxperlo;;--3-----;AF;9602;;;
NL;DIK;Dirkshorn;Dirkshorn;;--3-----;RL;0401;;5245N 00447E;
NL;DRK;Dirksland;Dirksland;;--3-----;AF;9602;;;
NL;DWA;Dodewaard;Dodewaard;;123--6--;RL;0601;;5155N 00539E;
NL;DRE;Doenrade;Doenrade;;--3-----;RL;0501;;5058N 00554E;
NL;DOE;Doesburg;Doesburg;;--3-----;AF;9602;;;
NL;DOI;Doetinchem;Doetinchem;;--3-----;AF;9602;;;
NL;DOK;Dokkum;Dokkum;;1-------;AF;9506;;;
NL;DON;Dongen;Dongen;;--3-----;AF;9602;;;
NL;DNU;Dongjum;Dongjum;;--3-----;RN;0501;;5313N 00533E;
NL;DNO;Donkerbroek;Donkerbroek;;--3-----;RN;0501;;5301N 00614E;
NL;DSI;Doodstil;Doodstil;;1-3-----;RN;0501;;5324N 00640E;
NL;DOO;Doorn;Doorn;;--3-----;AF;9602;;;
NL;DOR;Dordrecht;Dordrecht;;123-----;AF;9602;;;
NL;DRS;Dorst;Dorst;;--3--6--;RQ;0607;;4135N 00451E;
NL;DRA;Drachten;Drachten;;--3-----;AF;9602;QYC;;
NL;DUM;Dreumel;Dreumel;;1-3-----;RL;0601;;5151N 00526E;
NL;DRI;Driebergen;Driebergen;;--3-----;AF;9602;;;
NL;DBU;Driebruggen;Driebruggen;;--3-----;RN;0501;;5203N 00448E;
NL;DRL;Driel;Driel;;1-3-----;RN;0501;;5158N 00549E;
NL;DSM;Driesum;Driesum;;1-3-----;RN;0501;;5318N 00603E;
NL;DRM;Drimmelen;Drimmelen;;--3-----;RL;0501;;5142N 00447E;
NL;DNR;Dronrijp;Dronrijp;;--3-----;RN;0501;;5312N 00539E;
NL;DRO;Dronten;Dronten;;--3-----;AF;9602;;;
NL;DRN;Drunen;Drunen;;--3-----;AF;9602;;;
NL;DRU;Druten;Druten;;--3-----;AF;9602;;;
NL;DUI;Duiven;Duiven;;--3-----;AF;9602;;;
NL;DVT;Duivendrecht;Duivendrecht;;123-----;RN;0501;;5220N 00455E;
NL;DUZ;Duizel;Duizel;;--3-----;AF;9602;;;
NL;DUG;Dukenburg;Dukenburg;;123-----;RN;0501;;5149N 00548E;
NL;DUS;Dussen;Dussen;;--3-----;RL;0407;;5144N 00500E;
NL;ECH;Echt;Echt;;--3-----;AF;9602;;;
NL;ECD;Echteld;Echteld;;1-------;AF;9602;;;
NL;ETN;Echten;Echten;;--3-----;RL;0212;;5243N 00624E;
NL;EHU;Echtenerbrug;Echtenerbrug;;1-3-----;RN;0501;;5252N 00549E;
NL;EWI;Eck en Wiel;Eck en Wiel;;--3-----;RL;0701;;5157N 00526E;
NL;EDM;Edam;Edam;;--3-----;AF;9602;;;
NL;EDE;Ede;Ede;;-23-----;AF;9602;;;
NL;EVN;Ederveen;Ederveen;;--3-----;RL;0407;;5204N 00535E;
NL;EED;Eede;Eede;;--3-----;AF;9602;;;
NL;EFE;Eefde;Eefde;;123-----;RN;0501;;5210N 00614E;
NL;EEL;Eelde-Paterswolde;Eelde-Paterswolde;;--3-----;RL;0601;;5308N 00634E;
NL;EES;Eemnes;Eemnes;;--3-----;RL;0201;;5215N 00515E;
NL;EEM;Eemshaven;Eemshaven;;123-----;AF;9602;;;
NL;EEN;Eenrum;Eenrum;;--3-----;AF;9602;;;
NL;EEE;Eerbeek;Eerbeek;;--3-----;AF;9602;;;
NL;EWO;Eernewoude;Eernewoude;;1-3-----;RN;0501;;5308N 00556E;
NL;QCT;Eersel;Eersel;;--3-----;AF;9602;;;
NL;EGL;Egchel;Egchel;;--3-----;AF;9602;;;
NL;EAZ;Egmond aan Zee;Egmond aan Zee;;--3-----;AF;9602;;;
NL;EIB;Eibergen;Eibergen;;--3-----;AF;9602;;;
NL;EYS;Eijsden;Eijsden;;--3-----;AF;9602;;;
NL;EIN;Eindhoven;Eindhoven;;-234----;AF;9602;;;
NL;ELB;Elburg;Elburg;;--3-----;AF;9602;;;
NL;ELX;Ell;Ell;;1-3-----;RN;0501;;5113N 00548E;
NL;ELL;Ellecom;Ellecom;;--3-----;AF;9602;;;
NL;ELZ;Ellerhuizen;Ellerhuizen;;--3-----;RN;0501;;5317N 00637E;
NL;ELS;Elsendorp;Elsendorp;;--3-----;RL;0201;;5135N 00546E;
NL;ELO;Elsloo;Elsloo;;--3-----;RQ;0101;;;
NL;QCU;Elst;Elst;;--3-----;AF;0701;;5155N 00551E;@Coo
NL;EML;Emmeloord;Emmeloord;;--3-----;AF;9602;;;
NL;EMM;Emmen;Emmen;;-23-----;AF;9602;;;
NL;EMC;Emmer-Compascuum;Emmer-Compascuum;;--3-----;AF;9602;;;
NL;EME;Emmer-Erfscheidenveen;Emmer-Erfscheidenveen;;--3-----;AF;0212;;5249N 00659E;
NL;EPL;Empel;Empel;;1-3-----;RN;0501;;5144N 00520E;
NL;ENG;Engwierum;Engwierum;;--3-----;AF;9602;;;
NL;ENK;Enkhuizen;Enkhuizen;;--3-----;AF;9602;;;
NL;ENX;Ens;Ens;;--3-----;AF;9602;;;
NL;ENS;Enschede;Enschede;;-234----;AF;9602;;;
NL;ENP;Enspijk;Enspijk;;--3-----;AF;9602;;;
NL;EPE;Epe;Epe;;--3-----;AF;9602;;;
NL;EPN;Epen;Epen;;--3-----;AF;9602;;;
NL;ERI;Eric;Eric;;--3-----;RL;9805;;;
NL;ERA;Erica;Erica;;1-3-----;RN;0501;;5243N 00656E;
NL;ERM;Ermelo;Ermelo;;--3-----;AF;9602;;;
NL;ERP;Erp;Erp;;--3-----;AF;9602;;;
NL;ESP;Espel;Espel;;--3-----;AF;9602;;;
NL;ETT;Etten Leur;Etten Leur;;--3-----;AF;9602;;;
NL;EUR;Europoort;Europoort;;123-----;AI;9812;;;
NL;EVG;Everingen;Everingen;;--3-----;RL;0407;;5123N 00347E;
NL;EWK;Ewijk;Ewijk;;1-3-----;RN;0501;;5152N 00544E;
NL;EXZ;Exmorrazijl;Exmorrazijl;;1-3-----;RN;0501;;5304N 00528E;
NL;FAR;Farmsum;Farmsum;;--3-----;AF;9602;;;
NL;FEE;Feerwerd;Feerwerd;;--3-----;AF;9602;;;
NL;FWR;Ferwerd;Ferwerd;;--3-----;RL;0701;;5320N 00550E;
NL;FFJ;Fijnaart;Fijnaart;;--3-----;AF;9602;;;
NL;;Flushing = Vlissingen;Flushing = Vlissingen;;;;;;;
NL;FJA;Fonejacht;Fonejacht;;1-3-----;RQ;0501;;;
NL;FOX;Foxhol;Foxhol;;--3-----;AF;9602;;;
NL;FKP;Fraamklap;Fraamklap;;1-3-----;RN;0501;;5320N 00638E;
NL;FRK;Franeker;Franeker;;--3-----;AF;9602;;;
NL;AAN;Gaanderen;Gaanderen;;--3-----;RL;0307;;5156N 00621E;
NL;GKN;Gaarkeuken;Gaarkeuken;;123-----;RN;0501;;5315N 00619E;
NL;GME;Gaastmeer;Gaastmeer;;--3-----;RN;0501;;5258N 00533E;
NL;GAM;Gameren;Gameren;;--3-----;AF;9602;;;
NL;GAR;Garderen;Garderen;;--3-----;AF;9602;;;
NL;GWO;Garmerwolde;Garmerwolde;;1-3-----;RN;0501;;5315N 00639E;
NL;GAS;Gassel;Gassel;;--3-----;AF;9602;;;
NL;GST;Gasteren;Gasteren;;--3-----;AF;9602;;;
NL;GTB;Geertruidenberg;Geertruidenberg;;--3-----;AF;9602;;;
NL;GRV;Geervliet;Geervliet;;--3-----;AF;9602;;;
NL;GSB;Geesbrug;Geesbrug;;--3-----;AF;0212;;5244N 00638E;
NL;GWU;Geeuwenbrug;Geeuwenbrug;;1-3-----;RN;0501;;5252N 00622E;
NL;GFN;Geffen;Geffen;;--3-----;RL;0307;;5144N 00528E;
NL;GDM;Geldermalsen;Geldermalsen;;--3-----;AF;9602;;;
NL;GLD;Geldrop;Geldrop;;--3-----;AF;9602;;;
NL;GEE;Geleen;Geleen;;--3-----;AF;9602;;;
NL;GEC;Gellicum;Gellicum;;--3-----;AF;9602;;;
NL;GEM;Gemert;Gemert;;--3-----;AF;9602;;;
NL;GND;Genderen;Genderen;;--3-----;AF;9602;;;
NL;GGN;Gendringen;Gendringen;;--3-----;RQ;9709;;;
NL;GET;Gendt;Gendt;;--3-----;RL;0407;;5153N 00558E;
NL;GNM;Genemuiden;Genemuiden;;--3-----;AF;9602;;;
NL;GEN;Gennep;Gennep;;--3-----;AF;9602;;;
NL;GLL;Geulle;Geulle;;123-----;RN;0501;;5055N 00544E;
NL;GIB;Giesbeek;Giesbeek;;--3-----;AF;9602;;;
NL;GIS;Giessen;Giessen;;--3-----;AF;9602;;;
NL;GSM;Giessendam;Giessendam;;--3-----;RQ;9704;;;
NL;GHO;Giethoorn;Giethoorn;;1-3-----;RN;0501;;5244N 00604E;
NL;GZE;Gilze;Gilze;;--3-----;AF;9602;;;
NL;GZR;Gilzerijen;Gilzerijen;;--3-----;RQ;9704;;;
NL;GLA;Glanerbrug;Glanerbrug;;--3-----;AF;9602;;;
NL;GDR;Goedereede;Goedereede;;1-------;AF;9602;;;
NL;GOE;Goes;Goes;;--3-----;AF;9602;;;
NL;GOJ;Goingarijp;Goingarijp;;--3-----;RN;0501;;5301N 00546E;
NL;GOI;Goirle;Goirle;;--3-----;AF;9602;;;
NL;GOO;Goor;Goor;;--3-----;AF;9602;;;
NL;GOR;Gorinchem;Gorinchem;;-23-----;AF;9602;;;
NL;GOU;Gouda;Gouda;;-23-----;AF;9602;;;
NL;GDK;Gouderak;Gouderak;;--3-----;RQ;9705;;;
NL;GOW;Goudswaard;Goudswaard;;--3-----;AF;9602;;;
NL;GBG;Gramsbergen;Gramsbergen;;123-----;RN;0501;;5237N 00641E;
NL;GBC;Grevenbicht;Grevenbicht;;--3-----;AF;9602;;;
NL;GNK;Groenekan;Groenekan;;-23-----;RL;0407;;5207N 00509E;
NL;GRK;Groenendijk;Groenendijk;;--3-----;AF;9602;;;
NL;GRW;Groeneweg;Groeneweg;;1-3-----;RN;0501;;5159N 00436E;
NL;GWD;Groenewoud;Groenewoud;;1-3-----;RN;0501;;5131N 00537E;
NL;GRN;Groenlo;Groenlo;;--3-----;AF;9602;;;
NL;GRS;Groessen;Groessen;;--3-----;AF;9602;;;
NL;GRQ;Groningen;Groningen;;1234----;AF;9602;;;
NL;ELD;Gronsveld;Gronsveld;;--3-----;RL;0701;;5049N 00544E;
NL;GDO;Groot Dochteren;Groot Dochteren;;123-----;RN;0501;;5210N 00622E;
NL;GRO;Groot-Ammers;Groot-Ammers;;--3-----;AF;9602;;;
NL;GOK;Grootebroek;Grootebroek;;--3-----;RL;0201;;5241N 00513E;
NL;GTG;Grootegast;Grootegast;;--3-----;RL;0701;;5313N 00617E;
NL;GBV;Grubbenvorst;Grubbenvorst;;--3-----;AF;9602;;;
NL;HFN;Haaften;Haaften;;1-3-----;RL;0607;;5149N 00513E;
NL;HKH;Haaksbergen;Haaksbergen;;--3-----;AF;9602;;;
NL;HBK;Haaldersbroek;Haaldersbroek;;1-3-----;RN;0501;;5229N 00450E;
NL;HRA;Haaren;Haaren;;--3-----;RL;0407;;5136N 00514E;
NL;HAA;Haarlem;Haarlem;;-23-----;AF;9602;;;
NL;HLR;Haarlemmerliede;Haarlemmerliede;;123-----;RN;0501;;5223N 00441E;
NL;HCH;Haastrecht;Haastrecht;;--3-----;AF;9602;;;
NL;HAE;Haelen;Haelen;;--3-----;AF;9602;;;
NL;HSN;Hagestein;Hagestein;;--3-----;RN;0501;;5159N 00507E;
NL;HST;Haghorst;Haghorst;;1-3-----;RN;0501;;5130N 00513E;
NL;HKG;Hakkelaarsbrug;Hakkelaarsbrug;;-23-----;RN;0501;;5219N 00506E;
NL;HFW;Halfweg;Halfweg;;--3-----;AF;9602;;;
NL;ALE;Halle;Halle;;--3-----;RL;0701;;5159N 00626E;
NL;HLL;Hallum;Hallum;;--3-----;AF;9602;;;
NL;HAL;Halsteren;Halsteren;;--3-----;AF;9602;;;
NL;HNK;Hank;Hank;;--3-----;AF;9602;;;
NL;HAN;Hansweert;Hansweert;;1-3-----;AF;9602;;;
NL;HAP;Hapert;Hapert;;--3-----;AF;9602;;;
NL;HPS;Haps;Haps;;--3-----;RL;0307;;5141N 00552E;
NL;HBG;Hardenberg;Hardenberg;;--3-----;AF;9602;;;
NL;HRD;Harderwijk;Harderwijk;;--3-----;AF;9602;;;
NL;HGS;Hardinxveld;Hardinxveld;;1-3-----;RL;0701;;5149N 00452E;
NL;HRE;Haren;Haren;;1-3-----;RN;0501;;5310N 00636E;
NL;HKA;Harkema-Opeinde;Harkema-Opeinde;;--3-----;RL;0701;;5311N 00608E;
NL;HAR;Harlingen;Harlingen;;123-----;AF;9602;;;
NL;HAM;Harmelen;Harmelen;;--3-----;AF;9602;;;
NL;HVL;Harreveld;Harreveld;;--3-----;RL;0701;;5159N 00631E;
NL;HKD;Haskerdijken;Haskerdijken;;-23-----;RN;0501;;5300N 00552E;
NL;HAS;Hasselt;Hasselt;;--3-----;AF;9602;;;
NL;HTM;Hattem;Hattem;;123-----;RN;0501;;5228N 00604E;
NL;HTK;Hattemerbroek;Hattemerbroek;;--3-----;AF;9602;;;
NL;HAU;Haulerwijk;Haulerwijk;;--3-----;AF;9602;;;
NL;HVE;Havelte;Havelte;;1-3-----;RN;0501;;5246N 00615E;
NL;HZK;Hazeldonck;Hazeldonck;;1-3-----;RQ;0607;;5129N 00443E;
NL;HAZ;Hazerswoude;Hazerswoude;;--3-----;AF;9602;;;
NL;HDL;Hedel;Hedel;;--3-----;AF;9602;;;
NL;HHU;Hedikhuizen;Hedikhuizen;;--3-----;RL;0701;;5143N 00510E;
NL;HEG;Heeg;Heeg;;--3-----;RL;0201;;5258N 00536E;
NL;HEE;Heel;Heel;;--3-----;AF;9602;;;
NL;HKE;Heemskerk;Heemskerk;;--3-----;AF;9602;;;
NL;HMS;Heemstede;Heemstede;;--3-----;AF;9602;;;
NL;HRV;Heerenveen;Heerenveen;;--3-----;AF;9602;QYZ;;
NL;HRW;Heerewaarden;Heerewaarden;;--3-----;RL;0002;;;
NL;HHW;Heerhugowaard;Heerhugowaard;;--3-----;AF;9602;;;
NL;HKF;Heerjansdam;Heerjansdam;;--3-----;RL;9805;;;Zuidholland
NL;HLE;Heerle;Heerle;;--3-----;RL;0701;;5131N 00421E;
NL;HEN;Heerlen;Heerlen;;--3-----;RL;0201;;5055N 00602E;
NL;HRL;Heerlen-Autoweg;Heerlen-Autoweg;;-23-----;AF;9602;;;
NL;HEC;Heesch;Heesch;;--3-----;RQ;9806;;;
NL;HSW;Heeswijk;Heeswijk;;1-3-----;RN;0501;;5139N 00528E;
NL;HZE;Heeze;Heeze;;--3-----;AF;9602;;;
NL;HEJ;Heijen;Heijen;;-23-----;RL;9805;;;
NL;HJY;Heijningen;Heijningen;;--3-----;RL;0201;;5139N 00424E;
NL;HKT;Heikant;Heikant;;--3-----;RQ;0101;;;
NL;HLO;Heiloo;Heiloo;;--3-----;AF;9602;;;
NL;HNN;Heinen;Heinen;;--3-----;AF;9602;;;
NL;HOD;Heinenoord;Heinenoord;;--3-----;AF;9602;;;
NL;HZA;Heinkensand;Heinkensand;;--3-----;AF;0212;;5129N 00349E;
NL;HNO;Heino;Heino;;--3-----;RQ;9705;;;
NL;HKO;Hekendorp;Hekendorp;;123-----;RN;0501;;5201N 00449E;
NL;HEL;Helden;Helden;;--3-----;AF;9602;;;
NL;HSL;Hellevoetsluis;Hellevoetsluis;;1-------;AF;9506;;;
NL;HLM;Helmond;Helmond;;-23-----;AF;9602;;;
NL;HVO;Helvoirt;Helvoirt;;--3-----;AF;9602;;;
NL;HPE;Hempens;Hempens;;1-3-----;RN;0501;;5311N 00550E;
NL;HIA;Hendrik-Ido-Ambacht;Hendrik-Ido-Ambacht;;--3-----;AF;9602;;;
NL;HGL;Hengelo;Hengelo;;123-----;AF;9602;QYH;;
NL;HNG;Hengelo;Hengelo;;--3-----;RL;0701;;5203N 00619E;
NL;HE;Hengevelde;Hengevelde;;--3-----;XX;0701;;5212N 00638E;Cf NL HEV
NL;HEV;Hengevelde;Hengevelde;;--3-----;RL;0701;;5212N 00638E;
NL;HRK;Herkenbosch;Herkenbosch;;--3-----;AF;9602;;;
NL;HKI;Herkingen;Herkingen;;--3-----;RL;9805;;;
NL;HPN;Herpen;Herpen;;--3-----;RL;0307;;5146N 00539E;
NL;HVD;Herveld;Herveld;;--3-----;AF;9602;;;
NL;HWJ;Herwijnen;Herwijnen;;--3-----;RL;0701;;5149N 00508E;
NL;HTR;Heteren;Heteren;;--3-----;AF;9602;;;
NL;HUM;Heumen;Heumen;;123-----;RN;0501;;5146N 00551E;
NL;HEU;Heurne;Heurne;;--3-----;AF;9602;;;
NL;HES;Heusden;Heusden;;--3-----;RL;0201;;5144N 00508E;
NL;HYY;Heythuysen;Heythuysen;;--3-----;AF;9602;;;
NL;HKM;Hijkersmilde;Hijkersmilde;;1-3-----;RN;0501;;5256N 00626E;
NL;HIL;Hillegom;Hillegom;;--3-----;AF;9602;;;
NL;HVK;Hilvarenbeek;Hilvarenbeek;;1-3-----;RL;0307;;5129N 00508E;
NL;HVS;Hilversum;Hilversum;;-23-----;AF;9602;QYI;;
NL;HLP;Hindeloopen;Hindeloopen;;--3-----;RN;0501;;5257N 00524E;
NL;HVH;Hoek van Holland;Hoek van Holland;;123-----;AF;9602;;;
NL;HBR;Hoensbroek;Hoensbroek;;--3-----;AF;9602;;;
NL;HOE;Hoevelaken;Hoevelaken;;--3-----;AF;9602;;;
NL;HON;Hoeven;Hoeven;;--3-----;AF;9602;;;
NL;HBU;Hogebrug;Hogebrug;;-23-----;RN;0501;;5202N 00448E;
NL;HSO;Holsloot;Holsloot;;1-3-----;RN;0501;;5243N 00648E;
NL;HOT;Holt;Holt;;1-3-----;RN;0501;;5232N 00620E;
NL;HLT;Holten;Holten;;--3-----;AF;9602;;;
NL;HME;Holtheme;Holtheme;;123-----;RN;0501;;5237N 00642E;
NL;HNS;Honselersdijk;Honselersdijk;;--3-----;AF;9602;;;
NL;HTN;Hontenisse;Hontenisse;;1-------;AI;9901;;;
NL;HFD;Hoofddorp;Hoofddorp;;--3-----;AF;9602;QHZ;;
NL;HPL;Hoofdplaat;Hoofdplaat;;1-3-----;RQ;0607;;5122N 00339E;
NL;HMD;Hooge Mierde;Hooge Mierde;;--3-----;RL;0701;;5123N 00507E;@Sta
NL;HOZ;Hooge Zwaluwe;Hooge Zwaluwe;;--3-----;AF;9602;;;
NL;HGX;Hooge-Hexel;Hooge-Hexel;;--3-----;RL;0201;;5224N 00633E;
NL;HOH;Hoogerheide;Hoogerheide;;--3-----;AF;9602;;;
NL;HMI;Hoogersmilde;Hoogersmilde;;1-3-----;RN;0501;;5254N 00624E;
NL;HOV;Hoogeveen;Hoogeveen;;--3-----;AF;9602;;;
NL;HZD;Hoogezand;Hoogezand;;--3-----;AF;0607;;5310N 00646E;
NL;HKP;Hoogkarspel;Hoogkarspel;;--3-----;AF;9602;;;
NL;HOL;Hoogland;Hoogland;;--3-----;AF;9602;;;
NL;HOG;Hooglanderveen;Hooglanderveen;;--3-----;AF;9602;;;
NL;HGM;Hoogmade;Hoogmade;;1-3-----;RN;0501;;5210N 00435E;
NL;HGV;Hoogvliet;Hoogvliet;;--3-----;AF;9602;;;
NL;HOO;Hoogwoud;Hoogwoud;;--3--6--;RL;0501;;5243N 00456E;
NL;HRN;Hoorn;Hoorn;;-23-----;AF;9602;;;
NL;HNA;Hoornaar;Hoornaar;;--3-----;AF;9602;;;
NL;HPT;Hoptille;Hoptille;;1-3-----;RQ;0501;;;
NL;HOR;Hordijkerveld;Hordijkerveld;;--3-----;AF;9602;;;
NL;HOX;Horn;Horn;;--3-----;RL;0201;;5112N 00556E;
NL;HRS;Horst;Horst;;--3-----;AF;9602;;;
NL;HOU;Houten;Houten;;--3-----;AF;9602;;;
NL;HTH;Huis ter Heide;Huis ter Heide;;--3-----;AF;9602;;;
NL;HUS;Huissen;Huissen;;--3-----;RL;0701;;5156N 00556E;
NL;HUI;Huizen;Huizen;;--3-----;AF;9602;;;
NL;HUL;Hulst;Hulst;;--3-----;AF;9602;;;
NL;HUN;Hunsel;Hunsel;;1-3-----;RN;0501;;5111N 00549E;
NL;IJM;IJmuiden;IJmuiden;;123-----;AF;9602;;;
NL;IJI;IJsselstein;IJsselstein;;--3-----;AF;0212;;5201N 00503E;
NL;IZD;IJzendijke;IJzendijke;;--3--6--;RL;0601;;5119N 00337E;
NL;ILO;Illikhoven;Illikhoven;;1-3-----;RN;0501;;5104N 00549E;
NL;ILP;Ilpendam;Ilpendam;;--3-----;AF;9602;;;
NL;ITR;Itteren;Itteren;;1-3-----;RN;0501;;5054N 00542E;
NL;ITT;Ittervoort;Ittervoort;;--3-----;AF;9602;;;
NL;JSP;Jisp;Jisp;;--3-----;RL;0701;;5230N 00450E;
NL;JOU;Joure;Joure;;--3-----;AF;9602;;;
NL;JLD;Julianadorp;Julianadorp;;--3-----;AF;9602;;;
NL;JNE;Junne;Junne;;--3-----;RN;0501;;5231N 00630E;
NL;KAG;Kaag;Kaag;;--3-----;AF;9602;;;
NL;KTS;Kaatsheuvel;Kaatsheuvel;;--3-----;AF;9602;;;
NL;KKO;Kakeshoek;Kakeshoek;;1-3-----;RQ;0501;;;
NL;KMR;Kamerik;Kamerik;;--3-----;AF;9602;;;
NL;KAM;Kampen;Kampen;;-23-----;AF;9602;;;
NL;KAD;Kamperland;Kamperland;;--3-----;RL;0212;;5134N 00342E;
NL;KTN;Kantens;Kantens;;1-3-----;RN;0501;;5322N 00638E;
NL;KPL;Kapelle;Kapelle;;--3-----;RL;0201;;5128N 00357E;
NL;KAP;Kapellebrug;Kapellebrug;;--3-----;AF;9602;;;
NL;KTV;Katerveer;Katerveer;;123-----;RN;0501;;5230N 00604E;
NL;KTJ;Katlijk;Katlijk;;--3-----;RL;0701;;5257N 00603E;
NL;KAT;Kats;Kats;;1-3-----;RQ;0607;;5134N 00352E;
NL;KWK;Katwijk;Katwijk;;--3-----;RL;0101;;;
NL;KWR;Katwijk aan den Rijn;Katwijk aan den Rijn;;1-3-----;RN;0501;;5212N 00425E;
NL;KAZ;Katwijk aan Zee;Katwijk aan Zee;;--3-----;AF;0212;;5212N 00425E;
NL;KEB;Keijenborg;Keijenborg;;--3-----;AF;9602;;;
NL;KZV;Keizersveer;Keizersveer;;1-3-----;RN;0501;;5143N 00454E;
NL;KEK;Kekerdom;Kekerdom;;--3-----;RL;0201;;5152N 00600E;
NL;KPE;Kelpen;Kelpen;;1-3-----;RN;0501;;5113N 00550E;
NL;KRD;Kerkdriel;Kerkdriel;;1-3-----;RL;0601;;5146N 00520E;
NL;KER;Kerkrade;Kerkrade;;--3-----;AF;9602;;;
NL;KSL;Kessel;Kessel;;--3-----;AF;9602;;;
NL;KST;Kesteren;Kesteren;;--3-----;AF;9602;;;
NL;KHV;Ketelhaven;Ketelhaven;;1-3-----;RN;0501;;5235N 00545E;
NL;KIJ;Kinderdijk;Kinderdijk;;--3-----;AF;9602;;;
NL;KLW;Klaaswaal;Klaaswaal;;--3-----;AF;9602;;;
NL;KBK;Klarenbeek;Klarenbeek;;--3-----;RL;0701;;5210N 00605E;
NL;KLZ;Klazienaveen;Klazienaveen;;1-3-----;AF;0501;;5244N 00700E;
NL;KLV;Kloosterveen;Kloosterveen;;1-3-----;RN;0501;;5300N 00631E;
NL;KLT;Kloosterzande;Kloosterzande;;--3-----;RL;9805;;;
NL;KLU;Klundert;Klundert;;1-------;AI;0201;;;
NL;KWT;Koewacht;Koewacht;;--3-----;AF;9602;;;
NL;KHR;Kolhorn;Kolhorn;;1-3-----;RN;0501;;5248N 00453E;
NL;KLM;Kollum;Kollum;;1-3-----;RN;0501;;5317N 00609E;
NL;KML;Kommerzijl;Kommerzijl;;--3-----;RN;0501;;5317N 00620E;
NL;KGH;Konigsbosch;Konigsbosch;;--3-----;RL;0601;;5103N 00557E;
NL;KGZ;Koog aan de Zaan;Koog aan de Zaan;;--3-----;AF;0212;;5228N 00448E;
NL;KWZ;Kornwerderzand;Kornwerderzand;;--3-----;RN;0501;;5304N 00520E;
NL;KHM;Kortehemmen;Kortehemmen;;--3-----;RL;0701;;5304N 00605E;
NL;KTH;Kortenhoef;Kortenhoef;;--3-----;AF;9602;;;
NL;KOG;Kortgene;Kortgene;;--3-----;RL;9805;;;
NL;KOR;Koudekerk aan den Rijn;Koudekerk aan den Rijn;;--3-----;RL;0212;;5208N 00436E;
NL;KOK;Koudekerke;Koudekerke;;--3-----;AF;9602;;;
NL;KDM;Koudum;Koudum;;--3-----;RN;0501;;5255N 00527E;
NL;KMS;Krammersluizen;Krammersluizen;;1-3-----;RQ;0501;;;
NL;KRE;Kreil;Kreil;;1-3-----;RN;0501;;5248N 00452E;
NL;KRP;Krimpen aan de Lek;Krimpen aan de Lek;;--3-----;AF;0212;;5154N 00438E;
NL;KAI;Krimpen aan den IJssel;Krimpen aan den IJssel;;--3-----;RL;0201;;5155N 00436E;
NL;KDO;Kring van Dorth;Kring van Dorth;;--3-----;RL;0701;;5213N 00616E;
NL;KRM;Krommenie;Krommenie;;--3-----;AF;9602;;;
NL;KRU;Kruiningen;Kruiningen;;--3-----;AF;9602;;;
NL;KHO;Kuikhorne;Kuikhorne;;1-3-----;RN;0501;;5315N 00601E;
NL;KWA;Kwadendamme;Kwadendamme;;--3-----;AF;9602;;;
NL;KWS;Kwintsheul;Kwintsheul;;--3-----;AF;9602;;;
NL;LGK;Laag-Keppel;Laag-Keppel;;--3-----;RL;0701;;5200N 00613E;
NL;LTS;Laatste Stuiver;Laatste Stuiver;;1-3-----;RQ;0501;;;
NL;LAW;Lage Weide;Lage Weide;;--3-----;AF;9602;;;
NL;LZA;Lage Zwaluwe;Lage Zwaluwe;;1-3-----;RN;0501;;5143N 00444E;
NL;LGD;Lageland;Lageland;;1-3-----;RN;0501;;5314N 00643E;
NL;LWE;Lalleweer;Lalleweer;;1-3-----;RN;0501;;5317N 00700E;
NL;LGB;Landgoed Baest;Landgoed Baest;;1-3-----;RQ;0501;;;
NL;LAF;Landgraaf;Landgraaf;;--3-----;AF;9602;;;
NL;LAM;Landsmeer;Landsmeer;;--3-----;AF;9602;;;
NL;LAK;Langbroek;Langbroek;;--3-----;RL;0212;;5201N 00521E;
NL;LGI;Langelille;Langelille;;1-3-----;RN;0501;;5251N 00551E;
NL;LAG;Langerak;Langerak;;--3-----;AF;9602;;;
NL;LWG;Langeweg;Langeweg;;1-3-----;RQ;0607;;5139N 00440E;
NL;LZG;Langezwaag;Langezwaag;;--3-----;AF;9602;;;
NL;LGW;Langweer;Langweer;;--3-----;RL;0212;;5258N 00543E;
NL;LAR;Laren;Laren;;--3-----;AF;9602;;;
NL;LTU;Lathum;Lathum;;--3-----;RL;0701;;5159N 00601E;
NL;LAN;Lauwersoog;Lauwersoog;;1-------;AF;8601;;;
NL;LWI;Lauwerzijl;Lauwerzijl;;--3-----;RN;0501;;5319N 00618E;
NL;LEE;Leek;Leek;;--3-----;AF;9602;;;
NL;LES;Leens;Leens;;1-3-----;RN;0501;;5322N 00623E;
NL;LRB;Leerbroek;Leerbroek;;--3-----;RL;0701;;5154N 00503E;
NL;LRD;Leerdam;Leerdam;;--3-----;AF;9602;;;
NL;LWR;Leeuwarden;Leeuwarden;;1234----;AF;9602;;;
NL;LID;Leiden;Leiden;;-234----;AF;9602;;;
NL;LDD;Leiderdorp;Leiderdorp;;--3-----;AF;9602;;;
NL;LDS;Leidschendam;Leidschendam;;--3-----;AF;9602;;;
NL;LMU;Leimuiden;Leimuiden;;--3-----;AF;9602;;;
NL;LRU;Leimuiderbrug;Leimuiderbrug;;1-3-----;RN;0501;;5214N 00440E;
NL;LEK;Lekkerkerk;Lekkerkerk;;--3-----;AF;9602;;;
NL;LEY;Lelystad;Lelystad;;--3-----;AF;9602;;;
NL;LMR;Lemmer;Lemmer;;--3-----;AF;9602;;;
NL;LEM;Lemsterland;Lemsterland;;1-------;AI;9812;;;
NL;LNT;Lent;Lent;;--3-----;AF;9602;;;
NL;LEO;Leons;Leons;;1-3-----;RN;0501;;5307N 00528E;
NL;LEU;Leusden;Leusden;;--3-----;AF;9602;;;
NL;LTH;Leuth;Leuth;;--3-----;AF;9602;;;
NL;LXM;Lexmond;Lexmond;;--3-----;AF;9602;;;
NL;LCV;Lichtenvoorde;Lichtenvoorde;;--3-----;AF;9602;;;
NL;LIE;Lienden;Lienden;;1-------;AF;9602;;;
NL;LSH;Lieshout;Lieshout;;--3-----;RL;0201;;5131N 00535E;
NL;LME;Limmel;Limmel;;1-3-----;RN;0501;;5052N 00542E;
NL;LMM;Limmen;Limmen;;--3-----;AF;9602;;;
NL;LIN;Linne;Linne;;--3-----;RL;0307;;5109N 00556E;
NL;LSC;Linschoten;Linschoten;;--3-----;AF;9602;;;
NL;LWO;Lippenwoude;Lippenwoude;;1-3-----;RN;0501;;5258N 00539E;
NL;QDG;Lisse;Lisse;;--3-----;AF;9602;;;
NL;LBK;Lisserbroek;Lisserbroek;;--3-----;RL;0101;;;
NL;LIT;Lith;Lith;;1-------;AF;9602;;;
NL;LOB;Lobith;Lobith;;--3-----;AF;9602;;;
NL;LCH;Lochem;Lochem;;--3-----;AF;9602;;;
NL;LON;Loenen;Loenen;;--3-----;AF;9602;;;
NL;LAV;Loenen aan de Vecht;Loenen aan de Vecht;;--3-----;AF;9602;;;
NL;LNO;Loenersloot;Loenersloot;;123-----;RN;0501;;5214N 00500E;
NL;LOM;Lomm;Lomm;;--3-----;AF;9602;;;
NL;LPK;Lopik;Lopik;;--3-----;AF;9602;;;
NL;LKL;Lopikerkapel;Lopikerkapel;;--3-----;RL;0407;;5200N 00503E;
NL;LOS;Losser;Losser;;--3-----;RL;0002;;;
NL;LTN;Lunteren;Lunteren;;--3-----;RL;0701;;5205N 00537E;
NL;LJB;Lutjebroek;Lutjebroek;;--3-----;RL;0701;;5242N 00512E;
NL;LGE;Luttelgeest;Luttelgeest;;--3-----;RL;0701;;5245N 00551E;
NL;LYG;Luyksgestel;Luyksgestel;;--3-----;RL;0701;;5117N 00519E;
NL;MHZ;Maarheeze;Maarheeze;;--3-----;AF;9602;;;
NL;MHU;Maarhuizen;Maarhuizen;;1-3-----;RN;0501;;5321N 00630E;
NL;MAV;Maarn;Maarn;;--3-----;RL;0207;;5204N 00521E;
NL;MAB;Maarsbergen;Maarsbergen;;--3-----;AF;9602;;;
NL;MSS;Maarssen;Maarssen;;--3-----;AF;9602;;;
NL;MRS;Maarssenbroek;Maarssenbroek;;--3-----;AF;9602;;;
NL;MRT;Maartensdijk;Maartensdijk;;--3-----;AF;9602;;;
NL;MSB;Maasbracht;Maasbracht;;1-------;AF;9602;;;
NL;MSD;Maasdam;Maasdam;;--3-----;AF;9602;;;
NL;MDK;Maasdijk;Maasdijk;;--3-----;RL;0407;;5158N 00413E;
NL;MAL;Maasland;Maasland;;--3-----;AF;9602;;;
NL;MSL;Maassluis;Maassluis;;123-----;AF;9602;;;
NL;MST;Maastricht;Maastricht;;1234----;AF;9602;;;
NL;MSV;Maasvlakte;Maasvlakte;;--3-----;AF;9602;;;
NL;QDJ;Made;Made;;--3-----;AF;9602;;;
NL;MAD;Malden;Malden;;--3-----;AF;9602;;;
NL;MJA;Mandjeswaard;Mandjeswaard;;1-3-----;RN;0501;;5234N 00555E;
NL;MHO;Mariahout;Mariahout;;--3-----;RL;0701;;5132N 00534E;
NL;MAR;Markelo;Markelo;;--3-----;AF;9602;;;
NL;MKN;Marken;Marken;;1-3-----;RN;0501;;5228N 00506E;
NL;MAN;Marknesse;Marknesse;;--3-----;AF;9602;;;
NL;MRU;Marssum;Marssum;;--3-----;RN;0501;;5313N 00544E;
NL;MRM;Marum;Marum;;--3-----;RL;0601;;5309N 00616E;
NL;MAU;Maurik;Maurik;;--3-----;AF;9602;;;
NL;MDM;Medemblik;Medemblik;;--3-----;AF;9602;;;
NL;MEE;Meer;Meer;;--3-----;AF;9602;;;
NL;MKK;Meerkerk;Meerkerk;;--3-----;RL;0201;;5155N 00500E;
NL;MEW;Meerlo-Wansum;Meerlo-Wansum;;1-------;AI;9901;;;
NL;MES;Meers;Meers;;--3-----;AF;9602;;;
NL;MRN;Meerssen;Meerssen;;-23-----;RL;0701;;5053N 00545E;
NL;MWE;Meeuwen;Meeuwen;;--3-----;RL;0701;;5143N 00500E;
NL;MDO;Melderslo;Melderslo;;-23--6--;RL;0601;;5128N 00605E;
NL;MCK;Melick;Melick;;--3-----;AF;9602;;;
NL;MSA;Melissant;Melissant;;--3-----;RL;0701;;5146N 00404E;
NL;MNU;Menaldum;Menaldum;;--3-----;RN;0501;;5313N 00540E;
NL;MSW;Mensingeweer;Mensingeweer;;1-3-----;RN;0501;;5321N 00628E;
NL;MEP;Meppel;Meppel;;123-----;AF;9602;;;
NL;MEB;Merkelbeek;Merkelbeek;;--3-----;AF;9602;;;
NL;MLA;Middelaar;Middelaar;;1-3-----;RN;0501;;5144N 00555E;
NL;MDB;Middelbeers;Middelbeers;;--3-----;AF;9602;;;
NL;MDL;Middelburg;Middelburg;;--3-----;RL;0212;;5130N 00336E;
NL;MID;Middelburg;Middelburg;;123-----;AF;9602;;;
NL;MIH;Middelharnis;Middelharnis;;--3-----;AF;9602;;;
NL;MVE;Middelie;Middelie;;--3-----;RL;9805;;;Fleevoland
NL;MDU;Middelstum;Middelstum;;1-3-----;RN;0501;;5321N 00639E;
NL;MIE;Mierlo;Mierlo;;1-------;AF;9602;;;
NL;MIJ;Mijdrecht;Mijdrecht;;--3-----;AF;9602;;;
NL;MDT;Mildert;Mildert;;1-3-----;RQ;0501;;;
NL;MZE;Milheeze;Milheeze;;--3-----;RL;0701;;5130N 00546E;
NL;MLL;Mill;Mill;;--3-----;AF;9602;;;
NL;MLR;Millingen aan de Rijn;Millingen aan de Rijn;;1-3-----;RN;0501;;5152N 00603E;
NL;MBK;Milsbeek;Milsbeek;;--3--6--;RQ;0607;;;
NL;MOE;Moerdijk;Moerdijk;;123-----;AF;9602;;;
NL;MKP;Moerkapelle;Moerkapelle;;--3-----;AF;9602;;;
NL;MOG;Molenaarsgraaf;Molenaarsgraaf;;--3-----;AF;9602;;;
NL;MGT;Molengat;Molengat;;1-3-----;RQ;0607;;5303N 00439E;
NL;MOL;Molenhoek;Molenhoek;;123-----;RL;0701;;5146N 00552E;@Fun@Sta@Coo
NL;MOT;Molenschot;Molenschot;;--3-----;RL;0507;;5134N 00453E;
NL;MWU;Molkwerum;Molkwerum;;--3-----;RL;0701;;5254N 00524E;
NL;MNN;Monnickendam;Monnickendam;;--3-----;AF;9602;;;
NL;MON;Monster;Monster;;--3-----;AF;9602;;;
NL;MNT;Montfoort;Montfoort;;--3-----;AF;9602;;;
NL;MOK;Mook;Mook;;1-3-----;RN;0501;;5145N 00553E;
NL;MOO;Moordrecht;Moordrecht;;--3-----;AF;9602;;;
NL;MUD;Muiden;Muiden;;1-3-----;RN;0501;;5220N 00504E;
NL;MDG;Muiderberg;Muiderberg;;123-----;RN;0501;;5220N 00507E;
NL;MKE;Munnekeburen;Munnekeburen;;1-3-----;RN;0501;;5251N 00553E;
NL;MKZ;Munnekezijl;Munnekezijl;;--3-----;RN;0501;;5318N 00616E;
NL;NAW;Naaldwijk;Naaldwijk;;--3-----;AF;9602;;;
NL;NAA;Naarden;Naarden;;--3-----;AF;9602;;;
NL;NLG;Nagele;Nagele;;--3-----;AF;9602;;;
NL;NEC;Neck;Neck;;1-3-----;RN;0501;;5231N 00455E;
NL;NST;Nederasselt;Nederasselt;;1-3-----;RL;0601;;5146N 00545E;
NL;NBW;Neder-Betuwe;Neder-Betuwe;;-23-----;RL;0601;;5156N 00534E;
NL;NDB;Nederhorst den Berg;Nederhorst den Berg;;--3-----;AF;0212;;5216N 00503E;
NL;NRW;Nederweert;Nederweert;;--3-----;AF;9602;;;
NL;NEE;Neede;Neede;;--3-----;RL;0212;;5208N 00637E;
NL;NER;Neer;Neer;;--3-----;AF;9602;;;
NL;NES;Nes;Nes;;123-----;RN;0501;;5303N 00551E;
NL;NSA;Nes aan de Amstel;Nes aan de Amstel;;1-3-----;RN;0501;;5216N 00453E;
NL;NSU;Nessersluis;Nessersluis;;1-3-----;RN;0501;;5215N 00452E;
NL;NXO;Nibbixwoud;Nibbixwoud;;--3-----;RL;0701;;5242N 00504E;
NL;NAM;Nieuw-Amsterdam;Nieuw-Amsterdam;;123-----;RN;0501;;5243N 00652E;
NL;NIU;Nieuwdorp;Nieuwdorp;;1-3-----;RL;0207;;5128N 00344E;
NL;NBU;Nieuwe Brug;Nieuwe Brug;;1-3-----;RN;0501;;5222N 00440E;
NL;NPK;Nieuwe Pekela;Nieuwe Pekela;;--3-----;RN;0501;;5305N 00659E;
NL;NSB;Nieuwe Schans;Nieuwe Schans;;--3----B;AF;0212;;5150N 00530E;
NL;NSZ;Nieuwe Statenzijl;Nieuwe Statenzijl;;1-3-----;RN;0501;;5314N 00712E;
NL;NDI;Nieuwediep;Nieuwediep;;--3-----;AF;0212;;5303N 00651E;
NL;NWG;Nieuwegein;Nieuwegein;;--3-----;AF;9602;;;
NL;NHM;Nieuwehorne;Nieuwehorne;;--3-----;RN;0501;;5257N 00603E;
NL;NIH;Nieuwenhagen;Nieuwenhagen;;0-------;;9501;;;
NL;NBG;Nieuwerbrug;Nieuwerbrug;;123-----;RN;0501;;5205N 00449E;
NL;NIE;Nieuwerkerk aan den IJssel;Nieuwerkerk aan den IJssel;;--3-----;RL;0212;;5158N 00437E;
NL;NSC;Nieuweschans;Nieuweschans;;-23-----;AF;0401;;5311N 00712E;
NL;NWT;Nieuwe-Tonge;Nieuwe-Tonge;;--3-----;RL;0212;;5143N 00410E;
NL;NWK;Nieuwkoop;Nieuwkoop;;--3-----;AF;9602;;;
NL;NKU;Nieuwkuijk;Nieuwkuijk;;--3-----;RL;0701;;5141N 00511E;
NL;NLK;Nieuw-Lekkerland;Nieuw-Lekkerland;;--3-----;AF;0212;;5153N 00440E;
NL;NWL;Nieuwleusen;Nieuwleusen;;--3-----;RL;0201;;5235N 00618E;
NL;LSR;Nieuw-Loosdrecht;Nieuw-Loosdrecht;;--3-----;AF;9602;;;
NL;NWO;Nieuwolda;Nieuwolda;;1-3-----;RN;0501;;5315N 00659E;
NL;NWP;Nieuwpoort;Nieuwpoort;;--3-----;AF;9602;;;
NL;NSD;Nieuw-Scheemda;Nieuw-Scheemda;;1-3-----;RN;0501;;5312N 00656E;
NL;NWS;Nieuwstadt;Nieuwstadt;;--3-----;RL;9811;;;
NL;NWV;Nieuwveen;Nieuwveen;;-23-----;RL;9805;;;Zuidholland
NL;NVP;Nieuw-Vennep;Nieuw-Vennep;;--3-----;AF;0607;;5216N 00438E;
NL;NVO;Nieuw-Vossemeer;Nieuw-Vossemeer;;--3-----;RN;0501;;5135N 00413E;
NL;NZI;Niezijl;Niezijl;;--3-----;RN;0501;;5316N 00621E;
NL;NGV;Nigtevecht;Nigtevecht;;1-3-----;RL;0607;;5217N 00502E;
NL;NGA;Nijega;Nijega;;--3-----;RQ;0607;;5308N 00601E;
NL;NHE;Nijehaske;Nijehaske;;--3-----;RL;0201;;5257N 00553E;
NL;NMD;Nijemirdum;Nijemirdum;;--3-----;RL;0507;;5251N 00534E;
NL;NZJ;Nijezijl;Nijezijl;;1-3-----;RN;0501;;5300N 00537E;
NL;NKK;Nijkerk;Nijkerk;;--3-----;AF;9602;;;
NL;NKV;Nijkerkerveen;Nijkerkerveen;;--3-----;AF;9602;;;
NL;NIJ;Nijmegen;Nijmegen;;-23-----;AF;9602;;;
NL;NVD;Nijverdal;Nijverdal;;--3-----;AF;9602;;;
NL;NIS;Nispen;Nispen;;--3-----;AF;9602;;;
NL;NSS;Nisse;Nisse;;--3-----;RQ;9705;;;
NL;NDN;Noorden;Noorden;;--3-----;RL;0701;;5210N 00450E;
NL;NSW;Noord-Scharwoude;Noord-Scharwoude;;--3-----;AF;9602;;;
NL;NDL;Noordwijk aan Zee;Noordwijk aan Zee;;1-------;AF;0212;;5215N 00426E;
NL;NOJ;Noordwijkerhout;Noordwijkerhout;;--3-----;AF;9602;;;
NL;NWD;Noordwolde;Noordwolde;;--3--6--;RQ;0607;;5253N 00608E;
NL;NDP;Nootdorp;Nootdorp;;--3-----;AF;9602;;;
NL;NNN;Nuenen;Nuenen;;--3-----;AF;9602;;;
NL;NUI;Nuis;Nuis;;--3-----;AF;9602;;;
NL;NUD;Numansdorp;Numansdorp;;--3-----;AF;9602;;;
NL;NUN;Nunspeet;Nunspeet;;--3-----;AF;9602;;;
NL;NTH;Nuth;Nuth;;--3-----;AF;9602;;;
NL;OBD;Obdam;Obdam;;--3-----;RL;9901;;;
NL;OCC;Ochten;Ochten;;--3-----;AF;9602;;;
NL;ODK;Odijk;Odijk;;--3-----;AF;9602;;;
NL;ODN;Odoorn;Odoorn;;--3-----;RL;0601;;5251N 00651E;
NL;OGE;Oegstgeest;Oegstgeest;;--3-----;AF;9602;;;
NL;OIH;Oirschot;Oirschot;;--3-----;AF;9602;;;
NL;OIW;Oisterwijk;Oisterwijk;;--3-----;AF;9602;;;
NL;OLD;Oldeberkoop;Oldeberkoop;;--3-----;AF;9602;;;
NL;OLB;Oldebroek;Oldebroek;;--3-----;RL;0701;;5226N 00553E;
NL;OLK;Oldemarkt;Oldemarkt;;--3-----;RL;9803;;;Overijsel
NL;OLZ;Oldenzaal;Oldenzaal;;-23-----;AF;9602;;;
NL;OML;Ommel;Ommel;;--3-----;RL;0701;;5125N 00545E;
NL;OMM;Ommen;Ommen;;--3-----;AF;9602;;;
NL;OOY;Ooij;Ooij;;--3-----;AF;9602;;;
NL;OGP;Ooltgensplaat;Ooltgensplaat;;1-3-----;RN;0501;;5141N 00421E;
NL;OBG;Oostburg;Oostburg;;--3-----;RL;0207;;5120N 00330E;
NL;OSD;Oostdijk;Oostdijk;;--3-----;AF;9602;;;
NL;OSB;Oosterbeek;Oosterbeek;;--3-----;AF;9602;;;
NL;OHN;Oosterhesselen;Oosterhesselen;;--3-----;RN;0501;;5245N 00644E;
NL;OOS;Oosterhout;Oosterhout;;1-------;AF;9602;;;
NL;OTH;Oosterhout;Oosterhout;;--3-----;RL;0701;;5153N 00550E;
NL;OTL;Oosterland;Oosterland;;--3-----;RL;0104;;5256N 00500E;
NL;OLS;Oosterlittens;Oosterlittens;;1-3-----;RN;0501;;5308N 00539E;
NL;OME;Oostermeer;Oostermeer;;1-3-----;RN;0501;;5310N 00603E;
NL;OSW;Oosterwolde;Oosterwolde;;--3-----;RL;0201;;5300N 00618E;
NL;OHM;Oosthem;Oosthem;;123-----;RN;0501;;5301N 00536E;
NL;OHZ;Oosthuizen;Oosthuizen;;123-----;RN;0501;;5234N 00500E;
NL;OST;Oostrum;Oostrum;;--3-----;AF;9602;;;
NL;OVN;Oostvoorne;Oostvoorne;;--3-----;AF;9602;;;
NL;OSZ;Oostzaan;Oostzaan;;--3-----;RL;0201;;5227N 00452E;
NL;OOT;Ootmarsum;Ootmarsum;;--3-----;AF;9602;;;
NL;OPE;Opeinde;Opeinde;;--3-----;RN;0501;;5308N 00604E;
NL;OSP;Ospel;Ospel;;--3-----;AF;9602;;;
NL;OSS;Oss;Oss;;123-----;AF;9602;;;
NL;OSH;Ossendrecht;Ossendrecht;;--3--6--;RL;0601;;5124N 00420E;
NL;OZL;Ossenzijl;Ossenzijl;;1-3-----;RN;0501;;5248N 00555E;
NL;ORL;Oterleek;Oterleek;;1-3-----;RN;0501;;5238N 00450E;
NL;OGN;Oud Gein;Oud Gein;;1-3-----;RQ;0501;;;
NL;OBL;Oud-Beijerland;Oud-Beijerland;;--3-----;AF;9602;;;
NL;OUM;Oude Meer;Oude Meer;;--3-----;RL;0401;;5217N 00446E;
NL;ODP;Oude Pekela;Oude Pekela;;--3-----;AF;9602;;;
NL;OHW;Oude Schouw;Oude Schouw;;123-----;RN;0501;;5304N 00549E;
NL;OGA;Oudega;Oudega;;123--6--;RL;0601;;5300N 00533E;
NL;OHE;Oudehaske;Oudehaske;;--3-----;RL;0501;;5257N 00552E;
NL;OMR;Oudemirdum;Oudemirdum;;--3-----;RL;0507;;5251N 00531E;
NL;OBO;Oudenbosch;Oudenbosch;;--3-----;AF;9602;;;
NL;ODH;Oudenhoorn;Oudenhoorn;;--3-----;AF;9602;;;
NL;ORJ;Oudenrijn;Oudenrijn;;123-----;RN;0501;;5205N 00504E;
NL;ODR;Ouderkerk aan de Amstel;Ouderkerk aan de Amstel;;123-----;RN;0501;;5218N 00454E;
NL;OAI;Ouderkerk aan den IJssel;Ouderkerk aan den IJssel;;--3-----;AF;0212;;5156N 00438E;
NL;OHI;Oudeschild;Oudeschild;;--3-----;RN;0501;;5302N 00452E;
NL;OSL;Oudesluis;Oudesluis;;-23-----;RN;0501;;5146N 00427E;
NL;ODT;Oude-Tonge;Oude-Tonge;;--3-----;AF;9602;;;
NL;ODW;Oudewater;Oudewater;;--3-----;AF;9602;;;
NL;OUG;Oud-Gastel;Oud-Gastel;;--3-----;AF;0212;;5135N 00428E;
NL;OKP;Oudkarspel;Oudkarspel;;--3-----;RL;0701;;5242N 00448E;
NL;OLO;Oud-Loosdrecht;Oud-Loosdrecht;;--3-----;RL;0207;;5213N 00505E;
NL;OSG;Oud-Sabbinge;Oud-Sabbinge;;1-3-----;RN;0501;;5132N 00348E;
NL;OVM;Oud-Vossemeer;Oud-Vossemeer;;--3-----;AF;9602;;;
NL;OVR;Oud-Vroenhoven;Oud-Vroenhoven;;--3-----;AF;0212;;5050N 00539E;
NL;OZU;Oud-Zuilen;Oud-Zuilen;;123-----;RN;0501;;5208N 00504E;
NL;OVL;Overloon;Overloon;;--3-----;RL;0601;;5134N 00557E;
NL;OSK;Overschild;Overschild;;1-3-----;RN;0501;;5317N 00647E;
NL;OVZ;Ovezande;Ovezande;;--3-----;AF;9602;;;
NL;PHL;Panheel;Panheel;;1-3-----;RL;0601;;5111N 00552E;
NL;PNN;Pannerden;Pannerden;;--3-----;RL;0212;;5153N 00603E;
NL;PAN;Panningen;Panningen;;--3-----;AF;9602;;;
NL;PAP;Papendrecht;Papendrecht;;--3-----;AF;9602;QYT;;
NL;PER;Pernis;Pernis;;123-----;AF;9602;;;
NL;PTT;Petten;Petten;;--3-----;AF;9602;;;
NL;PSI;Piershil;Piershil;;--3-----;RL;0701;;5148N 00419E;
NL;PZI;Pieterzijl;Pieterzijl;;1-3-----;RN;0501;;5317N 00616E;
NL;PIJ;Pijnacker;Pijnacker;;--3-----;AF;9602;;;
NL;PDJ;Poederoijen;Poederoijen;;--3--6--;RL;0601;;5147N 00505E;
NL;PDK;Poeldijk;Poeldijk;;--3-----;AF;9602;;;
NL;PVT;Poortvliet;Poortvliet;;--3-----;RL;9805;;;
NL;PRB;Prinsenbeek;Prinsenbeek;;--3-----;AF;9602;;;
NL;PUM;Purmerend;Purmerend;;--3-----;AF;9602;;;
NL;PUT;Putte;Putte;;--3-----;AF;9602;;;
NL;PTN;Putten;Putten;;--3-----;RL;0201;;5215N 00536E;
NL;QDS;Raalte;Raalte;;--3-----;AF;9602;;;
NL;RAA;Raamsdonksveer;Raamsdonksveer;;--3-----;AF;9602;;;
NL;RPL;Ramspol;Ramspol;;1-3-----;RQ;0501;;;
NL;RAS;Ravenstein;Ravenstein;;--3-----;AF;9602;;;
NL;RUW;Reeuwijk;Reeuwijk;;--3-----;AF;9602;;;
NL;REW;Reimerswaal;Reimerswaal;;1-------;AI;9901;;;
NL;RNK;Renkum;Renkum;;--3-----;AF;9602;;;
NL;RWD;Renswoude;Renswoude;;--3-----;RL;0501;;5205N 00532E;
NL;RSL;Reusel;Reusel;;--3-----;AF;9602;;;
NL;REU;Reuver;Reuver;;--3-----;AF;9602;;;
NL;RHD;Rheden;Rheden;;--3-----;AF;9602;;;
NL;RHE;Rhenen;Rhenen;;--3-----;AF;9602;;;
NL;RHO;Rhoon;Rhoon;;--3-----;AF;9602;;;
NL;RID;Ridderkerk;Ridderkerk;;--3-----;AF;9602;;;
NL;RED;Ried;Ried;;1-3-----;RN;0501;;5131N 00501E;
NL;RIE;Riel;Riel;;--3-----;AF;9602;;;
NL;RTH;Riethoven;Riethoven;;--3-----;RL;0201;;5121N 00523E;
NL;RJE;Rijen;Rijen;;--3-----;AF;9602;;;
NL;RJV;Rijkevoort;Rijkevoort;;--3-----;RQ;9704;;;
NL;RBG;Rijnsburg;Rijnsburg;;--3-----;AF;9602;;;
NL;RWI;Rijpwetering;Rijpwetering;;--3--6--;RL;0507;;5212N 00435E;
NL;RIJ;Rijs;Rijs;;1-3-----;RL;0407;;5252N 00530E;
NL;RYB;Rijsbergen;Rijsbergen;;--3-----;AF;9602;;;
NL;RSH;Rijsenhout;Rijsenhout;;1-3-----;RL;0601;;5215N 00443E;
NL;RJS;Rijssen;Rijssen;;--3-----;AF;9602;;;
NL;RYS;Rijswijk;Rijswijk;;--3-----;AF;9602;;;
NL;RLA;Rilland;Rilland;;123-----;RN;0501;;5125N 00411E;
NL;RGT;Rinsumageest;Rinsumageest;;--3-----;RL;0407;;5318N 00557E;
NL;RBO;Robbenoord;Robbenoord;;1-3-----;RQ;0501;;;
NL;ROD;Roden;Roden;;--3-----;AF;9602;;;
NL;ROR;Rodenrijs;Rodenrijs;;--3-----;AF;9602;;;
NL;RAV;Roelofarendsveen;Roelofarendsveen;;--3-----;AF;9602;;;
NL;OMD;Roermond;Roermond;;--3-----;AF;9602;;;
NL;ROG;Roggel;Roggel;;--3-----;AF;9602;;;
NL;ROO;Roosendaal;Roosendaal;;-23-5---;AF;9602;ZYO;;
NL;RST;Roosteren;Roosteren;;1-3-----;RN;0501;;5105N 00549E;
NL;RMA;Rosmalen;Rosmalen;;--3-----;AF;9602;;;
NL;RTM;Rotterdam;Rotterdam;;12345---;AF;0501;;5155N 00430E;
NL;ROZ;Rozenburg;Rozenburg;;1-------;AF;9602;;;
NL;RZD;Rozendaal;Rozendaal;;--3-----;AF;9602;;;
NL;RCP;Rucphen;Rucphen;;--3-----;AF;9602;;;
NL;RUM;Rumpt;Rumpt;;--3-----;AF;9602;;;
NL;RTG;Rustenburg;Rustenburg;;1-3-----;RN;0501;;5238N 00453E;
NL;RUT;Rutten;Rutten;;1-3-----;RN;0501;;5248N 00542E;
NL;RRO;Ruurlo;Ruurlo;;--3-----;RL;0307;;5205N 00627E;
NL;SMB;Sambeek;Sambeek;;-23-----;RN;0501;;5138N 00558E;
NL;SAP;Sappemeer;Sappemeer;;--3-----;AF;9602;;;
NL;SVG;Sas van Gent;Sas van Gent;;1-3-----;AF;0212;;5114N 00348E;
NL;SAS;Sassenheim;Sassenheim;;--3-----;AF;9602;;;
NL;SCH;Schagen;Schagen;;--3-----;RL;0201;;5247N 00447E;
NL;SBU;Schagerbrug;Schagerbrug;;1-3-----;RN;0501;;5248N 00446E;
NL;SKW;Schalkwijk;Schalkwijk;;1-3-----;RN;0501;;5159N 00511E;
NL;SBG;Scharsterbrug;Scharsterbrug;;--3-----;RL;0207;;5256N 00546E;
NL;SMD;Scheemda;Scheemda;;--3-----;AF;9602;;;
NL;SMZ;Scheemderzwaag;Scheemderzwaag;;123-----;RN;0501;;5311N 00657E;
NL;SHO;Schermerhorn;Schermerhorn;;1-3-----;RN;0501;;5236N 00453E;
NL;SRP;Scherpenzeel;Scherpenzeel;;--3-----;AF;0701;;5205N 00529E;@Coo
NL;SCE;Scheveningen;Scheveningen;;1-3-----;AF;9602;;;
NL;SCI;Schiedam;Schiedam;;123-----;AF;9602;;;
NL;SND;Schijndel;Schijndel;;--3-----;AF;9602;;;
NL;SDW;Schildwolde;Schildwolde;;1-3-----;RN;0501;;5314N 00649E;
NL;SOG;Schin op Geul;Schin op Geul;;--3-----;AF;0212;;5051N 00553E;
NL;SCN;Schinnen;Schinnen;;--3-----;AF;9602;;;
NL;SPL;Schiphol;Schiphol;;--3-----;AF;9602;;;
NL;SRK;Schiphol-Rijk;Schiphol-Rijk;;--3-----;RQ;0101;;;
NL;SCP;Schipluiden;Schipluiden;;--3-----;RL;0201;;5159N 00418E;
NL;SCB;Schoonebeek;Schoonebeek;;--3-----;AF;9602;;;
NL;SHH;Schoonhoven;Schoonhoven;;--3-----;AF;9602;;;
NL;SOR;Schoor;Schoor;;--3-----;RN;0501;;5130N 00600E;
NL;SZL;Schoterzijl;Schoterzijl;;1-3-----;RN;0501;;5249N 00548E;
NL;SWL;Schouwerzijl;Schouwerzijl;;1-3-----;RN;0501;;5320N 00627E;
NL;SVM;Sevenum;Sevenum;;--3-----;RL;0701;;5125N 00602E;
NL;SGL;'s-Graveland;'s-Graveland;;--3-----;RL;0407;;5214N 00507E;
NL;GRA;'s-Gravendeel;'s-Gravendeel;;1-------;AF;0212;;5147N 00437E;
NL;HAG;'s-Gravenhage (Den Haag);'s-Gravenhage (Den Haag);;-234----;AF;0212;;5205N 00418E;
NL;SGM;'s-Gravenmoer;'s-Gravenmoer;;--3-----;AF;0212;;5140N 00448E;
NL;SGP;'s-Gravenpolder;'s-Gravenpolder;;--3-----;AF;0212;;5127N 00354E;
NL;GRZ;'s-Gravenzande;'s-Gravenzande;;1-3-----;AF;0212;;5200N 00410E;
NL;HRB;s-Heerenberg;s-Heerenberg;;--3-----;AF;0212;;5152N 00615E;
NL;SHB;'s-Heerenbroek;'s-Heerenbroek;;--3-----;AF;0212;;5232N 00601E;
NL;SHE;'s-Heerenhoek;'s-Heerenhoek;;--3-----;AF;0212;;5127N 00346E;
NL;HTB;'s-Hertogenbosch;'s-Hertogenbosch;;123-----;AF;0212;;5142N 00519E;
NL;SBS;Sijbrandahuis;Sijbrandahuis;;1-3-----;RN;0501;;5319N 00558E;
NL;SIV;Silvolde;Silvolde;;--3-----;AF;9602;;;
NL;SIM;Simpelveld;Simpelveld;;-23-----;RL;0407;;5050N 00559E;
NL;SAN;Sint Annaparochie;Sint Annaparochie;;--3-----;RL;0407;;5317N 00540E;
NL;SMN;Sint Maarten;Sint Maarten;;--3-----;RL;0212;;5246N 00445E;
NL;SMK;Sint Maartensdijk;Sint Maartensdijk;;--3-----;RL;0212;;5133N 00404E;
NL;SMV;Sint Maartensvlotbrug;Sint Maartensvlotbrug;;1-3-----;RN;0501;;5247N 00443E;
NL;SNG;Sint Nicolaasga;Sint Nicolaasga;;--3-----;RL;0701;;5255N 00545E;
NL;PLP;Sint Philipsland;Sint Philipsland;;--3-----;RL;0212;;5137N 00409E;
NL;SWB;Sint Willebrord;Sint Willebrord;;--3-----;AF;0212;;5133N 00436E;
NL;SJO;Sintjohannesga;Sintjohannesga;;--3-----;RL;0407;;5255N 00551E;
NL;SIT;Sittard;Sittard;;--3-----;AF;9602;;;
NL;SWK;Sleeuwijk;Sleeuwijk;;1-3-----;RL;0601;;5149N 00457E;
NL;SLD;Sliedrecht;Sliedrecht;;--3-----;AF;9602;;;
NL;SKG;Slijkenburg;Slijkenburg;;1-3-----;RN;0501;;5249N 00551E;
NL;SKM;Slikkendam;Slikkendam;;1-3-----;RN;0501;;5209N 00451E;
NL;SLI;Slikkerveer;Slikkerveer;;--3-----;AF;9602;;;
NL;SLO;Slochteren;Slochteren;;1-3-----;RN;0501;;5313N 00648E;
NL;SDP;Slootdorp;Slootdorp;;--3-----;RL;0701;;5251N 00458E;
NL;SLT;Sloten;Sloten;;1-3-----;RN;0501;;5254N 00539E;
NL;SLS;Sluis;Sluis;;--3-----;AF;9602;;;
NL;SLU;Sluiskil;Sluiskil;;--3-----;AF;9602;;;
NL;SML;Smallingerland;Smallingerland;;1-------;AI;9901;;;
NL;SMI;Smilde;Smilde;;1-3-----;RN;0501;;5257N 00627E;
NL;SNK;Sneek;Sneek;;--3-----;AF;9602;;;
NL;SNW;Snelrewaard;Snelrewaard;;--3-----;AF;9602;;;
NL;SOE;Soest;Soest;;--3-----;AF;9602;;;
NL;SOS;Soesterberg;Soesterberg;;--3-----;AF;9602;;;
NL;SOM;Someren;Someren;;--3-----;AF;9602;;;
NL;SON;Son;Son;;0-------;AF;9602;;;
NL;SOD;Sondel;Sondel;;--3-----;RL;0507;;5252N 00535E;
NL;SPD;Spaarndam;Spaarndam;;--3-----;AF;9602;;;
NL;SPK;Spakenburg;Spakenburg;;--3-----;AF;9602;;;
NL;SPB;Spanbroek;Spanbroek;;--3-----;AF;9602;;;
NL;SPA;Spaubeek;Spaubeek;;--3-----;AF;9602;;;
NL;SJK;Spijk;Spijk;;--3-----;RQ;9806;;;
NL;SPI;Spijkenisse;Spijkenisse;;1-3-----;AF;9602;;;
NL;SCA;Sprang;Sprang;;123-----;AF;0501;;5140N 00503E;
NL;SPR;Sprundel;Sprundel;;--3-----;RL;0607;;5133N 00436E;
NL;SAR;St Andries;St Andries;;1-3-----;RN;0501;;5148N 00521E;
NL;SUD;St Cloud;St Cloud;;--3-----;RL;9805;;;
NL;OED;St Oedenrode;St Oedenrode;;--3-----;AF;0212;;5134N 00528E;
NL;SDM;Stadsdam;Stadsdam;;1-3-----;RN;0501;;5205N 00503E;
NL;STK;Stadskanaal;Stadskanaal;;--3-----;AF;9602;;;
NL;SPG;Stampersgat;Stampersgat;;--3-----;RL;0201;;5136N 00426E;
NL;SDB;Standdaarbuiten;Standdaarbuiten;;1-3-----;RN;0501;;5137N 00431E;
NL;STH;Staphorst;Staphorst;;--3-----;AF;9602;;;
NL;SVN;Stavenisse;Stavenisse;;1-3-----;RL;0701;;5135N 00400E;
NL;STA;Stavoren;Stavoren;;--3-----;AF;9602;;;
NL;STE;Steenbergen;Steenbergen;;--3-----;AF;9602;;;
NL;SDN;Steenderen;Steenderen;;--3-----;RL;0401;;5204N 00611E;
NL;STW;Steenwijk;Steenwijk;;--3-----;AF;9602;;;
NL;STI;Stein;Stein;;--3-----;AF;9602;;;
NL;STD;Stellendam;Stellendam;;--3-----;AF;9602;;;
NL;SVW;Stevensweert;Stevensweert;;--3-----;RN;0501;;5108N 00551E;
NL;SKL;Stieltjeskanaal;Stieltjeskanaal;;1-3-----;RN;0501;;5241N 00650E;
NL;STN;Stiens;Stiens;;--3-----;AF;9602;;;
NL;SLG;Stokkelaarsbrug;Stokkelaarsbrug;;--3-----;RN;0501;;5216N 00456E;
NL;SOP;Stolpen;Stolpen;;1-3-----;RN;0501;;5249N 00443E;
NL;SPV;Stolpervlotbrug;Stolpervlotbrug;;1-3-----;RN;0501;;5248N 00443E;
NL;SWJ;Stolwijk;Stolwijk;;--3-----;RL;0201;;5158N 00446E;
NL;SJB;Strijbeek;Strijbeek;;--3-----;RL;9901;;;
NL;TRJ;Strijen;Strijen;;--3-----;AF;9602;;;
NL;SUR;Surhuisterveen;Surhuisterveen;;--3-----;AF;9602;;;
NL;SWM;Swalmen;Swalmen;;--3-----;AF;9602;;;
NL;SWI;Swifterbant;Swifterbant;;--3-----;RL;0212;;5234N 00538E;
NL;GOY;'t Goy;'t Goy;;--3-----;AF;0212;;5200N 00514E;
NL;KRI;'t Kruis;'t Kruis;;1-3-----;RN;0501;;5239N 00451E;
NL;LKN;'t Leuken;'t Leuken;;1-3-----;RQ;0501;;;
NL;STO;'t Stort;'t Stort;;1-3-----;RQ;0501;;;
NL;VET;'t Veld;'t Veld;;--3-----;RL;0701;;5244N 00452E;
NL;TWA;'t Waar;'t Waar;;1-3-----;RN;0501;;5313N 00656E;
NL;TZA;'t Zand;'t Zand;;--3-----;RL;0701;;;@Sta
NL;TEG;Tegelen;Tegelen;;--3-----;AF;9602;;;
NL;NTO;Ten Boer;Ten Boer;;-23-----;RN;0501;;5317N 00641E;
NL;TEA;Ter Aar;Ter Aar;;--3-----;AF;9602;;;
NL;TPH;Ter Apel;Ter Apel;;--3-----;AF;9602;;;
NL;TAK;Ter Apelkanaal;Ter Apelkanaal;;--3-----;AF;9602;;;
NL;TBO;Terborg;Terborg;;--3-----;AF;9602;;;
NL;TRO;Terhorne;Terhorne;;1-3-----;RN;0501;;5302N 00547E;
NL;TND;Ternaard;Ternaard;;--3-----;RL;0701;;5323N 00558E;
NL;TNZ;Terneuzen;Terneuzen;;1-3-----;AF;9602;;;
NL;TEX;Texel;Texel;;1-------;AF;9602;;;
NL;;The Hague = s-Gravenhage;The Hague = s-Gravenhage;;;;;;;
NL;THO;Tholen;Tholen;;1-3-----;RL;9501;;;
NL;TIE;Tiel;Tiel;;-23-----;AF;9602;;;
NL;TLB;Tilburg;Tilburg;;-23-----;AF;9602;;;
NL;TKW;Tjerkwerd;Tjerkwerd;;1-3-----;RN;0501;;5303N 00530E;
NL;TLD;Toldijk;Toldijk;;--3-----;RL;0103;;5203N 00613E;
NL;TKM;Tolkamer;Tolkamer;;1-3-----;RN;0501;;5151N 00606E;
NL;TOK;Tollebeek;Tollebeek;;1-3-----;RN;0501;;5241N 00541E;
NL;TOR;Torontostraat;Torontostraat;;1-3-----;RQ;0207;;;
NL;TRC;Tricht;Tricht;;--3-----;RL;0701;;5153N 00516E;
NL;TBB;Tubbergen;Tubbergen;;--3-----;AF;9602;;;
NL;TUL;Tuil;Tuil;;1-3-----;RL;0601;;5149N 00514E;
NL;TUH;Tuitjenhorn;Tuitjenhorn;;--3-----;AF;9602;;;
NL;TWE;Twello;Twello;;--3-----;AF;9602;;;
NL;TNO;Tynaarlo;Tynaarlo;;--3-----;RL;0501;;5305N 00636E;
NL;UDE;Uden;Uden;;--3-----;AF;9602;;;
NL;UDH;Udenhout;Udenhout;;--3-----;AF;9602;;;
NL;UFE;Uffelte;Uffelte;;1-3-----;RN;0501;;5247N 00617E;
NL;UTR;Uitermeer;Uitermeer;;1-3-----;RN;0501;;5218N 00505E;
NL;UTG;Uitgeest;Uitgeest;;123-----;RN;0501;;5232N 00443E;
NL;UIT;Uithoorn;Uithoorn;;--3-----;AF;9602;;;
NL;UTZ;Uithuizen;Uithuizen;;--3-----;AF;9602;;;
NL;ULS;Ulestraten;Ulestraten;;--3-----;AF;9602;;;
NL;ULF;Ulft;Ulft;;--3-----;AF;9602;;;
NL;ULR;Ulrum;Ulrum;;1-------;AF;9602;;;
NL;URK;Urk;Urk;;--3-----;AF;9602;;;
NL;UMO;Urmond;Urmond;;1-3-----;RN;0501;;5100N 00546E;
NL;URS;Ursem;Ursem;;--3-----;AF;9602;;;
NL;UTC;Utrecht;Utrecht;;-234----;AF;9602;;;
NL;VLS;Vaals;Vaals;;--3-----;AF;9602;;;
NL;VAA;Vaassen;Vaassen;;--3-----;AF;9602;;;
NL;VLK;Valkenburg;Valkenburg;;--3-----;RQ;9705;;;
NL;VKS;Valkenisse;Valkenisse;;1-3-----;RL;0307;;5130N 00330E;
NL;VAL;Valkenswaard;Valkenswaard;;--3-----;AF;9602;;;
NL;VNE;Van Essen;Van Essen;;--3-----;AF;9602;;;
NL;VAR;Varsen;Varsen;;1-3-----;RN;0501;;5231N 00623E;
NL;VSR;Varsseveld;Varsseveld;;--3-----;AF;9602;;;
NL;VDM;Veendam;Veendam;;-23-----;AF;9602;;;
NL;VNK;Veendijk;Veendijk;;-23-----;RN;0501;;5245N 00612E;
NL;VEE;Veenendaal;Veenendaal;;--3-----;AF;9602;;;
NL;VNO;Veenoord;Veenoord;;123-----;RN;0501;;5243N 00651E;
NL;VEG;Veghel;Veghel;;--3-----;AF;9602;;;
NL;VDE;Velden;Velden;;--3-----;RL;0701;;5125N 00610E;
NL;VED;Velden;Velden;;--3-----;RL;0607;;5125N 00610E;
NL;VDH;Veldhoven;Veldhoven;;--3-----;AF;9602;ZVH;;
NL;VHA;Veldriel;Veldriel;;--3-----;RL;9805;;;
NL;VEP;Velp;Velp;;--3-----;AF;9602;;;
NL;VEL;Velsen;Velsen;;1-------;AF;9602;;;
NL;VSN;Velsen-Noord;Velsen-Noord;;1-3-----;RN;0501;;5228N 00439E;
NL;VBK;Velserbroek;Velserbroek;;--3-----;RL;9805;;;
NL;VNH;Venhuizen;Venhuizen;;--3-----;AF;9602;;;
NL;VEN;Venlo;Venlo;;-23-----;AF;9602;;;
NL;VLO;Venlo-Autoweg;Venlo-Autoweg;;--3-----;AF;9602;;;
NL;VNR;Venray;Venray;;--3-----;AF;9602;;;
NL;VSM;Vessem;Vessem;;--3-----;RQ;9806;;;
NL;VAN;Vianen;Vianen;;--3-----;AF;9602;;;
NL;VKK;Vierakker;Vierakker;;--3-----;RL;0212;;5206N 00614E;
NL;VIE;Vierlingsbeek;Vierlingsbeek;;1-------;AF;9602;;;
NL;VIJ;Vijfhuizen;Vijfhuizen;;--3-----;RQ;9709;;;
NL;VIV;Vinkeveen;Vinkeveen;;--3-----;AF;9602;;;
NL;VSI;Visvliet;Visvliet;;-23-----;RN;0501;;5316N 00615E;
NL;VLA;Vlaardingen;Vlaardingen;;123-----;AF;9602;;;
NL;VLT;Vleuten;Vleuten;;--3-----;AF;9602;;;
NL;VLL;Vlieland;Vlieland;;1-------;AI;9901;;;
NL;VLM;Vlijmen;Vlijmen;;--3-----;AF;9602;;;
NL;VLI;Vlissingen;Vlissingen;;123-----;AF;9602;;;
NL;VLD;Vlodrop;Vlodrop;;--3-----;AF;9602;;;
NL;VGB;Voetangelbrug;Voetangelbrug;;1-3-----;RQ;0501;;;
NL;VLW;Vogelwaarde;Vogelwaarde;;--3-----;RL;0601;;5119N 00358E;
NL;VOD;Volendam;Volendam;;--3-----;AF;9602;;;
NL;VLE;Volkel;Volkel;;--3-----;RL;0601;;5138N 00539E;
NL;VOB;Voorburg;Voorburg;;--3-----;AF;9602;;;
NL;VOH;Voorhout;Voorhout;;--3-----;AF;9602;;;
NL;VOS;Voorschoten;Voorschoten;;--3-----;AF;9602;;;
NL;VRS;Voorst;Voorst;;--3-----;AF;9602;;;
NL;VHZ;Voorthuizen;Voorthuizen;;--3-----;AF;9602;;;
NL;VFR;Vorden;Vorden;;--3-----;RL;0207;;5206N 00618E;
NL;VDN;Vredenduin;Vredenduin;;1-------;AF;9602;;;
NL;VRD;Vreeland;Vreeland;;--3-----;RL;9805;;;Utrecht
NL;VRZ;Vriezenveen;Vriezenveen;;--3-----;AF;9602;;;
NL;VRH;Vroomshoop;Vroomshoop;;--3-----;AF;9602;;;
NL;VRA;Vrouwenakker;Vrouwenakker;;1-3-----;RN;0501;;5214N 00447E;
NL;VGT;Vught;Vught;;--3-----;AF;9602;;;
NL;VRN;Vuren;Vuren;;0-------;RQ;9705;;;
NL;WAL;Waalhaven;Waalhaven;;0-------;AF;9602;;;
NL;WAA;Waalre;Waalre;;1-------;AF;9602;;;
NL;WLK;Waalwijk;Waalwijk;;--3-----;AF;9602;;;
NL;WDE;Waarde;Waarde;;1-3-----;RQ;0607;;5125N 00403E;
NL;WAB;Waardenburg;Waardenburg;;--3-----;AF;9602;;;
NL;WDN;Waardenburg;Waardenburg;;--3-----;RL;0401;;5150N 00516E;
NL;WDR;Waarder;Waarder;;--3-----;RN;0501;;5204N 00449E;
NL;WRL;Waarland;Waarland;;--3-----;AF;9602;;;
NL;WAD;Waddinxveen;Waddinxveen;;--3-----;AF;9602;;;
NL;WGW;Wageningen;Wageningen;;--3-----;AF;9602;;;
NL;WSO;Walsoorden;Walsoorden;;1-3----B;RL;0212;;5123N 00402E;
NL;WXM;Wamel;Wamel;;--3-----;RL;9805;;;Gelderland
NL;WAJ;Wanroij;Wanroij;;--3-----;AF;9602;;;
NL;WAP;Wapenveld;Wapenveld;;--3-----;AF;9602;;;
NL;WRD;Warder;Warder;;--3-----;AF;9602;;;
NL;WFM;Warffum;Warffum;;--3-----;AF;9602;;;
NL;WHU;Warfhuizen;Warfhuizen;;1-3-----;RN;0501;;5321N 00626E;
NL;WRA;Warga;Warga;;--3-----;RN;0501;;5309N 00550E;
NL;WMH;Warmenhuizen;Warmenhuizen;;--3-----;AF;9602;;;
NL;WRM;Warmond;Warmond;;--3-----;AF;9602;;;
NL;WAR;Warnsveld;Warnsveld;;--3-----;AF;9602;;;
NL;WTN;Warten;Warten;;1-3-----;RQ;0501;;;
NL;WPI;Waspik;Waspik;;--3-----;AF;0607;;5141N 00457E;
NL;WSS;Wassenaar;Wassenaar;;--3-----;AF;9602;;;
NL;WAT;Wateringen;Wateringen;;--3-----;AF;9602;;;
NL;WKS;Weakens;Weakens;;1-3-----;RQ;0501;;;
NL;WRT;Weert;Weert;;-23-----;AF;9602;;;
NL;WSP;Weesp;Weesp;;--3-----;AF;9602;;;
NL;WHO;Wehe-den Hoorn;Wehe-den Hoorn;;1-3-----;RN;0501;;5322N 00625E;
NL;WHL;Wehl;Wehl;;--3-----;RL;9803;;;Gelderland
NL;WDM;Weidum;Weidum;;--3-----;AF;9602;;;
NL;WKO;Wekerom;Wekerom;;--3-----;RL;0701;;5207N 00543E;
NL;WEL;Well;Well;;1-3-----;RN;0501;;5133N 00606E;
NL;WLL;Wellerlooi;Wellerlooi;;--3-----;AF;9602;;;
NL;WRP;Welsrijp;Welsrijp;;123-----;RN;0501;;5310N 00536E;
NL;WED;Wemeldinge;Wemeldinge;;--3-----;AF;9602;;;
NL;WWL;Wenum;Wenum;;--3-----;RL;0701;;5215N 00557E;
NL;WKD;Werkendam;Werkendam;;1-------;AF;9602;;;
NL;WHT;Wernhout;Wernhout;;--3-----;AF;9602;;;
NL;WEH;Wervershoof;Wervershoof;;--3-----;AF;9602;;;
NL;WSM;Wessem;Wessem;;--3-----;AF;9602;;;
NL;WBS;Westbeemster;Westbeemster;;--3--6--;RQ;0607;;5234N 00453E;
NL;WDP;Westdorpe;Westdorpe;;--3-----;RL;9805;;;
NL;WBK;Westerbork;Westerbork;;--3-----;RL;0307;;5251N 00636E;
NL;WBR;Westerbroek;Westerbroek;;--3-----;RL;0701;;5311N 00641E;
NL;WGE;Westergeest;Westergeest;;--3-----;RN;0501;;5318N 00605E;
NL;WES;Westerhaar-Vriezenveensewijk;Westerhaar-Vriezenveensewijk;;--3-----;RQ;9704;;;
NL;WHN;Westerhoven;Westerhoven;;--3-----;RL;0601;;5120N 00523E;
NL;WEV;Westervoort;Westervoort;;--3-----;AF;9602;;;
NL;WGD;West-Graftdijk;West-Graftdijk;;1-3-----;RN;0501;;5233N 00447E;
NL;WKP;Westkapelle;Westkapelle;;1-3-----;RQ;0607;;5131N 00326E;
NL;WAM;West-Knollendam;West-Knollendam;;--3-----;RL;0212;;5231N 00447E;
NL;WEM;Westmaas;Westmaas;;--3-----;AF;9602;;;
NL;WTE;West-Terschelling;West-Terschelling;;1-------;AF;9602;;;
NL;WTU;Westwoud;Westwoud;;--3-----;RL;9805;;;Noordholland
NL;WTZ;Westzaan;Westzaan;;123-----;AF;9602;;;
NL;WEU;Weurt;Weurt;;123-----;RN;0501;;5151N 00549E;
NL;WIE;Wier;Wier;;--3-----;RL;0201;;5315N 00537E;
NL;WID;Wierden;Wierden;;--3-----;AF;9602;;;
NL;WRG;Wieringen;Wieringen;;1-3-----;RN;0501;;5254N 00457E;
NL;WGR;Wieringermeer;Wieringermeer;;1-3-----;RN;0501;;5251N 00501E;
NL;WIW;Wieringerwerf;Wieringerwerf;;--3-----;AF;9602;;;
NL;WCH;Wijchen;Wijchen;;--3-----;AF;9602;;;
NL;WWR;Wijde Wormer;Wijde Wormer;;--3-----;AF;9602;;;
NL;WDS;Wijdenes;Wijdenes;;--3-----;AF;9602;;;
NL;WWO;Wijdewormer;Wijdewormer;;--3-----;RN;0501;;5230N 00457E;
NL;WGT;Wijgeest;Wijgeest;;--3-----;RN;0501;;5317N 00608E;
NL;WIJ;Wijhe;Wijhe;;--3-----;AF;9602;;;
NL;WIK;Wijk;Wijk;;--3-----;AF;9602;;;
NL;WKA;Wijk;Wijk;;--3-----;RL;0701;;5204N 00438E;
NL;WBD;Wijk bij Duurstede;Wijk bij Duurstede;;--3-----;AF;9602;;;
NL;WEA;Wijk en Aalburg;Wijk en Aalburg;;--3-----;RL;0212;;5145N 00508E;
NL;WJW;Wijnjewoude;Wijnjewoude;;--3-----;RL;0201;;5303N 00611E;
NL;WLD;Wildervank;Wildervank;;--3-----;AF;9602;;;
NL;WHD;Wilhelminadorp;Wilhelminadorp;;123-----;RN;0501;;5132N 00354E;
NL;WIS;Willemstad;Willemstad;;--3-----;AF;9602;;;
NL;WLN;Wilnis;Wilnis;;--3-----;AF;9602;;;
NL;WNK;Winkel;Winkel;;--3-----;RQ;9705;;;
NL;WSC;Winschoten;Winschoten;;--3-----;AF;9602;;;
NL;WSN;Winssen;Winssen;;--3-----;RL;0701;;5153N 00543E;
NL;WNS;Winsum;Winsum;;123-----;RN;0501;;5320N 00631E;
NL;WTW;Winterswijk;Winterswijk;;-23-----;AF;9602;;;
NL;WIT;Wittelte;Wittelte;;--3-----;RN;0501;;5250N 00618E;
NL;WOR;Woerden;Woerden;;--3-----;AF;9602;;;
NL;WGN;Wognum;Wognum;;--3-----;RQ;9705;;;
NL;WKG;Wolsumerketting;Wolsumerketting;;1-3-----;RQ;0501;;;
NL;WVG;Wolvega;Wolvega;;--3-----;AF;9602;;;
NL;WMS;Wommels;Wommels;;--3-----;RN;0501;;5307N 00535E;
NL;WKU;Workum;Workum;;1-3-----;RL;0307;;5259N 00527E;
NL;WMO;Wormer;Wormer;;--3-----;AF;9602;;;
NL;WRV;Wormerveer;Wormerveer;;--3-----;AF;9602;;;
NL;WDB;Woudenberg;Woudenberg;;--3-----;AF;9602;;;
NL;WCM;Woudrichem;Woudrichem;;--3-----;AF;9602;;;
NL;WSD;Woudsend;Woudsend;;--3-----;RN;0501;;5257N 00538E;
NL;WOU;Wouw;Wouw;;--3-----;AF;9602;;;
NL;YSK;Yerseke;Yerseke;;--3-----;AF;9602;;;
NL;YPG;Ypenburg;Ypenburg;;--3-----;AF;9602;;;
NL;ZAA;Zaandam;Zaandam;;123-----;AF;9602;;;
NL;ZAD;Zaandijk;Zaandijk;;--3-----;AF;9602;;;
NL;ZLK;Zalk;Zalk;;--3-----;AF;9602;;;
NL;ZLB;Zaltbommel;Zaltbommel;;--3-----;AF;9602;;;
NL;ZPO;Zandpol;Zandpol;;1-3-----;RN;0501;;5242N 00652E;
NL;ZDV;Zandvoort;Zandvoort;;--3-----;AF;9602;;;
NL;ZDM;Zeddam;Zeddam;;--3-----;RQ;9709;;;
NL;ZLA;Zeeland;Zeeland;;--3-----;RL;0701;;5142N 00540E;
NL;ZEW;Zeewolde;Zeewolde;;--3-----;RL;0207;;5221N 00533E;
NL;ZIT;Zeist;Zeist;;--3-----;RL;0201;;5205N 00514E;
NL;ZEM;Zelhem;Zelhem;;--3-----;RL;0401;;5200N 00621E;
NL;ZND;Zenderen;Zenderen;;--3-----;AF;9602;;;
NL;ZET;Zetten;Zetten;;--3-----;AF;9602;;;
NL;ZEV;Zevenaar;Zevenaar;;-23-----;AF;9602;;;
NL;ZVB;Zevenbergen;Zevenbergen;;--3-----;AF;9602;;;
NL;ZBK;Zevenbergschen Hoek;Zevenbergschen Hoek;;-23-----;RL;0212;;5140N 00440E;
NL;ZHU;Zevenhuizen (Friesland);Zevenhuizen (Friesland);;--3-----;AF;9602;;;
NL;ZHN;Zevenhuizen (Utrecht);Zevenhuizen (Utrecht);;--3-----;AF;9602;;;
NL;ZIE;Zierikzee;Zierikzee;;1-------;AF;9602;;;
NL;ZPS;Zijpersluis;Zijpersluis;;1-3-----;RN;0501;;5244N 00441E;
NL;ZOE;Zoelen;Zoelen;;--3-----;AF;9602;;;
NL;ZTM;Zoetermeer;Zoetermeer;;--3-----;AF;9602;;;
NL;ZWD;Zoeterwoude-Rijndijk;Zoeterwoude-Rijndijk;;--3-----;AF;9602;;;
NL;ZLD;Zoutelande;Zoutelande;;1-3-----;RQ;0607;;5130N 00328E;
NL;ZOT;Zoutkamp;Zoutkamp;;--3-----;AF;9602;;;
NL;ZBJ;Zuid-Beijerland;Zuid-Beijerland;;--3-----;RN;0501;;5145N 00422E;
NL;ZBO;Zuidbroek;Zuidbroek;;123-----;RN;0501;;5310N 00652E;
NL;ZEI;Zuideinde;Zuideinde;;1-3-----;RQ;0501;;;
NL;ZUL;Zuidland;Zuidland;;--3-----;AF;9602;;;
NL;ZDL;Zuidlaren;Zuidlaren;;1-3-----;RN;0501;;5306N 00641E;
NL;ZWL;Zuidwolde;Zuidwolde;;-23-----;RN;0501;;5316N 00636E;
NL;ZUD;Zundert;Zundert;;--3-----;AF;9602;;;
NL;ZUR;Zurich;Zurich;;--3-----;RL;0701;;5307N 00524E;
NL;ZUT;Zutphen;Zutphen;;-23-----;AF;9602;;;
NL;ZAG;Zwaag;Zwaag;;--3-----;AF;9602;;;
NL;ZGD;Zwaagdijk;Zwaagdijk;;--3-----;AF;9602;;;
NL;ZWE;Zwaagwesteinde;Zwaagwesteinde;;--3-----;AF;9602;;;
NL;ZHO;Zwaanshoek;Zwaanshoek;;1-3-----;RN;0501;;5219N 00437E;
NL;ZMM;Zwammerdam;Zwammerdam;;--3-----;RQ;9705;;;
NL;ZWA;Zwanenburg;Zwanenburg;;--3-----;AF;9602;;;
NL;ZBR;Zwartebroek;Zwartebroek;;--3-----;RL;0701;;5211N 00531E;
NL;ZWB;Zwartenberg;Zwartenberg;;--3-----;RN;0501;;5137N 00439E;
NL;ZWS;Zwartsluis;Zwartsluis;;1-3-----;RL;9811;;;
NL;ZGE;Zwiggelte;Zwiggelte;;--3-----;RL;0407;;5252N 00635E;
NL;ZWI;Zwijndrecht;Zwijndrecht;;123-----;AF;9602;;;
NL;ZWN;Zwinderen;Zwinderen;;1-3-----;RN;0501;;5244N 00641E;
NL;ZWO;Zwolle;Zwolle;;-23-----;AF;9602;;;
