NZ;;.NEW ZEALAND;;;;;;;;
NZ;AKA;Akaroa;Akaroa;CAN;1-------;AC;9601;;;
NZ;ABY;Albany;Albany;AUK;1-3-----;RL;0601;;3643S 17441E;
NZ;ALR;Alexandra;Alexandra;OTA;---4----;AC;9601;;;
NZ;AMZ;Ardmore;Ardmore;AUK;---4----;AC;9601;;;
NZ;ASG;Ashburton;Ashburton;CAN;1--4----;AC;9601;;;
NZ;AKL;Auckland;Auckland;AUK;1--45---;AC;9601;;;
NZ;AVD;Avondale;Avondale;AUK;--3-----;RL;0701;;3653S 17442E;
NZ;BAL;Balclutha;Balclutha;OTA;--3-----;RL;0401;;4614S 16944E;
NZ;BEL;Belfast;Belfast;CAN;--3-----;RQ;0607;;4326S 17238E;
NZ;BHE;Blenheim;Blenheim;MBH;1--4----;AC;9601;;;
NZ;BLU;Bluff;Bluff;STL;123-----;AC;0501;;4636S 16819E;
NZ;BUL;Bulls;Bulls;MWT;--3-----;RL;0307;;4010S 17523E;
NZ;CGE;Cambridge;Cambridge;WKO;--3-----;RQ;9008;;;
NZ;CTN;Carterton;Carterton;WGN;--3-----;RL;0201;;4101S 17533E;
NZ;CHT;Chatham Island;Chatham Island;CAN;---4----;AC;9601;;;
NZ;CHE;Cheviot;Cheviot;CAN;1-------;AC;9601;;;
NZ;CHC;Christchurch;Christchurch;CAN;1--4----;AC;9601;;;
NZ;CLY;Clyde;Clyde;OTA;--3-----;RL;0407;;4511S 16919E;
NZ;CMV;Coromandel;Coromandel;WKO;---4----;AI;0212;;3646S 17530E;
NZ;CRO;Cromwell;Cromwell;OTA;--3-----;RL;0407;;4503S 16914E;
NZ;DAN;Dannevirke;Dannevirke;NTL;123-----;RL;0501;;4012S 17605E;
NZ;DGR;Dargaville;Dargaville;NTL;1--4----;AC;9601;;;
NZ;DPC;Deep Cove;Deep Cove;STL;1-------;AC;9601;;;
NZ;DEV;Devonport;Devonport;AUK;1-------;AC;9601;;;
NZ;DGO;Doubtful Sound;Doubtful Sound;STL;1-------;AC;9601;;;
NZ;DUD;Dunedin;Dunedin;OTA;1234----;AC;0407;;4552S 17030E;
NZ;DUS;Dusky Sound;Dusky Sound;;1-------;RL;0212;;4547S 16628E;
NZ;ERH;Edendale;Edendale;STL;-23-----;RL;0501;;4619S 16847E;
NZ;EDC;Edgecumbe;Edgecumbe;BOP;--3-----;RQ;0607;;3758S 17649E;
NZ;ELM;Eltham;Eltham;TKI;--3-----;RL;0501;;3926S 17418E;
NZ;FLD;Feilding;Feilding;MWT;--3-----;RQ;0607;;4013S 17533E;
NZ;FOR;Fortrose;Fortrose;STL;1-3-----;AC;0401;;4634S 16848E;
NZ;FGL;Fox Glacier;Fox Glacier;WTC;---4----;AI;0212;;4330S 17005E;
NZ;FOX;Foxton;Foxton;MWT;1-------;AC;9601;;;
NZ;FKT;Frankton;Frankton;OTA;1-3-----;RL;0601;;4501S 0000;E;
NZ;WHO;Franz Josef;Franz Josef;WTC;---4----;AI;0212;;4324S 17011E;
NZ;GIS;Gisborne;Gisborne;GIS;1--4----;AC;9601;;;
NZ;GOB;Golden Bay;Golden Bay;TAS;1-------;AC;9601;;;
NZ;GOR;Gore;Gore;STL;--3-----;RL;0201;;4606S 16856E;
NZ;GBZ;Great Barrier Is;Great Barrier Is;AUK;---4----;AC;9601;;;
NZ;GTO;Greerton;Greerton;BOP;--3-----;RQ;0607;;3743N 17607E;
NZ;GMN;Greymouth;Greymouth;WTC;1--4----;AC;9601;;;
NZ;HLZ;Hamilton;Hamilton;WKO;1234----;AC;0701;;3747S 17517E;@Fun@Sub@Coo
NZ;HAS;Hastings;Hastings;HKB;--3-----;RL;9805;NPE;;
NZ;HAW;Hawera;Hawera;MWT;--3-----;RL;0307;;3935S 17420E;
NZ;HDS;Henderson;Henderson;AUK;-23-----;RL;0701;;3652S 17437E;
NZ;HKK;Hokitika;Hokitika;WTC;--34----;AC;0401;;4243S 17058E;
NZ;HOU;Horotiu;Horotiu;WKO;--3-----;RL;0212;;3743S 17512E;
NZ;HLY;Huntly;Huntly;WKO;--3-----;RQ;0607;;3733S 17509E;
NZ;IVC;Invercargill;Invercargill;STL;1--4----;AC;9601;;;
NZ;KAP;Kaiapoi;Kaiapoi;CAN;1-------;AC;9601;;;
NZ;KKO;Kaikohe;Kaikohe;NTL;---4----;AC;9601;;;
NZ;KBZ;Kaikoura;Kaikoura;CAN;1--4----;AC;9601;;;
NZ;KAT;Kaitaia;Kaitaia;NTL;---4----;AC;9601;;;
NZ;KTG;Kaitangata;Kaitangata;OTA;1-------;AC;9601;;;
NZ;KAK;Kakariki;Kakariki;MWT;--3-----;RQ;0607;;4007S 17527E;
NZ;KTK;Katikati;Katikati;BOP;--3-----;RQ;0607;;3732S 17555E;
NZ;KUI;Kawau Island;Kawau Island;AUK;---4----;AI;0212;;3625S 17451E;
NZ;KAW;Kawerau;Kawerau;BOP;--3-----;RQ;0607;;3805S 17641E;
NZ;KKE;Kerikeri;Kerikeri;AUK;---4----;AI;0212;;3513S 17358E;
NZ;KOK;Kokiri;Kokiri;WTC;--3-----;RQ;0607;;4229S 17122E;
NZ;LEV;Levin;Levin;MWT;--3-----;RL;0212;;4038S 17517E;
NZ;LRV;Lorneville;Lorneville;STL;--3-----;RL;0212;;4621S 16821E;
NZ;LYJ;Lower Hutt;Lower Hutt;WGN;--3-----;RL;0212;;4113S 17455E;
NZ;LYT;Lyttelton;Lyttelton;CAN;1-------;AC;9601;;;
NZ;MKW;Makarewa;Makarewa;STL;123-----;RL;0501;;4620S 16821E;
NZ;MNK;Manakau;Manakau;TAS;--3-----;RL;0201;;4043S 17514E;
NZ;KWU;Mansion House;Mansion House;;---4----;AI;0001;;;
NZ;MCY;Manukau City;Manukau City;AUK;--3-----;RL;0701;;3658S 17448E;
NZ;MAP;Marsden Point;Marsden Point;NTL;1-3-----;AC;0401;;3550S 17430E;
NZ;MRB;Martinborough;Martinborough;WGN;--3-----;RL;0607;;4114S 17528E;
NZ;MRT;Marton;Marton;MWT;--3-----;RQ;0607;;4005S 17523E;
NZ;MRO;Masterton;Masterton;;---4----;AI;0001;;;
NZ;MTA;Matamata;Matamata;WKO;--34----;RL;0212;;3749S 17546E;
NZ;MTG;Matangi;Matangi;WKO;--3-----;RQ;0607;;3748S 17524E;
NZ;MTR;Mataura;Mataura;STL;--3-----;RL;0212;;4611S 16852E;
NZ;MNR;Middleton/Christchurch;Middleton/Christchurch;CAN;-23-----;RL;0601;;4333S 0000;E;
NZ;MFN;Milford Sound;Milford Sound;;1-3-----;RL;0212;;4440S 16755E;
NZ;MOE;Moerewa;Moerewa;AUK;--3-----;RL;0001;;;
NZ;MOR;Morrinsville;Morrinsville;WKO;-23-----;RL;0212;;3739S 17532E;
NZ;MZP;Motueka;Motueka;TAS;1--4----;AC;9601;;;
NZ;MON;Mount Cook;Mount Cook;CAN;---4----;AC;9601;;;
NZ;MMU;Mount Maunganui;Mount Maunganui;BOP;1-------;AC;9601;;;
NZ;MWL;Mount Wellington;Mount Wellington;AUK;--3-----;RL;0201;;3655S 17450E;
NZ;NPE;Napier;Napier;HKB;1--4----;AC;9601;;;
NZ;NSN;Nelson;Nelson;NSN;1--4----;AC;9601;;;
NZ;NPL;New Plymouth;New Plymouth;TKI;1--4----;AC;9601;;;
NZ;OAM;Oamaru;Oamaru;OTA;1--4----;AC;9601;;;
NZ;OHA;Ohakea;Ohakea;MWT;---4----;AI;9708;;;
NZ;OHK;Ohakune;Ohakune;MWT;--3-----;RQ;0607;;3924S 17525E;
NZ;OKA;Okarito;Okarito;;1-------;RL;0212;;4314S 17011E;
NZ;ONE;Onehunga (Manukau Harbour);Onehunga (Manukau Harbour);AUK;1-------;AC;9601;;;
NZ;OPX;Opua;Opua;NTL;1-------;AC;0212;;3519S 17407E;
NZ;ORI;Orini;Orini;WKO;--3-----;RL;0307;;3734S 17518E;
NZ;ORR;Otago Harbour;Otago Harbour;OTA;1-------;AC;9601;;;
NZ;OHU;Otahuhu;Otahuhu;AUK;--3-----;RL;0701;;3656S 17450E;
NZ;OTA;Otaki;Otaki;MWT;--3-----;RQ;0607;;4045S 17510E;
NZ;ORH;Otorohanga;Otorohanga;WKO;--3-----;RQ;0607;;3811S 17511E;
NZ;PAE;Paeroa;Paeroa;WKO;-23-----;RL;0607;;3723S 17540E;
NZ;PAI;Paihia;Paihia;NTL;--3-----;RQ;0607;;3517S 17404E;
NZ;PKL;Pakatoa Island;Pakatoa Island;AUK;---4----;AI;0307;;3647S 17512E;
NZ;PMS;Palmerston;Palmerston;OTA;--3-----;RL;0212;;4529S 17043E;
NZ;PMR;Palmerston North;Palmerston North;MWT;---4----;AC;9601;;;
NZ;PPQ;Paraparaumu;Paraparaumu;WGN;---4----;AI;0212;;4055S 17501E;
NZ;PAR;Pareora;Pareora;CAN;123-----;RL;0607;;4429S 17112E;
NZ;PEO;Penrose;Penrose;AUK;1-------;AC;9601;;;
NZ;PCN;Picton;Picton;MBH;1--4----;AC;9601;;;
NZ;POK;Pokeno;Pokeno;AUK;--3-----;RQ;0607;;3714S 17500E;
NZ;PRR;Porirua;Porirua;TAS;--3-----;RL;0201;;4109S 17451E;
NZ;POE;Port Chalmers;Port Chalmers;OTA;1-------;AC;0212;;4549S 17036E;
NZ;GBS;Port Fitzroy;Port Fitzroy;AUK;---4----;AI;0212;;3610S 17521E;
NZ;NPL;Port Taranaki/New Plymouth;Port Taranaki/New Plymouth;TKI;1--4----;AC;9601;;;
NZ;PKK;Pukekohe;Pukekohe;AUK;--3-----;RL;0212;;3712S 17457E;
NZ;PKR;Pukeuri Junction;Pukeuri Junction;STL;123-----;RL;0501;;4502S 17102E;
NZ;PTR;Putaruru;Putaruru;WKO;--3-----;RQ;0607;;3802S 17546E;
NZ;ZQN;Queenstown;Queenstown;OTA;---4----;AC;9601;;;
NZ;RAG;Raglan;Raglan;WKO;--34----;AC;0401;;3740S 17500E;
NZ;RGO;Rangiora;Rangiora;CAN;--3-----;RQ;0607;;4317S 17236E;
NZ;RAU;Rangiuru;Rangiuru;BOP;--3-----;RL;9901;;;
NZ;RAV;Ravensbourne;Ravensbourne;OTA;123-----;RL;0212;;4552S 17033E;
NZ;RNW;Renwick;Renwick;MBH;--3-----;RQ;0607;;4130S 17349E;
NZ;RMD;Richmond;Richmond;NSN;--3-----;RQ;0607;;4120S 17311E;
NZ;ROT;Rotorua;Rotorua;BOP;--34----;AC;0401;;3810S 17620E;
NZ;RXB;Roxburgh;Roxburgh;OTA;--3-----;RQ;0607;;4532S 16918E;
NZ;RUS;Russel;Russel;;1-3-----;RL;0212;;3516S 17407E;
NZ;SMF;Smithfield;Smithfield;;1-3-----;RL;0501;;4422S 17114E;
NZ;SBN;Sockburn;Sockburn;;--3-----;RL;0501;;4332S 17233E;
NZ;YGC;Spring Creek;Spring Creek;MBH;--3-----;RL;0201;;4128S 17358E;
NZ;SZS;Stewart Island;Stewart Island;STL;---4----;AI;0212;;4700S 16800E;
NZ;STR;Stratford;Stratford;;-23-----;RL;0212;;3920S 17417E;
NZ;WIK;Surfdale;Surfdale;AUK;---4----;AI;0212;;3647S 17500E;
NZ;THH;Taharoa;Taharoa;WKO;---4----;AC;9601;;;
NZ;THP;Taihape;Taihape;MWT;--3-----;RQ;0607;;3940S 17547E;
NZ;KTF;Takaka;Takaka;TAS;1-34----;AC;0401;;4051S 17248E;
NZ;TKU;Takapau;Takapau;HKB;--3-----;RL;9901;;;
NZ;TDA;Taradale;Taradale;HKB;--3-----;RL;0701;;3932S 17651E;
NZ;TKH;Tarakohe;Tarakohe;TAS;1-------;AC;9601;;;
NZ;TAU;Taumarunui;Taumarunui;TKI;-23-----;RL;0212;;3853S 17515E;
NZ;TUO;Taupo;Taupo;WKO;---4----;AC;9601;;;
NZ;TRG;Tauranga;Tauranga;BOP;1234----;AI;0507;;3741S 17610E;
NZ;TEU;Te Anau;Te Anau;STL;---4----;AC;9601;;;
NZ;TAR;Te Aroha;Te Aroha;BOP;--3-----;RQ;0607;;3732S 17542E;
NZ;TAW;Te Awamutu;Te Awamutu;WKO;--3-----;RQ;0607;;3800S 17518E;
NZ;TEK;Te Kauwhata;Te Kauwhata;WKO;--3-----;RL;0201;;3723S 17508E;
NZ;TKI;Te Kuiti;Te Kuiti;WKO;--3-----;RL;0701;;3819S 17509E;@Sta
NZ;TPK;Te Puke;Te Puke;BOP;--3-----;RQ;0607;;3747S 17623E;
NZ;TPN;Te Puna;Te Puna;BOP;--3-----;RQ;0607;;3740S 17604E;
NZ;TKA;Temuka;Temuka;CAN;--3-----;RL;0212;;4415S 17116E;Clandeboye
NZ;TMZ;Thames;Thames;WKO;1--4----;AC;9601;;;
NZ;TIU;Timaru;Timaru;CAN;1--4----;AC;9601;;;
NZ;TWI;Tiwai Point/Bluff Port;Tiwai Point/Bluff Port;;1-3-----;RL;0601;;4635S 16821E;
NZ;TKZ;Tokoroa;Tokoroa;WKO;---4----;AI;0212;;3814S 17552E;
NZ;TOA;Tomoana;Tomoana;HKB;--3-----;RQ;0607;;3937S 17651E;
NZ;UBA;Upper Hutt;Upper Hutt;WGN;--3-----;RL;0212;;4107S 17504E;
NZ;WAT;Waharoa;Waharoa;WKO;1-------;AC;9601;;;
NZ;WHI;Waihi;Waihi;BOP;--3-----;RL;0201;;3723S 17550E;
NZ;WKI;Waikari;Waikari;CAN;1-3-----;AC;0401;;4258S 17241E;
NZ;WKW;Waikawa;Waikawa;STL;1-3-----;AC;0307;;4638S 16908E;
NZ;WAO;Waiouru;Waiouru;MWT;-23-----;RL;0607;;3928S 17540E;
NZ;WJL;Waipukurau;Waipukurau;HKB;--3-----;RL;0212;;4000S 17634E;
NZ;WAR;Wairau Valley;Wairau Valley;MBH;1-3-----;AC;0401;;4134S 17332E;
NZ;WIR;Wairoa;Wairoa;HKB;1--4----;AC;9601;;;
NZ;WTI;Waitaki;Waitaki;CAN;1-------;AC;9601;;;
NZ;WTG;Waitangi;Waitangi;NTL;1-------;RQ;9709;;;
NZ;WTA;Waitara;Waitara;TKI;--3-----;RQ;0607;;3900S 17413E;
NZ;WAA;Waitoa;Waitoa;WKO;--3-----;RL;9901;;;
NZ;WAI;Waitotara;Waitotara;MWT;--3-----;RL;0201;;3948S 17443E;
NZ;WUK;Waiuku;Waiuku;AUK;--3-----;RQ;0607;;3714S 17443E;
NZ;WKA;Wanaka;Wanaka;OTA;---4----;AI;0212;;4442S 16909E;
NZ;WAG;Wanganui;Wanganui;MWT;1--4----;AC;9601;;;
NZ;WWA;Warkworth;Warkworth;AUK;1-------;AC;9601;;;
NZ;WDY;Washdyke;Washdyke;CAN;--3-----;RL;0701;;4421S 17140E;@Sta
NZ;WAV;Waverley Harbour;Waverley Harbour;TKI;1-------;AC;9601;;;
NZ;WLG;Wellington;Wellington;WGN;1--4----;AC;9601;;;
NZ;WLF;Wellsford;Wellsford;NTL;--3-----;RQ;0607;;3617S 17431E;
NZ;WSZ;Westport;Westport;WTC;1--4----;AC;9601;;;
NZ;WHK;Whakatane;Whakatane;BOP;---4----;AC;9601;;;
NZ;WHA;Whakatu;Whakatu;HKB;--3-----;RQ;0607;;3936S 17653E;
NZ;WHN;Whangaparapara;Whangaparapara;AUK;1-------;AC;9601;;;
NZ;WRE;Whangarei;Whangarei;NTL;1--4----;AC;9601;;;
NZ;WHE;Whekenui;Whekenui;MBH;1-------;AC;9601;;;
NZ;WNP;Whenuapai;Whenuapai;AUK;---4----;RQ;9709;;;
NZ;WTZ;Whitianga;Whitianga;WKO;---4----;AI;0212;;3650S 17542E;
NZ;WNT;Winton;Winton;STL;--3-----;RQ;0607;;4608S 16819E;
NZ;WII;Wiri;Wiri;AUK;--3-----;RQ;8909;;;
NZ;WYH;Wyndham;Wyndham;STL;--3-----;RQ;0607;;4619S 16851E;
