AU;;.AUSTRALIA;;;;;;;;
AU;ABP;Abbot Point;Abbot Point;QL;1-------;AC;9511;;;
AU;ABG;Abingdon;Abingdon;QL;---4----;AI;9601;;;
AU;ACA;Acacia Ridge;Acacia Ridge;QL;--3-----;RL;0607;;2735S 15301E;
AU;ADL;Adelaide;Adelaide;SA;12345---;AC;0307;;3455S 13835E;
AU;ADA;Adelaide Apt;Adelaide Apt;SA;---4----;AC;9511;;;
AU;ALO;Adelong;Adelong;NS;--3-----;RL;0607;;3519S 14804E;
AU;AGW;Agnew;Agnew;QL;---4----;AI;9601;;;
AU;WSY;Airlie Beach;Airlie Beach;QL;---4----;AI;9912;;;
AU;AIR;Airlie Terminal;Airlie Terminal;WA;1-------;RL;0212;;2120S 11510E;Airlie Island
AU;ALH;Albany;Albany;WA;1--4----;AC;9511;;;
AU;APK;Albion Park;Albion Park;NS;--3-----;RL;0607;;3434S 15047E;
AU;ABX;Albury;Albury;NS;-234----;AI;0307;;3605S 14655E;
AU;ALX;Alexandria;Alexandria;NS;--3-----;RL;0201;;3354S 15113E;
AU;AXL;Alexandria;Alexandria;NT;---4----;AI;9601;;;
AU;ASP;Alice Springs;Alice Springs;NT;---4----;AI;9601;;;
AU;ABH;Alpha;Alpha;QL;---4----;AI;9601;;;
AU;AYD;Alroy Downs;Alroy Downs;NT;---4----;AI;9912;;;
AU;AVI;Alstonville;Alstonville;NS;--3-----;RL;0607;;2850S 15326E;
AU;AWN;Alton Downs;Alton Downs;SA;---4----;AI;9912;;;
AU;ALT;Altona;Altona;;--3-----;RQ;9511;;;
AU;ATO;Altona North;Altona North;VI;-----6--;RL;0601;;3749S 14450E;
AU;AMT;Amata;Amata;NT;---4----;AI;9912;;;
AU;ABL;Amberley;Amberley;QL;---4----;AC;9709;;;
AU;RCN;American River;American River;SA;---4----;AI;9912;;;
AU;AMX;Ammaroo;Ammaroo;NT;---4----;AI;9912;;;
AU;ADO;Andamooka;Andamooka;SA;---4----;AI;9601;;;
AU;AND;Andrews;Andrews;QL;-23-----;RL;0607;;3336S 13838E;
AU;ANZ;Angus Downs;Angus Downs;NT;---4----;AI;9912;;;
AU;AYL;Anthony Lagoon;Anthony Lagoon;NT;---4----;AI;9912;;;
AU;AXC;Aramac;Aramac;QL;---4----;AI;9601;;;
AU;ARY;Ararat;Ararat;VI;---4----;AI;9912;;;
AU;AFL;Archerfield;Archerfield;QL;-23-----;RL;0701;;2734S 15301E;
AU;ATA;Ardlethan;Ardlethan;NS;-23-----;RL;0607;;3421S 14654E;
AU;ARD;Ardrossan;Ardrossan;SA;1-------;AC;9511;;;
AU;GYL;Argyle;Argyle;WA;---4----;AI;9912;;;
AU;AGY;Argyle Downs;Argyle Downs;WA;---4----;AI;9912;;;
AU;ARM;Armidale;Armidale;NS;---4----;AI;9601;;;
AU;ARC;Arncliffe;Arncliffe;NS;--3-----;RL;0307;;3356S 15108E;
AU;AAB;Arrabury;Arrabury;QL;---4----;AI;9912;;;
AU;ARL;Arundel;Arundel;QL;--3-----;RQ;0207;;;
AU;ACO;Ascot;Ascot;WA;-----6--;RL;0601;;3156S 11555E;
AU;ASC;Ashgrove/Brisbane;Ashgrove/Brisbane;QL;--3-----;RL;0106;;2726S 15258E;
AU;AGS;Augusta;Augusta;WA;1-3-----;RL;0607;;3419S 11510E;
AU;AUD;Augustus Downs;Augustus Downs;QL;---4----;AI;9912;;;
AU;RSE;Au-Rose Bay;Au-Rose Bay;NS;---4----;AI;9912;;;
AU;AUU;Aurukun Mission;Aurukun Mission;QL;---4----;AI;9912;;;
AU;AWP;Austral Downs;Austral Downs;NT;---4----;AI;9912;;;
AU;ALI;Australind;Australind;WA;1-3-----;RL;0607;;3317S 11543E;
AU;AVG;Auvergne;Auvergne;NT;---4----;AI;9912;;;
AU;AVV;Avalon;Avalon;VI;---4----;AC;9701;;;
AU;AYQ;Ayers Rock;Ayers Rock;NT;---4----;AI;9601;;;
AU;AYR;Ayr;Ayr;QL;---4----;AI;9912;;;
AU;BDD;Badu Island;Badu Island;QL;---4----;AI;9912;;;
AU;BSJ;Bairnsdale;Bairnsdale;VI;---4----;AI;9601;;;
AU;BAK;Bakers Creek;Bakers Creek;QL;--3-----;UR;9701;;;
AU;LCN;Balcanoona;Balcanoona;SA;---4----;AI;9912;;;
AU;BTT;Balcatta;Balcatta;WA;--3-----;RL;0601;;3151S 11551E;
AU;BQW;Balgo Hills;Balgo Hills;WA;---4----;AI;9601;;;
AU;BWL;Balgowlah;Balgowlah;NS;--3-----;RL;0607;;3348S 15115E;
AU;BQA;Ballarat;Ballarat;VI;-23-----;UR;9701;;;
AU;BAH;Ballast Head;Ballast Head;SA;1-------;AC;8203;;;
AU;BNK;Ballina;Ballina;NS;1--4----;AC;9511;;;
AU;BZD;Balranald;Balranald;NS;---4----;AI;9912;;;
AU;ABM;Bamaga;Bamaga;QL;---4----;AI;9912;;;
AU;BGW;Bangalow;Bangalow;NS;-23-----;RL;0607;;2841S 15331E;
AU;BYX;Baniyala;Baniyala;NT;---4----;AI;9912;;;
AU;BWU;Bankstown;Bankstown;NS;---4----;AC;9511;;;
AU;BCI;Barcaldine;Barcaldine;QL;---4----;AI;9601;;;
AU;BRL;Barellan;Barellan;NS;-23-----;RL;0607;;3418S 14634E;
AU;BKP;Barkly Downs;Barkly Downs;QL;---4----;AI;9912;;;
AU;BWB;Barrow Island;Barrow Island;WA;1--4----;AC;9511;;;
AU;BVW;Batavia Downs;Batavia Downs;QL;---4----;AI;9912;;;
AU;BHS;Bathurst;Bathurst;NS;---4----;AI;9601;;;
AU;BRT;Bathurst Island;Bathurst Island;NT;1--4----;AI;9601;;;
AU;BTO;Batlow;Batlow;NS;--3-----;RL;0607;;3531S 14808E;
AU;BKH;Baulkham Hills;Baulkham Hills;NS;--3-----;RL;0607;;3345S 15100E;
AU;BXT;Baxter;Baxter;VI;-23--6--;RL;0607;;3812S 14509E;
AU;BYS;Bayswater;Bayswater;VI;--3-----;RL;0201;;3750S 14519E;
AU;BCH;Beachport;Beachport;SA;1-------;AC;9511;;;
AU;BEE;Beagle Bay;Beagle Bay;WA;---4----;AI;9912;;;
AU;BDS;Beaudesert;Beaudesert;QL;0-------;RQ;9601;;;
AU;BYP;Beauty Point;Beauty Point;TS;1-------;AC;9511;;;
AU;BKO;Beckom;Beckom;NS;-23-----;RL;0607;;3420S 14658E;
AU;BDW;Bedford Downs;Bedford Downs;WA;---4----;AI;9912;;;
AU;BEU;Bedourie;Bedourie;QL;---4----;AI;9912;;;
AU;BLG;Beenleigh;Beenleigh;QL;-23-----;RL;0607;;2743S 15312E;
AU;BEL;Bell Bay;Bell Bay;TS;123-----;AC;9511;;;
AU;BEO;Belmont;Belmont;NS;---4----;AI;9912;;;
AU;BEM;Belmore;Belmore;NS;-23-----;RL;0701;;3355S 15106E;
AU;BMK;Bemboka;Bemboka;NS;--3-----;RL;0607;;3638S 14934E;
AU;BLN;Benalla;Benalla;VI;-2------;RL;9901;;;
AU;BCB;Bencubbin;Bencubbin;WA;-23-----;RL;0607;;3049S 11751E;
AU;BMU;Bendick Murrell;Bendick Murrell;NS;-23-----;RL;0607;;3410S 14827E;
AU;BDG;Bendigo;Bendigo;VI;--34----;AI;9701;BXG;;
AU;BER;Berri;Berri;SA;0-------;AC;9511;;;
AU;BRD;Berridale;Berridale;NS;--3-----;RL;0607;;3622S 14849E;
AU;BRG;Berrigan;Berrigan;NS;--3-----;RL;0607;;3540S 14549E;
AU;BTX;Betoota;Betoota;QL;---4----;AI;9912;;;
AU;BVS;Beverley;Beverley;SA;-23-----;RL;0601;;3453S 13832E;
AU;BVZ;Beverley Springs;Beverley Springs;WA;---4----;AI;9912;;;
AU;BBU;Bibbenluke;Bibbenluke;NS;--3-----;RL;0607;;3649S 14917E;
AU;BLA;Bibra Lake;Bibra Lake;WA;-23--6--;RL;0607;;3204S 11549E;
AU;BCZ;Bickerton Island;Bickerton Island;NT;---4----;AI;9912;;;
AU;BBE;Big Bell;Big Bell;WA;---4----;AI;9912;;;
AU;BIW;Billiluna;Billiluna;WA;---4----;AI;9912;;;
AU;BLO;Biloela;Biloela;QL;--34----;AC;9511;;;
AU;BNG;Binalong;Binalong;NS;-23-----;RL;0607;;3440S 14838E;
AU;BBG;Bing Bong;Bing Bong;NT;1-------;RL;0212;;1536S 13621E;
AU;BBR;Binna Burra;Binna Burra;NS;-23-----;RL;0607;;2842S 15330E;
AU;BYA;Binya;Binya;NS;-23-----;RL;0607;;3414S 14621E;
AU;BVI;Birdsville;Birdsville;QL;---4----;AC;9511;;;
AU;BZP;Bizant;Bizant;QL;---4----;AI;9912;;;
AU;BKQ;Blackall;Blackall;QL;---4----;AI;9601;;;
AU;BCO;Blacktown;Blacktown;NS;-23--6--;RL;0607;;3346S 15054E;
AU;BLT;Blackwater;Blackwater;QL;---4----;AI;9601;;;
AU;BNY;Blayney;Blayney;NS;123--6--;RL;0601;;3332S 14915E;
AU;BGY;Blighty;Blighty;NS;--3-----;RL;0607;;3535S 14521E;
AU;BFC;Bloomfield;Bloomfield;QL;---4----;AI;9912;;;
AU;GIC;Boigu Island;Boigu Island;QL;---4----;AI;9912;;;
AU;BLS;Bollon;Bollon;QL;---4----;AI;9601;;;
AU;BCK;Bolwarra;Bolwarra;QL;---4----;AI;9912;;;
AU;BMA;Bombala;Bombala;NS;--3-----;RL;0607;;3655S 14914E;
AU;BJT;Bondi Junction;Bondi Junction;NS;-23-----;RL;0701;;3353S 15114E;
AU;BEV;Bonnie Vale;Bonnie Vale;WA;-23-----;RL;0607;;3050S 12111E;
AU;BOO;Booby Island;Booby Island;QL;1-3-----;RL;0307;;1036S 14155E;
AU;BOX;Borroloola;Borroloola;NT;---4----;AI;9912;;;
AU;BTB;Botany Bay;Botany Bay;NS;1-------;AC;9511;;;
AU;BQL;Boulia;Boulia;QL;---4----;AI;9912;;;
AU;BRK;Bourke;Bourke;NS;---4----;AI;9601;;;
AU;ZBO;Bowen;Bowen;QL;1--4----;AC;9511;;;
AU;BWG;Bowning;Bowning;NS;-23-----;RL;0607;;3446S 14849E;
AU;BWA;Bowral;Bowral;NS;-23-----;RL;0607;;3428S 15025E;
AU;BYU;Boyanup;Boyanup;WA;-23-----;RL;0607;;3329S 11543E;
AU;BYB;Boyup Brook;Boyup Brook;WA;-23-----;RL;0607;;3350S 11623E;
AU;BMP;Brampton;Brampton;QL;---4----;AC;8203;;;
AU;BBY;Bremer Bay;Bremer Bay;WA;1-3-----;RL;0701;;3423S 11922E;
AU;BDE;Brendale;Brendale;QL;--3-----;RL;0607;;2719S 15258E;
AU;BWQ;Brewarrina;Brewarrina;NS;---4----;AI;9601;;;
AU;BGT;Bridgetown;Bridgetown;WA;-23-----;RL;0607;;3358S 11608E;
AU;BRI;Brigalow;Brigalow;NS;--3-----;RL;0607;;3110S 14847E;
AU;BRJ;Bright;Bright;VI;---4----;AI;9912;;;
AU;BHT;Brighton Downs;Brighton Downs;QL;---4----;AI;9912;;;
AU;BNE;Brisbane;Brisbane;QL;12345---;AC;0307;;2728S 15301E;
AU;BRA;Brisbane Apt;Brisbane Apt;QL;---4----;AC;9511;;;
AU;BMD;Broadmeadows;Broadmeadows;NS;--3-----;RL;0607;;2951S 15218E;
AU;BMW;Broadmeadows;Broadmeadows;VI;1-------;AC;9511;;;
AU;BHQ;Broken Hill;Broken Hill;NS;---4----;AI;9601;;;
AU;BKL;Brooklyn;Brooklyn;VI;-23-----;RL;0601;;3749S 14450E;
AU;BKT;Brookton;Brookton;WA;-23-----;RL;0607;;3223S 11700E;
AU;BVE;Brookvale/Sidney;Brookvale/Sidney;NS;--3--6--;RL;0501;;3345S 15116E;
AU;BVL;Brookville;Brookville;VI;--3-----;RL;0201;;3719S 14736E;
AU;BME;Broome;Broome;WA;1--4----;AI;9601;;;
AU;BTD;Brunette Downs;Brunette Downs;NT;---4----;AI;9912;;;
AU;BRU;Brunswich;Brunswich;VI;-23-----;RL;0601;;3746S 14457E;
AU;BUV;Buffalo Venture;Buffalo Venture;NT;1-------;AC;0501;;;
AU;BDA;Bulahdelah;Bulahdelah;NS;--3-----;RL;0607;;3225S 15212E;
AU;BIP;Bulimba;Bulimba;QL;---4----;AI;9601;;;
AU;BUL;Bulli;Bulli;NS;1-3-----;RL;0601;;3418S 15055E;
AU;BWI;Bulwer;Bulwer;QL;1-------;RL;0401;;2704S 15322E;
AU;BUY;Bunbury;Bunbury;WA;1--4----;AC;9511;;;
AU;BDB;Bundaberg;Bundaberg;QL;1--4----;AC;9511;;;
AU;BND;Bundall;Bundall;QL;0-------;RQ;9506;;;
AU;BDM;Bundamba;Bundamba;QL;--3-----;RL;0607;;2737S 15248E;
AU;BLW;Bungalow;Bungalow;QL;0-------;UR;9701;;;
AU;BGA;Bungwahl;Bungwahl;NS;--3-----;RL;0607;;3223S 15226E;
AU;BUC;Burketown;Burketown;QL;1-34----;AI;0212;;1744S 13932E;
AU;BLH;Burleigh Heads;Burleigh Heads;QL;--3-----;RL;0607;;2806S 15327E;
AU;BWT;Burnie;Burnie;TS;1--4----;AC;9511;;;
AU;BJU;Burren Junction;Burren Junction;NS;-23-----;RL;0607;;3006S 14858E;
AU;BGB;Burringbar;Burringbar;NS;--3-----;RL;0607;;2826S 15329E;
AU;BUS;Busselton;Busselton;WA;1-------;AC;8203;;;
AU;CGV;Caiguna;Caiguna;WA;---4----;AI;9912;;;
AU;CNS;Cairns;Cairns;QL;1--4----;AC;9511;;;
AU;CUD;Caloundra;Caloundra;QL;---4----;AI;9601;;;
AU;CAL;Caloundra Head;Caloundra Head;QL;1-------;AC;9511;;;
AU;CDU;Camden;Camden;NS;---4----;AI;9912;;;
AU;CIA;Camellia;Camellia;NS;-23-----;RL;0607;;3349S 15101E;
AU;CFI;Camfield;Camfield;NT;---4----;AI;9912;;;
AU;CML;Camooweal;Camooweal;QL;---4----;AI;9601;;;
AU;CFL;Campbellfield;Campbellfield;VI;0-------;UR;9701;;;
AU;CBN;Campbelltown;Campbelltown;NS;--3-----;RL;9811;;;
AU;CBR;Canberra;Canberra;CT;1--45---;AC;9511;;;
AU;CNN;Canning Vale/Perth;Canning Vale/Perth;WA;--3-----;RL;0106;;3204S 11556E;
AU;CAH;Cannon Hill;Cannon Hill;QL;-23-----;RL;0607;;2728S 15305E;
AU;CBY;Canobie;Canobie;QL;---4----;AI;9912;;;
AU;CBI;Cape Barren Island;Cape Barren Island;TS;---4----;AI;9912;;;
AU;CCU;Cape Cuvier;Cape Cuvier;WA;1-------;AC;9511;;;
AU;CQP;Cape Flattery;Cape Flattery;QL;1-------;AI;9401;;;
AU;CLT;Cape Lambert;Cape Lambert;WA;1-------;AC;9511;;;
AU;CLN;Cape Leeuwin;Cape Leeuwin;WA;1-------;AC;9511;;;
AU;CPN;Cape Preston;Cape Preston;WA;1-------;AC;9511;;;
AU;CPL;Capel;Capel;WA;-23-----;RL;0607;;3334S 11534E;
AU;CRG;Caringbah;Caringbah;NS;-23--6--;RL;0501;;3403S 15108E;
AU;CRY;Carlton Hill;Carlton Hill;WA;---4----;AI;9912;;;
AU;CVQ;Carnarvon;Carnarvon;WA;1--4----;AC;9511;;;
AU;CFP;Carpentaria Downs;Carpentaria Downs;QL;---4----;AI;9912;;;
AU;CRA;Carrara;Carrara;QL;--3-----;RL;0701;;2801S 15322E;
AU;CAD;Carrum Downs;Carrum Downs;VI;--3-----;RL;0601;;3805S 14511E;
AU;CSI;Casino;Casino;NS;---4----;AI;9601;;;
AU;CTB;Cataby;Cataby;WA;--3-----;RL;0607;;3043S 11530E;
AU;CHB;Catherine Hill Bay;Catherine Hill Bay;NS;1-------;AC;9511;;;
AU;CTR;Cattle Creek;Cattle Creek;NT;---4----;AI;9912;;;
AU;CED;Ceduna;Ceduna;SA;---4----;AI;9601;;;
AU;CES;Cessnock;Cessnock;NS;---4----;AI;9912;;;
AU;CHD;Chadstone/Melbourne;Chadstone/Melbourne;VI;-23-----;RL;0201;;3753S 14504E;
AU;CHV;Challis Venture (oil terminal);Challis Venture (oil terminal);NT;1-------;AC;9701;;;
AU;CTL;Charleville;Charleville;QL;---4----;AI;9601;;;
AU;CXT;Charters Towers;Charters Towers;QL;---4----;AI;9601;;;
AU;CHA;Chatswood;Chatswood;NS;1-3-----;RQ;9806;;;
AU;CWI;Chatsworth Island;Chatsworth Island;NS;--3-----;RL;0607;;2923S 15314E;
AU;CHL;Cheltenham/Melbourne;Cheltenham/Melbourne;VI;--3-----;RL;0106;;3758S 14502E;
AU;CBC;Cherrabun;Cherrabun;WA;---4----;AI;9601;;;
AU;CRH;Cherribah;Cherribah;QL;---4----;AI;9912;;;
AU;LLG;Chillagoe;Chillagoe;QL;---4----;AI;9912;;;
AU;CCL;Chinchilla;Chinchilla;QL;---4----;AI;9912;;;
AU;CHN;Chipping Norton;Chipping Norton;NS;--3-----;RL;0401;;3354S 15057E;
AU;CXQ;Christmas Creek;Christmas Creek;WA;---4----;AI;9912;;;
AU;CHU;Chullora;Chullora;NS;-23-----;RL;0401;;3354S 15103E;
AU;CLR;Clarence River;Clarence River;NS;1-------;AC;9511;;;
AU;CLY;Clayton/Melbourne;Clayton/Melbourne;VI;--3-----;RL;0307;;3755S 14507E;
AU;CMQ;Clermont;Clermont;QL;---4----;AI;9601;;;
AU;CVC;Cleve;Cleve;SA;---4----;AI;9601;;;
AU;CVN;Cleveland;Cleveland;QL;1-3--6--;RL;0607;;2732S 15316E;
AU;CFH;Clifton Hills;Clifton Hills;SA;---4----;AI;9912;;;
AU;CNJ;Cloncurry;Cloncurry;QL;---4----;AI;9601;;;
AU;CLP;Clovelly Park;Clovelly Park;SA;--3-----;RL;0607;;3500S 13834E;
AU;CLU;Clunes;Clunes;NS;--3-----;RL;0607;;2844S 15325E;
AU;CZY;Cluny;Cluny;QL;---4----;AI;9912;;;
AU;CAZ;Cobar;Cobar;NS;---4----;AI;9601;;;
AU;CBG;Coburg;Coburg;VI;-23--6--;RL;0501;;3745S 14458E;
AU;CNC;Coconut Island;Coconut Island;QL;---4----;AI;9912;;;
AU;CUQ;Coen;Coen;QL;---4----;AI;9912;;;
AU;CFS;Coffs Harbour;Coffs Harbour;NS;1--4----;AC;9511;;;
AU;XCO;Colac;Colac;VI;---4----;AI;9912;;;
AU;CON;Colbinabbin;Colbinabbin;VI;-23-----;RL;0701;;3636S 14447E;
AU;CLL;Collan Islands;Collan Islands;WA;1-------;AC;9511;;;
AU;CRB;Collarenebri;Collarenebri;NS;---4----;AI;9912;;;
AU;CIE;Collie;Collie;WA;---4----;AI;9912;;;
AU;KCE;Collinsville;Collinsville;QL;---4----;AI;9601;;;
AU;CBX;Condobolin;Condobolin;NS;---4----;AI;9601;;;
AU;CPD;Coober Pedy;Coober Pedy;SA;---4----;AI;9601;;;
AU;CDA;Cooinda;Cooinda;NT;---4----;AI;9912;;;
AU;CTN;Cooktown;Cooktown;QL;1--4----;AC;9511;;;
AU;CLB;Coolabah;Coolabah;NS;-23-----;RL;0607;;3101S 14642E;
AU;CLH;Coolah;Coolah;NS;---4----;AI;9912;;;
AU;CLA;Coolamon;Coolamon;NS;-23-----;RL;0607;;3449S 14712E;
AU;COY;Coolawanyah;Coolawanyah;WA;---4----;AI;9912;;;
AU;CGA;Coolgardie;Coolgardie;WA;-23-----;RL;0607;;3057S 12109E;
AU;COB;Coolibah;Coolibah;NT;---4----;AI;0307;;1534S 13058E;
AU;COM;Cooma;Cooma;NS;---4----;AC;8203;;;
AU;COO;Coomera;Coomera;QL;123-----;RL;0501;;2753S 15318E;
AU;COJ;Coonabarabran;Coonabarabran;NS;---4----;AI;9912;;;
AU;CNB;Coonamble;Coonamble;NS;---4----;AI;9912;;;
AU;CPS;Coopers Plains;Coopers Plains;QL;--3-----;RL;9805;;;
AU;CRJ;Coorabie;Coorabie;SA;---4----;AI;9912;;;
AU;CMD;Cootamundra;Cootamundra;NS;---4----;AI;9601;;;
AU;CRS;Coral Sea;Coral Sea;;1--4----;RL;0212;;1905S 15054E;
AU;ODL;Cordillo Downs;Cordillo Downs;SA;---4----;AI;9912;;;
AU;CBA;Corio Bay;Corio Bay;VI;1-------;AC;0307;;3807S 14426E;
AU;CWW;Corowa;Corowa;NS;---4----;AI;9601;;;
AU;CYG;Corryong;Corryong;VI;---4----;AI;9912;;;
AU;COP;Cossack Pioneer (oil terminal);Cossack Pioneer (oil terminal);WA;1-------;AC;9701;;;
AU;CWR;Cowarie;Cowarie;SA;---4----;AI;9912;;;
AU;CCW;Cowell;Cowell;SA;---4----;AI;9912;;;
AU;CWT;Cowra;Cowra;NS;---4----;AI;9601;;;
AU;CVA;Craigieburn;Craigieburn;VI;-23-----;RL;0701;;3736S 14456E;
AU;CSD;Cresswell Downs;Cresswell Downs;NT;---4----;AI;9912;;;
AU;CKI;Croker Island;Croker Island;NT;---4----;AI;9601;;;
AU;CDQ;Croydon;Croydon;QL;---4----;AI;9601;;;
AU;CUG;Cudal;Cudal;NS;---4----;AI;9912;;;
AU;CUY;Cue;Cue;WA;---4----;AI;9601;;;
AU;CLC;Culcairn;Culcairn;NS;-23-----;RL;0607;;3540S 14702E;
AU;CBU;Cullen Bullen;Cullen Bullen;NS;--3-----;RL;0607;;3318S 15002E;
AU;CDI;Cunderdin;Cunderdin;WA;-23-----;RL;0607;;3139S 11714E;
AU;CMA;Cunnamulla;Cunnamulla;QL;---4----;AI;9601;;;
AU;DHL;Daisy Hill;Daisy Hill;QL;--3-----;RQ;0101;;;
AU;DBY;Dalby;Dalby;QL;---4----;AI;9912;;;
AU;DIT;Dalrymple Islet;Dalrymple Islet;;1-------;RL;0201;;0936S 14318E;
AU;DVR;Daly River;Daly River;NT;---4----;AI;9912;;;
AU;DYW;Daly Waters;Daly Waters;NT;---4----;AI;9912;;;
AU;DAM;Dampier;Dampier;WA;1-------;AC;9511;;;
AU;DND;Dandenong;Dandenong;VI;--3-----;RL;9805;;;
AU;DTO;Dapto;Dapto;NS;-23-----;RL;0607;;3430S 15047E;
AU;DTP;Darlington Point;Darlington Point;NS;--3-----;RL;0607;;3434S 14600E;
AU;NLF;Darnley Island;Darnley Island;QL;---4----;AI;9912;;;
AU;DAA;Darra;Darra;QL;1-------;AC;9511;;;
AU;DRW;Darwin;Darwin;NT;12345---;AC;0307;;1227S 13050E;
AU;DAJ;Dauan Island;Dauan Island;QL;---4----;AI;9912;;;
AU;DVP;Davenport Downs;Davenport Downs;QL;---4----;AI;9912;;;
AU;DDI;Daydream Is;Daydream Is;QL;---4----;AC;8203;;;
AU;DLV;Delissaville;Delissaville;NT;---4----;AI;9912;;;
AU;DDN;Delta Downs;Delta Downs;QL;---4----;AI;9912;;;
AU;DNM;Denham;Denham;WA;---4----;AI;9601;;;
AU;DNQ;Deniliquin;Deniliquin;NS;---4----;AI;9601;;;
AU;DMA;Denmark;Denmark;WA;-23-----;RL;0607;;3458S 11721E;
AU;DRB;Derby;Derby;WA;1--4----;AC;9511;;;
AU;DVI;Derrimut;Derrimut;VI;--3-----;RL;0701;;3749S 14444E;
AU;DPO;Devonport;Devonport;TS;1--4----;AC;9511;;;
AU;DYM;Diamantina Lakes;Diamantina Lakes;QL;---4----;AI;9912;;;
AU;DGY;Dingley Village;Dingley Village;VI;--3--6--;RL;0601;;3759S 14508E;
AU;DRN;Dirranbandi;Dirranbandi;QL;---4----;AI;9601;;;
AU;DXD;Dixie;Dixie;QL;---4----;AI;9912;;;
AU;DKV;Docker River;Docker River;NT;---4----;AI;9912;;;
AU;DCR;Doncaster;Doncaster;VI;-23-----;RL;0501;;3747S 14508E;
AU;DOX;Dongara;Dongara;WA;---4----;AI;9912;;;
AU;DDK;Doodlakine;Doodlakine;WA;--3-----;RL;0607;;3135S 11751E;
AU;DMD;Doomadgee;Doomadgee;QL;---4----;AI;9912;;;
AU;DRD;Dorunda Station;Dorunda Station;QL;---4----;AI;9912;;;
AU;DFP;Drumduff;Drumduff;QL;---4----;AI;9912;;;
AU;DRE;Drummoyne/Sydney;Drummoyne/Sydney;;--3-----;RL;0201;;3351S 15109E;
AU;DBO;Dubbo;Dubbo;NS;---4----;AI;9601;;;
AU;DLK;Dulkaninna;Dulkaninna;SA;---4----;AI;9912;;;
AU;DUL;Dulwich;Dulwich;SA;--3-----;RL;0701;;3456S 13838E;
AU;DNB;Dunbar;Dunbar;QL;---4----;AI;9912;;;
AU;DDO;Dunedoo;Dunedoo;NS;-23-----;RL;0607;;3201S 14924E;
AU;DGO;Dungog;Dungog;NS;-23-----;RL;0607;;3225S 15145E;
AU;DKI;Dunk Island;Dunk Island;QL;---4----;AI;9601;;;
AU;DSB;Dunsborough;Dunsborough;WA;--3-----;RL;0607;;3336S 11506E;
AU;DHD;Durham Downs;Durham Downs;QL;---4----;AI;9912;;;
AU;DRR;Durrie;Durrie;QL;---4----;AI;9912;;;
AU;DYA;Dysart;Dysart;QL;---4----;AI;9912;;;
AU;ELF;Eagle Farm;Eagle Farm;QL;--3-----;RL;0607;;2726S 15305E;
AU;EJB;East Jindabyne;East Jindabyne;NS;--3-----;RL;0607;;3624S 14840E;
AU;ECH;Echuca;Echuca;VI;---4----;AC;9601;;;
AU;QDN;Eden;Eden;NS;1--4----;AC;9511;;;
AU;EBH;Edinburgh;Edinburgh;SA;---4----;AC;9709;;;
AU;EDB;Edithburgh;Edithburgh;SA;1-------;AC;8203;;;
AU;EDR;Edward River;Edward River;QL;---4----;AI;9912;;;
AU;EDW;Edwardstown;Edwardstown;SA;-23-----;RL;0607;;3458S 13834E;
AU;EIH;Einasleigh;Einasleigh;QL;---4----;AI;9912;;;
AU;ELC;Elcho Island;Elcho Island;NT;---4----;AI;9601;;;
AU;ELE;Electrona;Electrona;TS;1-------;AC;8203;;;
AU;ELZ;Elizabeth;Elizabeth;SA;-23--6--;RL;0607;;3443S 13839E;
AU;EKD;Elkedra;Elkedra;NT;---4----;AI;9912;;;
AU;ELW;Elsternwick;Elsternwick;VI;-23-----;RL;0307;;3753S 14500E;
AU;EMD;Emerald;Emerald;QL;---4----;AI;9601;;;
AU;EAB;Eneabba;Eneabba;WA;--3-----;RL;0607;;2948S 11506E;
AU;ENB;Eneabba West;Eneabba West;WA;---4----;AI;9912;;;
AU;EDD;Erldunda;Erldunda;NT;---4----;AI;9912;;;
AU;ERB;Ernabella;Ernabella;SA;---4----;AI;9912;;;
AU;EPR;Esperance;Esperance;WA;1--4----;AC;9511;;;
AU;MEB;Essendon Apt/Melbourne;Essendon Apt/Melbourne;VI;---4----;AI;9601;;;
AU;ETD;Etadunna;Etadunna;SA;---4----;AI;9912;;;
AU;EBO;Euabalong;Euabalong;NS;--3-----;RL;0607;;3307S 14628E;
AU;EUC;Eucla;Eucla;WA;---4----;AI;9912;;;
AU;EVD;Eva Downs;Eva Downs;NT;---4----;AI;9912;;;
AU;EVH;Evans Head;Evans Head;NS;---4----;AI;9912;;;
AU;PEX;Exmouth;Exmouth;WA;1-------;AC;9511;;;
AU;EXM;Exmouth Gulf;Exmouth Gulf;WA;1--4----;AI;9601;;;
AU;FBN;Fairbarn;Fairbarn;CT;---4----;AC;9709;;;
AU;FFD;Fairfield;Fairfield;NS;-23-----;RL;0607;;3352S 15057E;
AU;FLC;Falls Creek;Falls Creek;VI;---4----;AI;9912;;;
AU;FIK;Finke;Finke;NT;---4----;AI;9912;;;
AU;FLY;Finley;Finley;NS;---4----;AI;9601;;;
AU;FIS;Fisherman Islands;Fisherman Islands;QL;123-----;UR;9701;;;
AU;FIT;Fitzroy;Fitzroy;VI;-23-----;RL;0601;;3748S 14458E;
AU;FLS;Flinders Island;Flinders Island;TS;---4----;AI;9601;;;
AU;FCY;Footscray;Footscray;VI;-23--6--;RL;0607;;3748S 14454E;
AU;FRB;Forbes;Forbes;NS;---4----;AI;9912;;;
AU;FOS;Forrest;Forrest;WA;---4----;AI;9912;;;
AU;FOT;Forster;Forster;NS;---4----;AI;9912;;;
AU;FSL;Fossil Downs;Fossil Downs;WA;---4----;AI;9912;;;
AU;FRE;Fremantle;Fremantle;WA;1--4----;AC;9511;JFM;;
AU;FRL;Frewville;Frewville;SA;--3-----;RL;0701;;3457S 13838E;
AU;FTN;Fullerton;Fullerton;NS;--3-----;RL;0207;;3413S 14933E;
AU;FYW;Fyshwick;Fyshwick;CT;-23--6--;RL;0607;;3519S 14909E;
AU;GLO;Galong;Galong;NS;-23-----;RL;0607;;3436S 14834E;
AU;GBP;Gamboola;Gamboola;QL;---4----;AI;9912;;;
AU;GMA;Ganmain;Ganmain;NS;-23-----;RL;0607;;3448S 14702E;
AU;GAP;Gapstead;Gapstead;VI;-23-----;RL;0701;;3631S 14641E;
AU;GBT;Garbutt Station;Garbutt Station;QL;1-3-----;RL;0601;;1916S 14646E;
AU;GPN;Garden Point;Garden Point;NT;---4----;AI;9601;;;
AU;GSC;Gascoyne Junction;Gascoyne Junction;WA;---4----;AI;9601;;;
AU;GAH;Gayndah;Gayndah;QL;---4----;AI;9601;;;
AU;GUG;Geebung;Geebung;QL;-23-----;RL;0601;;2722S 15302E;
AU;GEX;Geelong;Geelong;VI;1--4----;AC;9511;;;
AU;GEE;George Town;George Town;TS;1--4----;AC;9701;;;
AU;GTT;Georgetown;Georgetown;QL;---4----;AI;9912;;;
AU;GET;Geraldton;Geraldton;WA;1--4----;AC;9511;;;
AU;GBV;Gibb River;Gibb River;WA;---4----;AI;9912;;;
AU;GIL;Gillman;Gillman;SA;--3-----;RL;0607;;3449S 13831E;
AU;GNI;Gingin;Gingin;WA;-23-----;RL;0607;;3121S 11554E;
AU;GLT;Gladstone;Gladstone;QL;1--4----;AC;9511;;;
AU;GLL;Glebe Island;Glebe Island;NS;123-----;UR;9701;;;
AU;GLI;Glen Innes;Glen Innes;NS;---4----;AI;9601;;;
AU;GLG;Glengyle;Glengyle;QL;---4----;AI;9912;;;
AU;GLM;Glenormiston;Glenormiston;QL;---4----;AI;9912;;;
AU;GCE;Gloucester;Gloucester;NS;-23-----;RL;0607;;3201S 15158E;
AU;GWG;Gnowangerup;Gnowangerup;WA;-23-----;RL;0607;;3357S 11800E;
AU;OOL;Gold Coast Apt/Coolangatta;Gold Coast Apt/Coolangatta;QL;---4----;AC;0307;;2809S 15330E;
AU;GLY;Goldsworthy;Goldsworthy;WA;---4----;AI;9601;;;
AU;GOI;Goode Is;Goode Is;QL;1-------;AC;9511;;;
AU;GOO;Goondiwindi;Goondiwindi;QL;---4----;AI;9601;;;
AU;GDD;Gordon Downs;Gordon Downs;WA;---4----;AI;9912;;;
AU;GOS;Gosford;Gosford;NS;---4----;AI;9506;;;
AU;GUL;Goulburn;Goulburn;NS;---4----;AI;9912;;;
AU;GBL;Goulburn Island;Goulburn Island;NT;---4----;AI;9601;;;
AU;GOV;Gove;Gove;NT;1--4----;AC;9511;;;
AU;GFN;Grafton;Grafton;NS;---4----;AI;9601;;;
AU;GTS;Granites;Granites;NT;---4----;AI;9912;;;
AU;GRA;Grassy;Grassy;TS;-23-----;RL;0212;;4003S 14403E;
AU;GKL;Great Keppel Island;Great Keppel Island;QL;---4----;AI;9601;;;
AU;GRH;Greenhead;Greenhead;WA;1-------;AC;9511;;;
AU;GNU;Greenough;Greenough;WA;--3-----;RL;0607;;2852S 11440E;
AU;GSO;Greenslopes;Greenslopes;QL;--3-----;RL;0701;;2730S 15301E;
AU;GVP;Greenvale;Greenvale;QL;---4----;AI;9912;;;
AU;GGD;Gregory Downs;Gregory Downs;QL;---4----;AI;9912;;;
AU;GFE;Grenfell;Grenfell;NS;---4----;AI;9912;;;
AU;GRV;Griffin Venture (oil terminal);Griffin Venture (oil terminal);WA;1-------;AC;9701;;;
AU;GFF;Griffith;Griffith;NS;---4----;AI;9601;;;
AU;GGO;Grong Grong;Grong Grong;NS;-23-----;RL;0607;;3445S 14647E;
AU;GTE;Groote Eylandt;Groote Eylandt;NT;1--4----;AC;9511;;;
AU;GDF;Guildford;Guildford;NS;--3-----;RL;0001;;;
AU;GDA;Gundagai;Gundagai;NS;-23-----;RL;0607;;3504S 14806E;
AU;GUH;Gunnedah;Gunnedah;NS;---4----;AI;9912;;;
AU;GUN;Gunning;Gunning;NS;-23-----;RL;0607;;3447S 14916E;
AU;GYP;Gympie;Gympie;QL;---4----;AI;9912;;;
AU;HAB;Haberfield;Haberfield;NS;-23-----;RL;0601;;3352S 15108E;
AU;HLM;Hallam;Hallam;VI;-23-----;RL;0601;;3800S 0000;E;
AU;HCQ;Halls Creek;Halls Creek;WA;---4----;AI;9912;;;
AU;HLT;Hamilton;Hamilton;VI;---4----;AI;9601;;;
AU;HTI;Hamilton Island;Hamilton Island;QL;---4----;AC;9701;;;
AU;HPN;Hampton;Hampton;NS;--3-----;RL;0607;;3339S 15003E;
AU;HDN;Harden;Harden;NS;-23-----;RL;0607;;3433S 14823E;
AU;HYI;Hardy Island;Hardy Island;NT;1-------;UR;9701;;;
AU;HVY;Harvey;Harvey;WA;-23-----;RL;0607;;3305S 11553E;
AU;HAS;Hastings;Hastings;VI;1-------;RL;0101;;3818S 14515E;
AU;HPO;Hastings Point;Hastings Point;NS;--3-----;RL;0607;;2821S 15334E;
AU;HWK;Hawker;Hawker;SA;---4----;AI;9912;;;
AU;HWN;Hawks Nest;Hawks Nest;NS;--3-----;RL;0607;;3240S 15210E;
AU;HTE;Hawthorn;Hawthorn;VI;--3-----;RL;0207;;3749S 14502E;
AU;HXX;Hay;Hay;NS;---4----;AI;9601;;;
AU;HIS;Hayman Island;Hayman Island;QL;---4----;AI;9601;;;
AU;HPT;Haypoint;Haypoint;QL;1-------;AC;9511;;;
AU;HIP;Headingly;Headingly;QL;---4----;AI;9912;;;
AU;HAT;Heathlands;Heathlands;QL;---4----;AI;9912;;;
AU;HLV;Helenvale;Helenvale;QL;---4----;AI;9912;;;
AU;HEM;Hemmant;Hemmant;QL;-23-----;RL;0701;;2727S 15308E;
AU;HRY;Henbury;Henbury;NT;---4----;AI;9912;;;
AU;HTY;Henty;Henty;NS;-23-----;RL;0607;;3532S 14702E;
AU;HMG;Hermannsburg;Hermannsburg;NT;---4----;AI;9912;;;
AU;HRN;Heron Island;Heron Island;QL;---4----;AI;9912;;;
AU;HVB;Hervey Bay;Hervey Bay;QL;---4----;AI;9601;;;
AU;HWY;High Wycombe;High Wycombe;WA;--3-----;RL;0701;;3156S 11600E;
AU;HIG;Highbury;Highbury;QL;---4----;AI;9912;;;
AU;HHT;Highett/Melbourne;Highett/Melbourne;VI;--3-----;RL;0201;;3756S 14502E;
AU;HLL;Hillside;Hillside;WA;---4----;AI;9912;;;
AU;HNK;Hinchinbrook Island;Hinchinbrook Island;QL;1--4----;AC;0212;;1823S 14617E;
AU;HBA;Hobart;Hobart;TS;1-345---;AC;0307;;4252S 14718E;
AU;HBS;Homebush/Sydney;Homebush/Sydney;NS;--3-----;RL;0201;;3352S 15103E;
AU;HIH;Hook Island;Hook Island;QL;---4----;AI;9912;;;
AU;HOK;Hooker Creek;Hooker Creek;NT;---4----;AI;9601;;;
AU;HOT;Hope Tun;Hope Tun;WA;1-------;AC;9511;;;
AU;HPE;Hope Vale;Hope Vale;QL;---4----;AI;9912;;;
AU;HTU;Hopetoun;Hopetoun;VI;---4----;AI;9912;;;
AU;HID;Horn Island;Horn Island;QL;---4----;AI;9601;;;
AU;HOY;Hornsby;Hornsby;NS;-23-----;RL;0607;;3342S 15106E;
AU;HSM;Horsham;Horsham;VI;---4----;AI;9912;;;
AU;HWO;Howlong;Howlong;NS;--3-----;RL;0607;;3559S 14637E;
AU;HGD;Hughenden;Hughenden;QL;---4----;AI;9601;;;
AU;HUB;Humbert River;Humbert River;NT;---4----;AI;9912;;;
AU;HYD;Hyden;Hyden;WA;-23-----;RL;0607;;3227S 11852E;
AU;IFF;Iffley;Iffley;QL;---4----;AI;9912;;;
AU;IDK;Indulkana;Indulkana;SA;---4----;AI;9912;;;
AU;IGH;Ingham;Ingham;QL;---4----;AI;9912;;;
AU;IGN;Ingleburn;Ingleburn;NS;-23-----;RL;0701;;3400S 15052E;
AU;INJ;Injune;Injune;QL;---4----;AI;9912;;;
AU;IKP;Inkerman;Inkerman;QL;---4----;AI;9912;;;
AU;INM;Innamincka;Innamincka;SA;---4----;AI;9912;;;
AU;IFL;Innisfail;Innisfail;QL;---4----;AI;9601;;;
AU;IVR;Inverell;Inverell;NS;---4----;AI;9912;;;
AU;IVW;Inverway;Inverway;NT;---4----;AI;9912;;;
AU;IPS;Ipswich;Ipswich;QL;1-------;AC;9511;;;
AU;ISI;Isisford;Isisford;QL;---4----;AI;9601;;;
AU;IHO;Ivanhoe;Ivanhoe;NS;-23-----;RL;0607;;3256S 14417E;
AU;JAB;Jabiru;Jabiru;NT;---4----;AI;9601;;;
AU;JOV;Jabiru Venture (oil terminal);Jabiru Venture (oil terminal);NT;1-------;RQ;9701;;;
AU;JAD;Jandakot;Jandakot;WA;---4----;AI;9912;;;
AU;JDE;Jerilderie;Jerilderie;NS;-23-----;RL;0607;;3521S 14544E;
AU;JEB;Jervis Bay;Jervis Bay;NS;--3-----;RL;0212;;3507S 15041E;
AU;JCK;Julia Creek;Julia Creek;QL;---4----;AI;9601;;;
AU;JUN;Jundah;Jundah;QL;---4----;AI;9912;;;
AU;JNE;Junee;Junee;NS;-23-----;RL;0607;;3452S 14735E;
AU;JUR;Jurien Bay;Jurien Bay;WA;---4----;AI;9912;;;
AU;KAX;Kalbarri;Kalbarri;WA;---4----;AI;9912;;;
AU;KGI;Kalgoorlie;Kalgoorlie;WA;---4----;AI;9601;;;
AU;KFG;Kalkurung;Kalkurung;NT;---4----;AI;9912;;;
AU;KPP;Kalpowar;Kalpowar;QL;---4----;AI;9912;;;
AU;UBU;Kalumburu;Kalumburu;WA;---4----;AI;9912;;;
AU;KDS;Kamaran Downs;Kamaran Downs;QL;---4----;AI;9912;;;
AU;KDB;Kambalda;Kambalda;WA;---4----;AI;9912;;;
AU;KML;Kamileroi;Kamileroi;QL;---4----;AI;9912;;;
AU;KGO;Kangaroo Ground;Kangaroo Ground;VI;--3-----;RL;0701;;3740S 14515E;
AU;KIA;Kanimbla;Kanimbla;QL;--3-----;RL;0701;;1655S 14543E;
AU;KTA;Karratha;Karratha;WA;---4----;AI;9601;;;
AU;KRB;Karumba;Karumba;QL;1-34----;AC;0212;;1729S 14050E;
AU;KNI;Katanning;Katanning;WA;---4----;AI;9912;;;
AU;KTR;Katherine;Katherine;NT;1--4----;AC;9511;;;
AU;KTB;Katoomba;Katoomba;NS;-23-----;RL;0607;;3343S 15019E;
AU;KLR;Keilor;Keilor;VI;-23-----;RL;0701;;3743S 14450E;
AU;KBI;Kellerberrin;Kellerberrin;WA;-23-----;RL;0607;;3138S 11742E;
AU;KGA;Kembla;Kembla;NS;-23--6--;RL;0601;;3426S 15049E;
AU;KPS;Kempsey;Kempsey;NS;---4----;AI;9601;;;
AU;KDA;Kendall;Kendall;NS;-23-----;RL;0607;;3136S 15244E;
AU;KRA;Kerang;Kerang;VI;---4----;AI;9912;;;
AU;KBD;Kimberley Downs;Kimberley Downs;WA;---4----;AI;9912;;;
AU;KIB;King Bay;King Bay;WA;1-------;AC;9511;;;
AU;KNS;King Is;King Is;TS;---4----;AI;9601;;;
AU;KGY;Kingaroy;Kingaroy;QL;---4----;AI;9912;;;
AU;KBJ;Kings Canyon;Kings Canyon;NT;---4----;AI;9912;;;
AU;KCS;Kings Creek Station;Kings Creek Station;NT;---4----;AI;9912;;;
AU;KPK;Kings Park;Kings Park;NS;-23-----;RL;0601;;3344S 15054E;
AU;KGC;Kingscote;Kingscote;SA;1--4----;AC;9511;;;
AU;KGG;Kingsgrove;Kingsgrove;NS;-23--6--;RQ;0507;;3357S 15106E;
AU;KIT;Kingston;Kingston;SA;1-------;AC;9511;;;
AU;KBB;Kirkimbie;Kirkimbie;NT;---4----;AI;9912;;;
AU;KLP;Klein Point;Klein Point;WA;1-------;AC;9511;;;
AU;KNY;Knowsley;Knowsley;VI;--3-----;RL;0701;;3648S 14442E;
AU;KOI;Koolan Island;Koolan Island;WA;1-------;AC;9511;;;
AU;KOH;Koolatah;Koolatah;QL;---4----;AI;9912;;;
AU;KKP;Koolburra;Koolburra;QL;---4----;AI;9601;;;
AU;KBG;Koolyanbobbing;Koolyanbobbing;WA;-23-----;RL;0607;;3050S 11933E;
AU;KQB;Koonibba;Koonibba;SA;---4----;AI;9912;;;
AU;KWA;Koorawatha;Koorawatha;NS;-23-----;RL;0607;;3402S 14833E;
AU;KWR;Koo-Wee-Rup;Koo-Wee-Rup;VI;--3-----;RL;0507;;3812S 14529E;
AU;KWM;Kowanyama;Kowanyama;QL;---4----;AI;9912;;;
AU;KUG;Kubin Island;Kubin Island;QL;---4----;AI;9912;;;
AU;KGR;Kulgera;Kulgera;NT;---4----;AI;9912;;;
AU;KUP;Kunda Park;Kunda Park;QL;-23-----;RL;0607;;2639S 15302E;
AU;KNX;Kununurra;Kununurra;WA;---4----;AI;9601;;;
AU;KUR;Kurnell;Kurnell;NS;1-------;AC;9511;;;
AU;KKQ;Kurri Kurri;Kurri Kurri;NS;--3-----;RL;0201;;3249S 15128E;
AU;KRD;Kurundi;Kurundi;NT;---4----;AI;9912;;;
AU;KWI;Kwinana;Kwinana;WA;1-------;AC;9511;;;
AU;LAR;Labrador;Labrador;QL;--3-----;RL;0701;;2757S 15323E;
AU;LAB;Lady Barron;Lady Barron;TS;1-------;AC;9511;;;
AU;LYT;Lady Elliot Island;Lady Elliot Island;QL;---4----;AI;9601;;;
AU;LCG;Lake Cargelligo;Lake Cargelligo;NS;-23-----;RL;0607;;3319S 14623E;
AU;LEL;Lake Evella;Lake Evella;NT;---4----;AI;9601;;;
AU;LNH;Lake Nash;Lake Nash;NT;---4----;AI;9912;;;
AU;LFP;Lakefield;Lakefield;QL;---4----;AI;9912;;;
AU;LKD;Lakeland Downs;Lakeland Downs;QL;---4----;AI;9912;;;
AU;LAM;Lamplough;Lamplough;VI;--3-----;RL;0607;;3708S 14331E;
AU;LNC;Lane Cove;Lane Cove;NS;--3-----;RL;0607;;3349S 15110E;
AU;LDW;Lansdowne;Lansdowne;WA;---4----;AI;9912;;;
AU;LTB;Latrobe;Latrobe;TS;---4----;AI;9912;;;
AU;LST;Launceston;Launceston;TS;1--4----;AC;9511;;;
AU;LUU;Laura;Laura;QL;---4----;AI;9912;;;
AU;LUT;Laura Station;Laura Station;QL;---4----;AI;9912;;;
AU;LHI;Laurel Hill;Laurel Hill;NS;--3-----;RL;0607;;3536S 14806E;
AU;LTO;Laverton;Laverton;VI;--3-----;RL;0701;;2837S 12223E;
AU;LVO;Laverton;Laverton;WA;---4----;AI;9601;;;
AU;LVH;Laverton North;Laverton North;VI;--3-----;RL;0701;;3750S 14447E;
AU;LWH;Lawn Hill;Lawn Hill;QL;---4----;AI;9912;;;
AU;LEA;Learmonth;Learmonth;WA;---4----;AI;9601;;;
AU;LGT;Legendre Terminal;Legendre Terminal;WA;1-------;AC;0501;;;
AU;LGH;Leigh Creek;Leigh Creek;SA;---4----;AI;9601;;;
AU;LER;Leinster;Leinster;WA;---4----;AI;9912;;;
AU;LGA;Leongatha;Leongatha;VI;--3-----;RL;0601;;3828S 14556E;
AU;LNO;Leonora;Leonora;WA;---4----;AI;9601;;;
AU;LDB;Lidcombe;Lidcombe;NS;--3-----;RL;0201;;3352S 15102E;
AU;LHG;Lightning Ridge;Lightning Ridge;NS;---4----;AI;9912;;;
AU;LYD;Lilydale;Lilydale;VI;123--6--;RL;0601;;3745S 14522E;
AU;LIB;Limbunya;Limbunya;NT;---4----;AI;9912;;;
AU;LLP;Linda Downs;Linda Downs;QL;---4----;AI;9912;;;
AU;LDC;Lindeman Island;Lindeman Island;QL;---4----;AI;9912;;;
AU;LOW;Lisarow;Lisarow;NS;123-----;RL;0507;;3323S 15122E;
AU;LSY;Lismore;Lismore;NS;---4----;AI;9912;;;
AU;LLL;Lissadell;Lissadell;WA;---4----;AI;9601;;;
AU;LTG;Lithgow;Lithgow;NS;-23-----;RL;0307;;3329S 15009E;
AU;LRI;Little River;Little River;VI;-23-----;RL;0607;;3758S 14430E;
AU;LIV;Liverpool;Liverpool;NS;--3-----;RL;9901;;;
AU;LZR;Lizard Island;Lizard Island;QL;---4----;AI;9601;;;
AU;LOC;Lock;Lock;SA;---4----;AI;9912;;;
AU;LKA;Lockhart;Lockhart;NS;-23-----;RL;0607;;3513S 14643E;
AU;IRG;Lockhart River;Lockhart River;QL;---4----;AI;9912;;;
AU;HAP;Long Island;Long Island;QL;---4----;AI;9912;;;
AU;LGF;Longford;Longford;VI;--3-----;RL;0106;;3046S 15107E;
AU;LRE;Longreach;Longreach;QL;---4----;AI;9601;;;
AU;LSD;Lonsdale;Lonsdale;SA;-23-----;RL;0507;;3506S 13829E;
AU;LDH;Lord Howe Is;Lord Howe Is;NS;1--4----;AC;9511;;;
AU;LOA;Lorraine;Lorraine;QL;---4----;AI;9912;;;
AU;LTV;Lotusvale;Lotusvale;QL;---4----;AI;9912;;;
AU;LUC;Lucinda;Lucinda;QL;1-------;AC;9511;;;
AU;LUN;Lurnea/Sydney;Lurnea/Sydney;NS;--3-----;RL;0201;;3355S 15054E;
AU;LTP;Lyndhurst;Lyndhurst;QL;---4----;AI;9912;;;
AU;LHM;Lyneham;Lyneham;CT;--3-----;RL;0307;;3516S 14908E;
AU;UBB;Mabuiag Island;Mabuiag Island;QL;---4----;AI;9912;;;
AU;MNW;Macdonald Downs;Macdonald Downs;NT;---4----;AI;9912;;;
AU;MKY;Mackay;Mackay;QL;1--4----;AC;9511;;;
AU;MVH;Macksville;Macksville;NS;---4----;AI;9912;;;
AU;MHC;Macmahon Camp 4;Macmahon Camp 4;SA;---4----;AI;9912;;;
AU;MQI;Macquarie Island;Macquarie Island;TS;1-------;AC;0501;;5429S 15856E;
AU;MDO;Maidstone;Maidstone;VI;-----6--;RL;0601;;3747S 14451E;
AU;MIZ;Mainoru;Mainoru;NT;---4----;AI;9601;;;
AU;MTL;Maitland;Maitland;NS;---4----;AI;9912;;;
AU;XMC;Mallacoota;Mallacoota;VI;---4----;AI;9912;;;
AU;MQA;Mandora;Mandora;WA;---4----;AI;9912;;;
AU;MDU;Mandurah;Mandurah;WA;--3-----;RL;0607;;3232S 11545E;
AU;MNG;Maningrida;Maningrida;NT;---4----;AI;9601;;;
AU;MJP;Manjimup;Manjimup;WA;---4----;AI;9912;;;
AU;MFP;Manners Creek;Manners Creek;NT;---4----;AI;9912;;;
AU;MBB;Marble Bar;Marble Bar;WA;---4----;AI;9601;;;
AU;MRG;Mareeba;Mareeba;QL;---4----;AI;9912;;;
AU;MGR;Margaret River;Margaret River;WA;--3-----;RL;0607;;3357S 11505E;
AU;MGV;Margaret River Station;Margaret River Station;WA;---4----;AI;9912;;;
AU;MXD;Marion Downs;Marion Downs;QL;---4----;AI;9912;;;
AU;MRP;Marla;Marla;SA;---4----;AI;9912;;;
AU;MCY;Maroochydore Apt/Sunshine Coast;Maroochydore Apt/Sunshine Coast;QL;---4----;AC;9701;;;
AU;MQE;Marqua;Marqua;NT;---4----;AI;9912;;;
AU;RRE;Marree;Marree;SA;---4----;AI;9912;;;
AU;MAR;Marrickville;Marrickville;NS;123--6--;RL;0501;;3355S 15110E;
AU;MBH;Maryborough;Maryborough;QL;1--4----;AC;9511;;;
AU;MAS;Mascot;Mascot;NS;--3-5---;RL;0212;;3355S 15111E;
AU;MHA;Mathoura;Mathoura;NS;-23-----;RL;0607;;3549S 14453E;
AU;MTO;Matong;Matong;NS;-23-----;RL;0607;;3446S 14655E;
AU;MYF;Mayfield;Mayfield;NS;0-------;RQ;9701;;;
AU;MCV;Mcarthur River;Mcarthur River;NT;---4----;AI;9912;;;
AU;MWO;Meadowbrook;Meadowbrook;QL;-23-----;RL;0701;;2740S 15308E;
AU;MKR;Meekatharra;Meekatharra;WA;---4----;AI;9912;;;
AU;MEL;Melbourne;Melbourne;VI;12345---;AC;0307;;3749S 14458E;
AU;KAH;Melbourne City Heliport;Melbourne City Heliport;VI;---4----;AI;9912;;;
AU;MRS;Melrose;Melrose;SA;1-------;AC;9511;;;
AU;MLI;Melville Island;Melville Island;NT;1-------;AC;0501;;1133S 13056E;
AU;MIM;Merimbula;Merimbula;NS;---4----;AI;9601;;;
AU;MDA;Merinda;Merinda;QL;-23-----;UR;9701;;;
AU;MLV;Merluna;Merluna;QL;---4----;AI;9912;;;
AU;MRD;Merredin;Merredin;WA;-23-----;RL;0607;;3129S 11817E;
AU;RTY;Merty;Merty;SA;---4----;AI;9912;;;
AU;MLA;Michelago;Michelago;NS;-23-----;RL;0607;;3543S 14909E;
AU;MMM;Middlemount;Middlemount;QL;---4----;AI;9912;;;
AU;MQL;Mildura;Mildura;VI;---4----;AI;9601;;;
AU;MGT;Milingimbi;Milingimbi;NT;---4----;AI;9912;;;
AU;MLR;Millicent;Millicent;SA;---4----;AI;9912;;;
AU;MIB;Milner Bay;Milner Bay;NT;1-------;AC;9511;;;
AU;MRL;Miners Lake;Miners Lake;QL;---4----;AI;9912;;;
AU;XML;Minlaton;Minlaton;SA;---4----;AI;9912;;;
AU;MIN;Minnipa;Minnipa;SA;---4----;AI;9601;;;
AU;MWY;Miranda Downs;Miranda Downs;QL;---4----;AI;9912;;;
AU;MIT;Mitcham;Mitcham;VI;-23--6--;RL;0607;;3749S 14512E;
AU;MTQ;Mitchell;Mitchell;QL;---4----;AI;9601;;;
AU;MIH;Mitchell Plateau;Mitchell Plateau;WA;---4----;AI;9601;;;
AU;MXQ;Mitchell River;Mitchell River;QL;---4----;AI;9912;;;
AU;MGO;Mittagong;Mittagong;NS;-23-----;RL;0607;;3427S 15026E;
AU;MIY;Mittiebah;Mittiebah;NT;---4----;AI;9912;;;
AU;MOA;Moama;Moama;NS;-23-----;RL;0607;;3607S 14446E;
AU;MDI;Molendinar;Molendinar;QL;--3-----;RL;0701;;2759S 15322E;
AU;MJK;Monkey Mia;Monkey Mia;WA;---4----;AI;9912;;;
AU;ONR;Monkira;Monkira;QL;---4----;AI;9912;;;
AU;MNQ;Monto;Monto;QL;---4----;AI;9912;;;
AU;MWT;Moolawatana;Moolawatana;SA;---4----;AI;9912;;;
AU;MOO;Moomba;Moomba;SA;---4----;AI;9912;;;
AU;MRA;Moora;Moora;WA;-23-----;RL;0607;;3038S 11600E;
AU;MBW;Moorabbin;Moorabbin;VI;---4----;AI;9912;;;
AU;OOR;Mooraberree;Mooraberree;QL;---4----;AI;9912;;;
AU;MRB;Moorebank/Sydney;Moorebank/Sydney;NS;--3-----;RL;0201;;3356S 15056E;
AU;MOK;Moorook;Moorook;SA;1-3-----;RL;0601;;3417S 14021E;
AU;MOV;Moranbah;Moranbah;QL;---4----;AI;9601;;;
AU;MWB;Morawa;Morawa;WA;---4----;AI;9912;;;
AU;MDC;Mordialloc;Mordialloc;VI;123-----;RL;0701;;3801S 14505E;
AU;MRZ;Moree;Moree;NS;---4----;AI;9601;;;
AU;MET;Moreton;Moreton;QL;---4----;AI;9912;;;
AU;MLY;Morley;Morley;WA;--3--6--;RL;0507;;3153S 11553E;
AU;OXY;Morney;Morney;QL;---4----;AI;9912;;;
AU;ONG;Mornington;Mornington;QL;---4----;AI;9912;;;
AU;MRT;Moroak;Moroak;NT;---4----;AI;9912;;;
AU;MYA;Moruya;Moruya;NS;---4----;AI;9912;;;
AU;MOR;Morwell;Morwell;VI;--3-----;RL;0201;;3814S 14624E;
AU;MSA;Mosman;Mosman;NS;--3--6--;RL;0607;;3350S 15115E;
AU;MVA;Moss Vale;Moss Vale;NS;-23-----;RL;0607;;3433S 15022E;
AU;MBF;Mount Buffalo;Mount Buffalo;VI;---4----;AI;9912;;;
AU;MFL;Mount Full Stop;Mount Full Stop;QL;---4----;AI;9912;;;
AU;MGB;Mount Gambier;Mount Gambier;SA;-234----;AC;9511;;;
AU;GSN;Mount Gunson;Mount Gunson;SA;---4----;AI;9912;;;
AU;MHU;Mount Hotham;Mount Hotham;VI;---4----;AI;9912;;;
AU;MHO;Mount House;Mount House;WA;---4----;AI;9912;;;
AU;ISA;Mount Isa;Mount Isa;QL;---4----;AI;9601;;;
AU;WME;Mount Keith;Mount Keith;WA;---4----;AI;9912;;;
AU;MMG;Mount Magnet;Mount Magnet;WA;---4----;AI;9601;;;
AU;MSF;Mount Swan;Mount Swan;NT;---4----;AI;9912;;;
AU;MNV;Mountain Valley;Mountain Valley;NT;---4----;AI;9912;;;
AU;MOU;Mourilyan;Mourilyan;QL;1-------;AC;9511;;;
AU;MOW;Mowbray Heights;Mowbray Heights;TS;123-----;RL;0601;;4123S 14708E;
AU;MBA;Mt Barker;Mt Barker;WA;-23-----;RL;0607;;3438S 11740E;
AU;MBN;Mt Barnett;Mt Barnett;WA;---4----;AI;9912;;;
AU;MKV;Mt Cavenagh;Mt Cavenagh;NT;---4----;AI;9912;;;
AU;MMA;Mt Magnet;Mt Magnet;WA;-23-----;RL;0607;;2804S 11750E;
AU;MTD;Mt Sandford;Mt Sandford;NT;---4----;AI;9912;;;
AU;MTW;Mt Waverly;Mt Waverly;VI;-23-----;RL;0607;;3753S 14508E;
AU;MUQ;Muccan;Muccan;WA;---4----;AI;9912;;;
AU;MHE;Muchea;Muchea;WA;-23-----;RL;0607;;3135S 11558E;
AU;DGE;Mudgee;Mudgee;NS;---4----;AI;9601;;;
AU;MBU;Mukinbudin;Mukinbudin;WA;-23-----;RL;0607;;3055S 11812E;
AU;MUP;Mulga Park;Mulga Park;NT;---4----;AI;9912;;;
AU;MUL;Mulgrave;Mulgrave;VI;--3-----;RL;0607;;3755S 14511E;
AU;MVK;Mulka;Mulka;SA;---4----;AI;9912;;;
AU;MXU;Mullewa;Mullewa;WA;---4----;AI;9912;;;
AU;MWA;Mulwala;Mulwala;NS;123-----;RL;0607;;3600S 14600E;
AU;MNE;Mungeranie;Mungeranie;SA;---4----;AI;9912;;;
AU;MRI;Murarrie;Murarrie;QL;-23--6--;RL;0607;;2728S 15306E;
AU;MYI;Murray Island;Murray Island;QL;---4----;AI;9912;;;
AU;RMR;Murrey;Murrey;SA;--3-----;RQ;0201;;3409S 13959E;
AU;MBM;Murrumbateman;Murrumbateman;NS;--3-----;RL;0607;;3458S 14902E;
AU;MVU;Musgrave;Musgrave;QL;---4----;AI;9912;;;
AU;UTB;Muttaburra;Muttaburra;QL;---4----;AI;9601;;;
AU;MTA;Muttama;Muttama;NS;-23-----;RL;0607;;3448S 14807E;
AU;MYO;Myroodah;Myroodah;WA;---4----;AI;9912;;;
AU;NBR;Nambour;Nambour;QL;---4----;AI;9912;;;
AU;NBH;Nambucca Heads;Nambucca Heads;NS;---4----;AI;9912;;;
AU;NNU;Nannup;Nannup;WA;-23-----;RL;0607;;3359S 11546E;
AU;NMR;Nappa Merry;Nappa Merry;QL;---4----;AI;9912;;;
AU;NPP;Napperby;Napperby;NT;---4----;AI;9912;;;
AU;NAC;Naracoorte;Naracoorte;SA;---4----;AI;9912;;;
AU;NBE;Narembeen;Narembeen;WA;-23-----;RL;0607;;3204S 11823E;
AU;NAA;Narrabri;Narrabri;NS;---4----;AI;9601;;;
AU;NAR;Narracoopa;Narracoopa;TS;0-------;AC;9511;;;
AU;NRA;Narrandera;Narrandera;NS;---4----;AI;9601;;;
AU;NRG;Narrogin;Narrogin;WA;---4----;AI;9912;;;
AU;NRN;Nerong;Nerong;NS;--3-----;RL;0607;;3232S 15209E;
AU;NMP;New Moon;New Moon;QL;---4----;AI;9912;;;
AU;NTL;Newcastle;Newcastle;NS;1--4----;AI;9601;;;
AU;NWM;Newman;Newman;WA;0-------;RQ;9601;;;
AU;NRY;Newry;Newry;NT;---4----;AI;9912;;;
AU;NSD;Newstead;Newstead;QL;--3-----;RQ;9806;;;
AU;NGH;Nganhurra;Nganhurra;WA;1-----7-;RL;0607;;2129S 11400E;
AU;RPM;Ngukurr;Ngukurr;NT;---4----;AI;9912;;;
AU;NLS;Nicholson;Nicholson;WA;---4----;AI;9912;;;
AU;NIF;Nifty;Nifty;WA;---4----;AI;9912;;;
AU;NTA;Nimmitabel;Nimmitabel;NS;-23-----;RL;0607;;3630S 14917E;
AU;NBP;Noble Park;Noble Park;VI;--3-----;RL;0307;;3758S 14510E;
AU;NKB;Noonkanbah;Noonkanbah;WA;---4----;AI;9912;;;
AU;NSA;Noosa;Noosa;QL;---4----;AI;9912;;;
AU;NSV;Noosaville;Noosaville;QL;---4----;AI;9912;;;
AU;NTN;Normanton;Normanton;QL;---4----;AI;9912;;;
AU;NSM;Norseman;Norseman;WA;---4----;AI;9601;;;
AU;NBW;North Balwyn;North Balwyn;VI;--3--6--;RL;0601;;3748S 14505E;
AU;GGN;North Geelong;North Geelong;VI;-23-----;RL;0701;;3807S 14420E;
AU;NRE;North Ryde;North Ryde;NS;--3-----;RL;0207;;3348S 15107E;
AU;NHA;Northam;Northam;WA;-23-----;RL;0607;;3139S 11640E;
AU;NTE;Northern Endeavour;Northern Endeavour;NT;1-------;AC;0501;;;
AU;NGT;Northgate;Northgate;QL;-23--6--;RL;0607;;2723S 15304E;
AU;NOR;Norwood;Norwood;SA;-23-----;RL;0607;;3440S 14944E;
AU;NTH;Notting Hill;Notting Hill;VI;-23-----;RL;0307;;3754S 14507E;
AU;NOA;Nowra;Nowra;NS;---4----;AI;9601;;;
AU;NLL;Nullagine;Nullagine;WA;---4----;AI;9601;;;
AU;NUR;Nullarbor;Nullarbor;SA;---4----;AI;9912;;;
AU;NUB;Numbulwar;Numbulwar;NT;---4----;AI;9601;;;
AU;NWD;Nunawading;Nunawading;VI;-23-----;RL;0701;;3749S 14510E;
AU;NOO;Nuriootpa;Nuriootpa;SA;0-------;AC;9511;;;
AU;UTD;Nutwood Downs;Nutwood Downs;NT;---4----;AI;9912;;;
AU;NYN;Nyngan;Nyngan;NS;---4----;AI;9601;;;
AU;OKY;Oakey;Oakey;QL;---4----;AI;9912;;;
AU;OKU;Oakhurst;Oakhurst;QL;-23-----;RL;0701;;2531S 15238E;
AU;OLH;Oakleigh;Oakleigh;VI;-23-----;RL;0601;;3754S 14505E;
AU;OBA;Oban;Oban;QL;---4----;AI;9601;;;
AU;OPI;Oenpelli;Oenpelli;NT;---4----;AI;9601;;;
AU;OLP;Olympic Dam;Olympic Dam;SA;---4----;AI;9912;;;
AU;ONS;Onslow;Onslow;WA;1-34----;AI;0401;;2139S 11506E;
AU;ODD;Oodnadatta;Oodnadatta;SA;---4----;AI;9601;;;
AU;OAG;Orange;Orange;NS;---4----;AI;9912;;;
AU;RBS;Orbost;Orbost;VI;---4----;AI;9912;;;
AU;OKB;Orchid Beach;Orchid Beach;QL;---4----;AI;9601;;;
AU;ODR;Ord River;Ord River;WA;---4----;AI;9912;;;
AU;OXO;Orientos;Orientos;QL;---4----;AI;9912;;;
AU;ORS;Orpheus Island Resort;Orpheus Island Resort;QL;---4----;AI;9912;;;
AU;OSB;Osborne Island;Osborne Island;WA;1-------;AC;9511;;;
AU;OSP;Osborne Park;Osborne Park;WA;--3-----;RL;0207;;3154S 11550E;
AU;OTO;Ottoway;Ottoway;SA;-23-----;RL;0601;;3450S 13832E;
AU;OYN;Ouyen;Ouyen;VI;---4----;AI;9912;;;
AU;PMK;Palm Island;Palm Island;QL;1--4----;AC;9511;;;
AU;PBU;Pambula;Pambula;NS;--3-----;RL;0607;;3656S 14952E;
AU;PDE;Pandie Pandie;Pandie Pandie;SA;---4----;AI;9912;;;
AU;PBO;Paraburdoo;Paraburdoo;WA;---4----;AI;9601;;;
AU;PRD;Pardoo;Pardoo;WA;---4----;AI;9912;;;
AU;PKE;Parkes;Parkes;NS;---4----;AI;9601;;;
AU;PDN;Parndana;Parndana;SA;---4----;AI;9912;;;
AU;PRM;Parramatta;Parramatta;NS;0-------;AC;9511;;;
AU;PHI;Peak Hill;Peak Hill;NS;--3-----;RL;0607;;3241S 14802E;
AU;PCE;Pearce;Pearce;WA;---4----;AC;9709;;;
AU;PEL;Pelican Point;Pelican Point;SA;123-----;AC;9511;;;
AU;PBE;Pemberton;Pemberton;WA;-23-----;RL;0607;;3427S 11602E;
AU;PEA;Penneshaw;Penneshaw;SA;---4----;AI;9601;;;
AU;PEY;Penong;Penong;SA;---4----;AI;9912;;;
AU;PRH;Penrith;Penrith;NS;--3-----;RL;0601;;3346S 15041E;
AU;PEP;Peppimenarti;Peppimenarti;NT;---4----;AI;9912;;;
AU;PER;Perth;Perth;WA;12345---;AC;0307;;3157S 11551E;
AU;PIA;Pialba;Pialba;QL;--3-----;RL;0607;;2518S 15250E;
AU;PDA;Pindar;Pindar;WA;-23-----;RL;0607;;2829S 11546E;
AU;PGY;Pingelly;Pingelly;WA;-23-----;RL;0607;;3232S 11705E;
AU;PJA;Pinjarra;Pinjarra;WA;-23-----;RL;0607;;3238S 11553E;
AU;PNA;Pinkenba;Pinkenba;QL;-23--6--;RL;0607;;2725S 15307E;
AU;PTO;Pittong;Pittong;VI;-23-----;RL;0701;;3740S 14329E;
AU;PHP;Point Henry Pier/Melbourne;Point Henry Pier/Melbourne;VI;12------;RL;0407;;3807S 14426E;
AU;PSM;Point Samson;Point Samson;WA;1-------;AC;9511;;;
AU;PWI;Point Wilson;Point Wilson;VI;1-------;AC;9511;;;
AU;PAE;Port Adelaide;Port Adelaide;SA;1-------;AC;9511;;;
AU;PTL;Port Alma;Port Alma;QL;1-------;AC;9511;;;
AU;PAU;Port Arthur;Port Arthur;TS;1-------;AC;9511;;;
AU;PUG;Port Augusta;Port Augusta;SA;1--4----;AC;9511;;;
AU;PBY;Port Bonython;Port Bonython;SA;1-------;AC;9511;;;
AU;PBT;Port Botany;Port Botany;NS;123-----;AC;9511;;;
AU;PCT;Port Curtis;Port Curtis;QL;1-------;AC;9511;;;
AU;PTD;Port Dalrymple;Port Dalrymple;QL;1-------;UR;9701;;;
AU;PDI;Port Denison;Port Denison;WA;1-3-----;RL;0607;;2916S 11456E;
AU;PTI;Port Douglas;Port Douglas;QL;1--4----;AC;9511;;;
AU;PGI;Port Giles;Port Giles;SA;1-------;AC;9511;;;
AU;PHE;Port Hedland;Port Hedland;WA;1--4----;AC;9511;;;
AU;PHJ;Port Hunter;Port Hunter;NS;---4----;AI;9912;;;
AU;PHU;Port Huon;Port Huon;TS;1-------;AC;9511;;;
AU;PJK;Port Jackson;Port Jackson;NS;1-3-----;AC;9511;;;
AU;PKT;Port Keats;Port Keats;NT;---4----;AI;9912;;;
AU;PKL;Port Kembla;Port Kembla;NS;1--4----;AC;9511;;;
AU;PLA;Port Latta;Port Latta;TS;1-------;AC;9511;;;
AU;PLO;Port Lincoln;Port Lincoln;SA;1--4----;AC;9511;;;
AU;PQQ;Port Macquarie;Port Macquarie;NS;1--4----;AC;9511;;;
AU;POR;Port Melbourne;Port Melbourne;VI;1-------;RL;0601;;3750S 14456E;
AU;PPI;Port Pirie;Port Pirie;SA;1--4----;AC;9511;;;
AU;PSY;Port Stanley;Port Stanley;TS;1-------;AC;9511;;;
AU;PST;Port Stanvac;Port Stanvac;SA;1-------;AC;9511;;;
AU;PTE;Port Stephens;Port Stephens;NS;---4----;AI;9912;;;
AU;PWL;Port Walcott;Port Walcott;WA;1-------;AC;9511;;;
AU;PWR;Port Warrender;Port Warrender;WA;1-------;AC;9511;;;
AU;PTJ;Portland;Portland;VI;1--4----;AC;9511;;;
AU;PSO;Preston;Preston;VI;-23-----;RL;0701;;3744S 14500E;
AU;PRC;Price;Price;SA;1-------;AC;9511;;;
AU;PRB;Proper Bay;Proper Bay;SA;1-------;AC;9511;;;
AU;PPP;Proserpine;Proserpine;QL;---4----;AI;9601;;;
AU;PVL;Pullen Vale;Pullen Vale;QL;--3-----;RL;0701;;2732S 15253E;
AU;QDI;Quairading;Quairading;WA;-23-----;RL;0607;;3201S 11724E;
AU;QBY;Queanbeyan;Queanbeyan;NS;-23-----;RL;0607;;3521S 14914E;
AU;UEE;Queenstown;Queenstown;TS;---4----;AI;9601;;;
AU;ULP;Quilpie;Quilpie;QL;---4----;AI;9601;;;
AU;UIR;Quirindi;Quirindi;NS;---4----;AI;9601;;;
AU;RAM;Ramingining;Ramingining;NT;---4----;AI;9601;;;
AU;RAB;Rapid Bay;Rapid Bay;SA;1-------;AC;9511;;;
AU;RAV;Ravensthorpe;Ravensthorpe;WA;--3-----;RL;0507;;3335S 12002E;
AU;RCE;Redcliffe;Redcliffe;WA;--3-----;RQ;0101;;;
AU;RYC;Reedy Creek;Reedy Creek;QL;--3--6--;RL;0601;;2806S 15324E;
AU;RYK;Regency Park;Regency Park;SA;-23-----;RL;0601;;3452S 13834E;
AU;RMK;Renmark;Renmark;SA;---4----;AI;9601;;;
AU;RES;Reservoir;Reservoir;VI;-23-----;RL;0701;;3743S 14500E;
AU;REV;Revesby;Revesby;NS;123-----;RL;0601;;3357S 15100E;
AU;RDS;Rhodes;Rhodes;NS;123-----;RL;0701;;3350S 15105E;
AU;RHA;Richlands;Richlands;QL;--3-----;RL;0701;;2735S 15257E;
AU;RCH;Richmond;Richmond;NS;---4----;AC;9709;;;More than one place with this name
AU;RCM;Richmond;Richmond;QL;1--4----;AC;9511;;;
AU;RHM;Richmond;Richmond;VI;-23--6--;RL;0501;;3750S 14500E;
AU;RMD;Richmond;Richmond;TS;--3-----;RL;0701;;4244S 14726E;
AU;RDN;Risdon;Risdon;TS;1-3-----;AC;9511;;;
AU;RVV;Riverina;Riverina;WA;--3-----;RL;0207;;2944S 12032E;
AU;OOD;Riverwood;Riverwood;NS;-23-----;RL;0501;;3357S 15103E;
AU;RTO;Robertson;Robertson;NS;--3-----;RL;0607;;3435S 15036E;
AU;ROH;Robinhood;Robinhood;QL;---4----;AI;9912;;;
AU;RRV;Robinson River;Robinson River;NT;---4----;AI;9912;;;
AU;RBC;Robinvale;Robinvale;VI;---4----;AI;9912;;;
AU;ROK;Rockhampton;Rockhampton;QL;1--4----;AC;9511;;;
AU;RDA;Rockhampton Downs;Rockhampton Downs;NT;---4----;AI;9912;;;
AU;RYP;Rocky Point;Rocky Point;WA;1-------;RQ;0401;;3330S 12359E;
AU;RBU;Roebourne;Roebourne;WA;1--4----;AC;9511;;;
AU;RKY;Rokeby;Rokeby;QL;---4----;AI;9912;;;
AU;RMA;Roma;Roma;QL;---4----;AI;9912;;;
AU;RPB;Roper Bar;Roper Bar;NT;---4----;AI;9912;;;
AU;RPV;Roper Valley;Roper Valley;NT;---4----;AI;9912;;;
AU;ROS;Rose Hill;Rose Hill;NS;--3-----;RL;0601;;3348S 15100E;
AU;RSB;Roseberth;Roseberth;QL;---4----;AI;9912;;;
AU;RBY;Rosebery/Sydney;Rosebery/Sydney;NS;--3-----;RL;0006;;;
AU;RLP;Rosella Plains;Rosella Plains;QL;---4----;AI;9912;;;
AU;RTS;Rottnest Island;Rottnest Island;WA;1--4----;AC;9511;;;
AU;RWE;Rowville;Rowville;VI;--3-----;RL;0601;;3755S 14514E;
AU;RHL;Roy Hill;Roy Hill;WA;---4----;AI;9912;;;
AU;RTP;Rutland Plains;Rutland Plains;QL;---4----;AI;9912;;;
AU;RYM;Rydalmere;Rydalmere;NS;--3-----;RL;0201;;3348S 15101E;
AU;SBR;Saibai Island;Saibai Island;QL;---4----;AI;9601;;;
AU;STM;Saint Marys;Saint Marys;NS;--3-----;RL;0401;;3347S 15047E;
AU;SMT;Saladin Marine Terminal;Saladin Marine Terminal;WA;1-------;AC;9511;;;
AU;SXE;Sale;Sale;VI;---4----;AI;9601;;;
AU;SBY;Salisbury/Brisbane;Salisbury/Brisbane;QL;--3-----;RL;0003;;;
AU;SRM;Sandringham;Sandringham;QL;---4----;AI;9912;;;
AU;NDS;Sandstone;Sandstone;WA;---4----;AI;9912;;;
AU;NSO;Scone;Scone;NS;---4----;AI;9601;;;
AU;SCY;Scoresby;Scoresby;VI;1-3-----;RL;0601;;3754S 14513E;
AU;SHB;Shark Bay;Shark Bay;WA;1-------;AC;9511;;;
AU;SWB;Shaw River;Shaw River;WA;---4----;AI;9912;;;
AU;SGP;Shay Gap;Shay Gap;WA;---4----;AI;9601;;;
AU;SHT;Shepparton;Shepparton;VI;-234----;AC;9511;;;
AU;JHQ;Shute Harbour;Shute Harbour;QL;---4----;AI;9912;;;
AU;SSP;Silver Plains;Silver Plains;QL;---4----;AI;9912;;;
AU;SIX;Singleton;Singleton;NS;---4----;AI;9912;;;
AU;SKA;Skardon River;Skardon River;QL;1-------;RL;0401;;1145S 14201E;
AU;SKV;Skua Venture (oil terminal);Skua Venture (oil terminal);NT;1-------;AC;9701;;;
AU;SHU;Smith Point;Smith Point;NT;---4----;AI;9912;;;
AU;SMD;Smithfield;Smithfield;NS;--3-----;RL;0207;;3350S 15055E;
AU;SIO;Smithton;Smithton;TS;---4----;AI;9601;;;
AU;SNB;Snake Bay;Snake Bay;NT;---4----;AI;9601;;;
AU;SOM;Somerton;Somerton;VI;-23--6--;RL;0607;;3739S 14455E;
AU;ZGL;South Galway;South Galway;QL;---4----;AI;9912;;;
AU;SGD;South Guilford;South Guilford;WA;--3-----;RL;0207;;3154S 11558E;
AU;SOI;South Molle Island;South Molle Island;QL;---4----;AI;9601;;;
AU;STR;South Trees;South Trees;QL;123-----;RL;0607;;2354S 15117E;
AU;SWR;South West Rocks;South West Rocks;NS;1-------;AC;9511;;;
AU;SWO;South Windsor;South Windsor;NS;-23--6--;RL;0607;;3337S 15048E;
AU;SQC;Southern Cross;Southern Cross;WA;---4----;AI;9912;;;
AU;SHQ;Southport;Southport;QL;---4----;AI;9912;;;
AU;SPO;Spreyton;Spreyton;TS;123--6--;RL;0601;;4113S 14621E;
AU;SPB;Spring Bay;Spring Bay;TS;1-------;AC;9511;;;
AU;SCG;Spring Creek;Spring Creek;QL;---4----;AI;9912;;;
AU;SHI;Spring Hill;Spring Hill;NS;-23-----;RL;0607;;3324S 14910E;
AU;KSV;Springvale;Springvale;QL;---4----;AI;9912;;;
AU;SGV;Springvale;Springvale;VI;-23-----;RL;0701;;3758S 14509E;
AU;ZVG;Springvale;Springvale;WA;---4----;AI;9601;;;
AU;SGO;St George;St George;QL;---4----;AI;9601;;;
AU;HLS;St Helens;St Helens;TS;---4----;AI;9912;;;
AU;SVM;St Paul's Mission;St Paul's Mission;QL;---4----;AI;9912;;;
AU;STP;St Peters;St Peters;NS;--3-----;RL;0207;;3355S 15111E;
AU;SFF;Stafford;Stafford;QL;-23-----;RL;0601;;2724S 15300E;
AU;STG;Stage Platform;Stage Platform;WA;1-------;AC;0501;;;
AU;STA;Stanley;Stanley;TS;1-------;AC;9511;;;
AU;SNH;Stanthorpe;Stanthorpe;QL;---4----;AI;9601;;;
AU;SPY;Stapylton;Stapylton;QL;--3-----;RL;0701;;2744S 15314E;
AU;SQP;Starcke;Starcke;QL;---4----;AI;9912;;;
AU;SWC;Stawell;Stawell;VI;---4----;AI;9912;;;
AU;STF;Stephen Island;Stephen Island;QL;---4----;AI;9912;;;
AU;SBI;Stockinbingal;Stockinbingal;NS;-23-----;RL;0607;;3430S 14753E;
AU;SRR;Stradbroke Island;Stradbroke Island;QL;---4----;AI;9912;;;
AU;SRN;Strahan;Strahan;TS;1--4----;AC;9511;;;
AU;SFI;Strathfield;Strathfield;NS;-23-----;RL;0607;;3352S 15106E;
AU;TFA;Strathfieldsaye;Strathfieldsaye;VI;--3-----;RL;0701;;3648S 14422E;
AU;STH;Strathmore;Strathmore;QL;---4----;AI;9912;;;
AU;KBY;Streaky Bay;Streaky Bay;SA;---4----;AI;9912;;;
AU;SSK;Sturt Creek;Sturt Creek;WA;---4----;AI;9912;;;
AU;SYU;Sue Island;Sue Island;QL;---4----;AI;9912;;;
AU;SUM;Summertown;Summertown;SA;--3-----;RL;0601;;3457S 13841E;
AU;SSE;Sunshine/Melbourne;Sunshine/Melbourne;VI;--3-----;RL;0201;;3747S 14449E;
AU;SFP;Surfers Paradise;Surfers Paradise;QL;---4----;AI;9912;;;
AU;SUH;Surry Hills;Surry Hills;NS;123-----;RL;0307;;3353S 15113E;
AU;SWH;Swan Hill;Swan Hill;VI;---4----;AI;9912;;;
AU;SYD;Sydney;Sydney;NS;12345---;AC;0307;;3351S 15112E;
AU;TBL;Tableland;Tableland;WA;---4----;AI;9912;;;
AU;TAM;Tambourine;Tambourine;QL;-23--6--;RL;0501;;2753S 15308E;
AU;TMW;Tamworth;Tamworth;NS;---4----;AI;9601;;;
AU;TWH;Tanawha;Tanawha;QL;--3-----;RQ;0201;;2643S 15302E;
AU;TXR;Tanbar;Tanbar;QL;---4----;AI;9912;;;
AU;TAN;Tangalooma;Tangalooma;QL;---4----;AI;9912;;;
AU;XTR;Tara;Tara;QL;---4----;AI;9912;;;
AU;TGO;Tarago;Tarago;NS;-23-----;RL;0607;;3504S 14939E;
AU;TAQ;Tarcoola;Tarcoola;SA;---4----;AI;9912;;;
AU;TRO;Taree;Taree;NS;---4----;AI;9601;;;
AU;XTO;Taroom;Taroom;QL;---4----;AI;9912;;;
AU;TEF;Telfer;Telfer;WA;---4----;AI;9912;;;
AU;TEM;Temora;Temora;NS;--34----;RL;9805;;;
AU;TCA;Tennant Creek;Tennant Creek;NT;---4----;AI;9601;;;
AU;TWN;Tewantin;Tewantin;QL;---4----;AI;9912;;;
AU;THG;Thangool;Thangool;QL;---4----;AI;9601;;;
AU;XTG;Thargomindah;Thargomindah;QL;---4----;AI;9912;;;
AU;ROC;The Rock;The Rock;NS;-23-----;RL;0607;;3516S 14707E;
AU;TDR;Theodore;Theodore;QL;---4----;AI;9912;;;
AU;THE;Thevenard;Thevenard;SA;1-------;AC;9511;;;
AU;CTH;Thevenard Island;Thevenard Island;WA;1-------;RL;0307;;2127S 11459E;
AU;THO;Thomastown;Thomastown;VI;--3-----;RL;0501;;3741S 14501E;
AU;TLA;Thornlands;Thornlands;QL;--3-----;RL;0701;;2733S 15316E;
AU;TIS;Thursday Island;Thursday Island;QL;1--4----;AC;9511;;;
AU;TYG;Thylungra;Thylungra;QL;---4----;AI;9912;;;
AU;TYB;Tibooburra;Tibooburra;NS;---4----;AI;9912;;;
AU;TBK;Timber Creek;Timber Creek;NT;---4----;AI;9912;;;
AU;TPT;Timber Point;Timber Point;;0-------;RQ;9811;;;
AU;TIN;Tindal;Tindal;NT;---4----;AC;9709;;;
AU;TYP;Tobermorey;Tobermorey;NT;---4----;AI;9912;;;
AU;TCW;Tocumwal;Tocumwal;NS;---4----;AI;9912;;;
AU;TPR;Tom Price;Tom Price;WA;---4----;AI;9912;;;
AU;TGY;Tomingley;Tomingley;NS;--3-----;RL;0607;;3235S 14813E;
AU;TOJ;Tongala;Tongala;VI;--3-----;RL;0501;;3615S 14457E;
AU;TDA;Toodyay;Toodyay;WA;-23-----;RL;0607;;3133S 11628E;
AU;TRD;Tooradin;Tooradin;VI;1-3-----;RL;0701;;3813S 14523E;
AU;TWB;Toowoomba;Toowoomba;QL;---4----;AC;8203;;;
AU;TBC;Toowoomba City;Toowoomba City;QL;-23-----;RL;0607;;2734S 15157E;
AU;TWP;Torwood;Torwood;QL;---4----;AI;9912;;;
AU;TOT;Tottenham;Tottenham;NS;-23-----;RL;0607;;3215S 14721E;
AU;TOB;Towford Bay;Towford Bay;;1-------;AC;8203;;;
AU;TSV;Townsville;Townsville;QL;1--4----;AI;9601;;;
AU;TGN;Traralgon;Traralgon;VI;---4----;AI;9912;;;
AU;TRB;Trial Bay;Trial Bay;NS;1-------;AC;9511;;;
AU;TUV;Tuerong;Tuerong;VI;--3-----;RL;0601;;3818S 14506E;
AU;TME;Tullamarine;Tullamarine;VI;--3-----;RQ;9806;;;
AU;TGE;Tullibigeal;Tullibigeal;NS;-23-----;RL;0607;;3326S 14643E;
AU;TBB;Tumbarumba;Tumbarumba;NS;-23-----;RL;0607;;3547S 14801E;
AU;TUM;Tumut;Tumut;NS;---4----;AI;9601;;;
AU;TKY;Turkey Creek;Turkey Creek;WA;---4----;AI;9912;;;
AU;THS;Tweed Heads South;Tweed Heads South;NS;1-3--6--;RL;0607;;2812S 15332E;
AU;ULA;Ulladulla;Ulladulla;NS;1-------;RL;0106;;3521S 15025E;
AU;ULV;Ulverstone;Ulverstone;TS;0-------;AC;9511;;;
AU;UDA;Undarra;Undarra;QL;---4----;AI;9912;;;
AU;UGI;Ungarie;Ungarie;NS;-23-----;RL;0607;;3339S 14658E;
AU;UNA;Urana;Urana;NS;-23-----;RL;0607;;3520S 14615E;
AU;URN;Urangan;Urangan;QL;1-------;AC;9511;;;
AU;USL;Useless Loop;Useless Loop;WA;1-------;AC;9511;;;
AU;VNR;Vanrook;Vanrook;QL;---4----;AI;9912;;;
AU;VAR;Varanus Island;Varanus Island;WA;1-------;AC;9511;;;
AU;VCD;Victoria River Downs;Victoria River Downs;NT;---4----;AI;9601;;;
AU;VIW;Villawood/Sydney;Villawood/Sydney;NS;--3-----;RL;0201;;3353S 15057E;
AU;VRG;Virginia;Virginia;SA;-23-----;RL;0601;;3440S 13833E;
AU;WCL;Wacol;Wacol;QL;--3-----;RQ;9806;;;
AU;WGA;Wagga Wagga;Wagga Wagga;NS;---4----;AI;9601;;;
AU;WGI;Wagin;Wagin;WA;-23-----;RL;0607;;3319S 11720E;
AU;WKY;Wakerley;Wakerley;QL;--3-----;RL;0607;;2728S 15309E;
AU;WLC;Walcha;Walcha;NS;---4----;AI;9912;;;
AU;WGE;Walgett;Walgett;NS;---4----;AI;9601;;;
AU;WLA;Wallal;Wallal;WA;---4----;AI;9912;;;
AU;WLG;Wallangarra;Wallangarra;QL;-23-----;UR;9701;;;
AU;WAL;Wallaroo;Wallaroo;SA;1-------;AC;9511;;;
AU;WDB;Wallendbeen;Wallendbeen;NS;-23-----;RL;0607;;3432S 14810E;
AU;WLS;Wallis;Wallis;;-23-----;RQ;9705;;;
AU;WPO;Walpole;Walpole;WA;--3-----;RL;0607;;3459S 11644E;
AU;WAD;Wandandian;Wandandian;NS;--3-----;RL;0607;;3506S 15030E;
AU;WNT;Wandoo Terminal;Wandoo Terminal;WA;1-------;AC;0501;;;
AU;WGR;Wangara;Wangara;WA;--3--6--;RL;0601;;3147S 11549E;
AU;WGT;Wangaratta;Wangaratta;VI;---4----;AI;9912;;;
AU;WTS;Wantirna South;Wantirna South;VI;--3-----;RL;0701;;3753S 14515E;
AU;WAB;Warabrook;Warabrook;NS;-23--6--;RL;0607;;3253S 15142E;
AU;WSN;Warners Bay;Warners Bay;NS;1-3-----;RL;0601;;3258S 15139E;
AU;WKB;Warracknabeal;Warracknabeal;VI;---4----;AI;9912;;;
AU;WRW;Warrawagine;Warrawagine;WA;---4----;AI;9912;;;
AU;WMB;Warrnambool;Warrnambool;VI;1--4----;AC;9511;;;
AU;WAZ;Warwick;Warwick;QL;1--4----;AC;9511;;;
AU;WLO;Waterloo;Waterloo;NT;---4----;AI;9912;;;
AU;WAU;Wauchope;Wauchope;NS;---4----;AI;9912;;;
AU;WAV;Wave Hill;Wave Hill;NT;---4----;AI;9601;;;
AU;WAN;Waverney;Waverney;QL;---4----;AI;9912;;;
AU;WEW;Wee Waa;Wee Waa;NS;---4----;AI;9912;;;
AU;WEI;Weipa;Weipa;QL;1--4----;AC;9511;;;
AU;QEL;Wellington;Wellington;NS;--3-----;RL;0201;;3234S 14857E;
AU;WEL;Welshpool;Welshpool;WA;--3--6--;RL;0501;;3159S 11556E;
AU;WHL;Welshpool;Welshpool;VI;1-34----;AC;0401;;3840S 14626E;
AU;WRB;Werribee;Werribee;VI;123-----;RL;0601;;3754S 14439E;
AU;WFO;West Footscray;West Footscray;VI;-23-----;RL;0501;;3748S 14452E;
AU;WMU;West Melbourne;West Melbourne;VI;-23-----;RL;0701;;3749S 14457E;
AU;WWY;West Wyalong;West Wyalong;NS;---4----;AI;9601;;;
AU;WEP;Westernport;Westernport;VI;1-------;AC;9511;;;
AU;WEH;Wetherhill;Wetherhill;NS;--3-----;RQ;0101;;;
AU;WPA;Wetherill Park;Wetherill Park;NS;-2---6--;RL;0607;;3351S 15053E;
AU;WTO;Whitton;Whitton;NS;-23-----;RL;0607;;3431S 14611E;
AU;WYA;Whyalla;Whyalla;SA;1--4----;AC;9511;;;
AU;WAM;Wickham;Wickham;NS;--3-----;RL;0701;;3255S 15146E;
AU;WIO;Wilcannia;Wilcannia;NS;---4----;AI;9912;;;
AU;WLI;Williams;Williams;WA;-23-----;RL;0607;;3302S 11653E;
AU;WLM;Williamtown;Williamtown;NS;---4----;AC;9701;;;
AU;WBY;Willoughby;Willoughby;NS;--3-----;RQ;9806;;;
AU;WVA;Willowdale;Willowdale;NS;--3-----;RL;0607;;3031S 15012E;
AU;WUN;Wiluna;Wiluna;WA;---4----;AI;9601;;;
AU;WND;Windarra;Windarra;WA;---4----;AI;9912;;;
AU;WNR;Windorah;Windorah;QL;---4----;AI;9601;;;
AU;WSO;Windsor;Windsor;NS;-23-----;RL;0501;;3337S 15049E;
AU;WNN;Winnellie;Winnellie;NT;-23--6--;RL;0607;;1226S 13053E;
AU;WHI;Winston Hills;Winston Hills;NS;--3-----;RL;0607;;3346S 15059E;
AU;WIN;Winton;Winton;QL;---4----;AI;9601;;;
AU;WNB;Withnell Bay;Withnell Bay;WA;1-3-----;RL;0307;;2035S 11647E;
AU;WIT;Wittenoom;Wittenoom;WA;--34----;AC;0307;;2213S 11843E;
AU;WOD;Wodonga;Wodonga;VI;0-------;AC;9511;;;
AU;WLL;Wollogorang;Wollogorang;QL;---4----;AI;9601;;;
AU;WLR;Wollongbar;Wollongbar;NS;--3-----;RL;0607;;2849S 15324E;
AU;WOL;Wollongong;Wollongong;NS;---4----;AI;9601;;;
AU;WUA;Wolumla;Wolumla;NS;--3-----;RL;0607;;3650S 14949E;
AU;WDI;Wondai;Wondai;QL;---4----;AI;9912;;;
AU;WDG;Wondalga;Wondalga;NS;-23-----;RL;0607;;3425S 14810E;
AU;WON;Wondoola;Wondoola;QL;---4----;AI;9912;;;
AU;WOT;Wonthaggi;Wonthaggi;VI;1-------;AC;9511;;;
AU;WOG;Woodgreen;Woodgreen;NT;---4----;AI;9912;;;
AU;WWI;Woodie Woodie;Woodie Woodie;WA;---4----;AI;9912;;;
AU;WDV;Woodville;Woodville;SA;-23-----;RL;0701;;3453S 13832E;
AU;WGB;Woolloongabba;Woolloongabba;QL;--3-----;RQ;0507;;2729S 15302E;
AU;WBT;Woollybutt (Oil facility);Woollybutt (Oil facility);WA;1-----7-;RQ;0407;;2103S 11452E;
AU;UMR;Woomera;Woomera;SA;---4----;AC;9801;;;
AU;WPK;Wrotham Park;Wrotham Park;QL;---4----;AI;9912;;;
AU;WUD;Wudinna;Wudinna;SA;---4----;AI;9601;;;
AU;WKM;Wyalkatchem;Wyalkatchem;WA;-23-----;RL;0607;;3111S 11722E;
AU;WYL;Wyalong;Wyalong;NS;-23-----;RL;0607;;3356S 14715E;
AU;WYE;Wyee;Wyee;NS;-23-----;RL;0701;;3311S 15129E;
AU;WYD;Wyndham;Wyndham;NS;--3-----;RL;0201;;3655S 14938E;
AU;WYN;Wyndham;Wyndham;WA;1--4----;AC;9511;;;
AU;WNY;Wynyard;Wynyard;TS;---4----;AC;8203;;;
AU;WYO;Wyong;Wyong;NS;-23-----;RL;0607;;3317S 15125E;
AU;YAN;Yagoona;Yagoona;NS;--3--6--;RL;0501;;3354S 15101E;
AU;KYI;Yalata Mission;Yalata Mission;SA;---4----;AI;9912;;;
AU;YLG;Yalgoo;Yalgoo;WA;---4----;AI;9912;;;
AU;YGU;Yallingup;Yallingup;WA;--3-----;RL;0607;;3339S 11502E;
AU;XMY;Yam Island;Yam Island;QL;---4----;AI;9912;;;
AU;YBA;Yamba;Yamba;NS;1-------;RQ;9801;;;
AU;YAM;Yampi;Yampi;WA;1-------;AC;9511;;;
AU;KYB;Yangoonabie;Yangoonabie;SA;---4----;AI;9912;;;
AU;YLO;Yarloop;Yarloop;WA;-23-----;RL;0607;;3258S 11553E;
AU;YAR;Yarra Glen;Yarra Glen;VI;--3-----;RL;0201;;3738S 14522E;
AU;YRV;Yarraville/Melbourne;Yarraville/Melbourne;VI;-23-----;RL;0106;;3749S 14453E;
AU;YWO;Yarrawonga;Yarrawonga;NS;--3-----;RL;0607;;3222S 14939E;
AU;YSS;Yass;Yass;NS;-23-----;RL;0607;;3450S 14854E;
AU;YTL;Yatala;Yatala;QL;--3-----;RL;0701;;2743S 15313E;
AU;KYF;Yeelirrie;Yeelirrie;WA;---4----;AI;9912;;;
AU;YDA;Yenda;Yenda;NS;-23-----;RL;0607;;3416S 14611E;
AU;YRG;Yering;Yering;VI;-23-----;RL;0607;;3742S 14522E;
AU;YOR;York;York;WA;-23-----;RL;0607;;3153S 11646E;
AU;OKR;Yorke Island;Yorke Island;QL;---4----;AI;9601;;;
AU;ORR;Yorketown;Yorketown;SA;---4----;AI;9912;;;
AU;NGA;Young;Young;NS;---4----;AI;9601;;;
AU;YUE;Yuendumu;Yuendumu;NT;---4----;AI;9601;;;
